"Date ","Symbol ","Security Name ","Quantity "
"01-APR-2026","360ONE","360 ONE WAM LIMITED","500"
"01-APR-2026","AARTIIND","AARTI INDUSTRIES LTD","500"
"01-APR-2026","ABB","ABB LTD.","1"
"01-APR-2026","ABFRL","ADITYA BIRLA FASHION & RT","1,512"
"01-APR-2026","ADANIENT","ADANI ENTERPRISES LIMITED","535"
"01-APR-2026","ADANIGREEN","ADANI GREEN ENERGY LTD","6,987"
"01-APR-2026","ADANIPORTS","ADANI PORT & SEZ LTD","1,012"
"01-APR-2026","ADANIPOWER","ADANI POWER LTD","1,813"
"01-APR-2026","AIIL","AUTHUM INVEST & INFRA LTD","1"
"01-APR-2026","ALKEM","ALKEM LABORATORIES LTD.","250"
"01-APR-2026","ANGELONE","ANGEL ONE LTD","2,600"
"01-APR-2026","APARINDS","APAR INDUSTRIES LTD.","6"
"01-APR-2026","APLAPOLLO","APL APOLLO TUBES LTD","350"
"01-APR-2026","APOLLO","APOLLO MICRO SYSTEMS LTD","200"
"01-APR-2026","APOLLOHOSP","APOLLO HOSPITALS ENTERPRISE LIMITED","2"
"01-APR-2026","ARVIND","ARVIND LIMITED","100"
"01-APR-2026","ASHOKLEY","ASHOK LEYLAND LTD","673"
"01-APR-2026","ASIANPAINT","ASIAN PAINTS LIMITED","3"
"01-APR-2026","ASTRAL","ASTRAL POLY TECHNIK LIMITED","1,711"
"01-APR-2026","ATGL","ADANI TOTAL GAS LIMITED","900"
"01-APR-2026","AUBANK","AU SMALL FINANCE BANK LIMITED","100"
"01-APR-2026","AUROPHARMA","AUROBINDO PHARMA LTD","1,525"
"01-APR-2026","BAJAJHIND","BAJAJ HINDUSTAN LTD","500"
"01-APR-2026","BAJAJHLDNG","BAJAJ HOLDINGS & INVS LTD","1"
"01-APR-2026","BAJFINANCE","BAJAJ FINANCE LIMITED","61"
"01-APR-2026","BALUFORGE","BALU FORGE INDUSTRIES LTD","220"
"01-APR-2026","BANDHANBNK","BANDHAN BANK LIMITED","2,573"
"01-APR-2026","BANKBARODA","BANK OF BARODA","418"
"01-APR-2026","BANKINDIA","BANK OF INDIA","65"
"01-APR-2026","BAYERCROP","BAYER CROPSCIENCE LTD    ","50"
"01-APR-2026","BBETF0432","EDELAMC - BBETF0432","46"
"01-APR-2026","BDL","BHARAT DYNAMICS LIMITED","1,111"
"01-APR-2026","BEL","BHARAT ELECTRONICS LTD","2,012"
"01-APR-2026","BELRISE","BELRISE INDUSTRIES LTD","200"
"01-APR-2026","BEML","BEML LIMITED","1"
"01-APR-2026","BHARATFORG","BHARAT FORGE LTD","1,000"
"01-APR-2026","BHEL","BHEL","340"
"01-APR-2026","BLS","BLS INTL SERVS LTD","108"
"01-APR-2026","BOSCHLTD","BOSCH LIMITED","1"
"01-APR-2026","BSE","BSE LIMITED","1,271"
"01-APR-2026","CAMLINFINE","CAMLIN FINE SCIENCES LTD ","500"
"01-APR-2026","CAMS","COMPUTER AGE MGMT SER LTD","75"
"01-APR-2026","CANBK","CANARA BANK","4,453"
"01-APR-2026","CCAVENUE","AVENUESAI LIMITED","93"
"01-APR-2026","CDSL","CENTRAL DEPOSITORY SERVICES (INDIA) LIMITED","1,017"
"01-APR-2026","CHOLAFIN","CHOLAMANDALAM IN & FIN CO","4,378"
"01-APR-2026","CIPLA","CIPLA LTD","2,625"
"01-APR-2026","COALINDIA","COALINDIA","515"
"01-APR-2026","COCHINSHIP","COCHIN SHIPYARD LIMITED","65"
"01-APR-2026","COFORGE","COFORGE LIMITED","500"
"01-APR-2026","COLPAL","COLGATE PALMOLIVE LTD.","4"
"01-APR-2026","CONCOR","CONTAINER CORP OF IND LTD","1,250"
"01-APR-2026","CROMPTON","CROMPT GREA CON ELEC LTD  ","192"
"01-APR-2026","CUMMINSIND","CUMMINS INDIA LTD","2,400"
"01-APR-2026","DALBHARAT","DALMIA BHARAT LIMITED","2,600"
"01-APR-2026","DATAPATTNS","DATA PATTERNS INDIA LTD","515"
"01-APR-2026","DCAL","DISHMAN CARBO AMCIS LTD","100"
"01-APR-2026","DEEPAKFERT","DEEPAK FERTILIZERS AND PETROCHEMICALS CORPORATION LIMITED","200"
"01-APR-2026","DELHIVERY","DELHIVERY LIMITED","1"
"01-APR-2026","DEVYANI","DEVYANI INTERNATIONAL LTD","200"
"01-APR-2026","DIVISLAB","DIVI'S LABORATORIES LTD","1"
"01-APR-2026","DIXON","DIXON TECHNO (INDIA) LTD","247"
"01-APR-2026","DMART","AVENUE SUPERMARTS LIMITED","11"
"01-APR-2026","DRREDDY","DR. REDDY'S LABORATORIES","3,125"
"01-APR-2026","EASEMYTRIP","EASY TRIP PLANNERS LTD","3,12,281"
"01-APR-2026","EICHERMOT","EICHER MOTORS LIMITED","700"
"01-APR-2026","EMCURE","EMCURE PHARMACEUTICALS L","50"
"01-APR-2026","ENGINERSIN","ENGINEERS INDIA LTD","200"
"01-APR-2026","EPL","EPL","1,050"
"01-APR-2026","ETERNAL","ETERNAL LIMITED","100"
"01-APR-2026","FACT","FACT LTD","500"
"01-APR-2026","FIRSTCRY","BRAINBEES SOLUTIONS LTD","3,416"
"01-APR-2026","FLUOROCHEM","FLUOROCHEM","10"
"01-APR-2026","FORCEMOT","FORCE MOTORS LIMITED","30"
"01-APR-2026","GAIL","GAIL (INDIA) LTD","6,492"
"01-APR-2026","GANECOS","GANESHA ECOSPHERE LIMITED","56,203"
"01-APR-2026","GLENMARK","GLENMARK PHARMACEUTICALS LIMITED","750"
"01-APR-2026","GMRAIRPORT","GMR AIRPORTS LIMITED","2,225"
"01-APR-2026","GMRP&UI","GMR POW AND URBAN INFRA L","100"
"01-APR-2026","GODREJIND","GODREJ INDUSTRIES LTD","50"
"01-APR-2026","GODREJPROP","GODREJ PROPERTIES LTD","50"
"01-APR-2026","GOKEX","GOKALDAS EXPORTS LTD.","35"
"01-APR-2026","GOKULAGRO","GOKUL AGRO RESOURCES LTD","1,050"
"01-APR-2026","GPIL","GPIL","1,000"
"01-APR-2026","GRAPHITE","GRAPHITE INDIA LIMITED","30"
"01-APR-2026","GRASIM","GRASIM INDUSTRIES LTD","750"
"01-APR-2026","GROWW","BILLIONBRAINS GARAGE VN L","1,008"
"01-APR-2026","GRSE","GARDEN REACH SHIP&ENG LTD","2,052"
"01-APR-2026","GRWRHITECH","GARWARE HI-TECH FILMS LTD","100"
"01-APR-2026","GTLINFRA","GTL INFRA.LTD","4,102"
"01-APR-2026","HAL","HINDUSTAN AERONAUTICS LTD","84"
"01-APR-2026","HAVELLS","HAVELLS INDIA LIMITED","1,000"
"01-APR-2026","HDFCAMC","HDFC AMC LIMITED","1,005"
"01-APR-2026","HDFCBANK","HDFC BANK LTD","8"
"01-APR-2026","HFCL","HIMACHAL FUTURISTIC COMMUNICATIONS LIMITED","3,000"
"01-APR-2026","HINDALCO","HINDALCO  INDUSTRIES  LTD","743"
"01-APR-2026","HINDCOPPER","HINDUSTAN COPPER LIMITED","704"
"01-APR-2026","HINDZINC","HINDUSTAN ZINC LIMITED","680"
"01-APR-2026","HIRECT","HIND RECTIFIER LIMITED","5"
"01-APR-2026","HUBTOWN","HUBTOWN LIMITED","1,000"
"01-APR-2026","HUDCO","HOUSING & URBAN DEVELOPMENT CORPORATION LIMITED","300"
"01-APR-2026","HYUNDAI","HYUNDAI MOTOR INDIA LTD","4"
"01-APR-2026","IDBI","IDBI Bank Limited","2,67,514"
"01-APR-2026","IDEA","IDEA CELLULAR LIMITED","4,14,06,084"
"01-APR-2026","IDFCFIRSTB","IDFC FIRST BANK LIMI","2,205"
"01-APR-2026","IEX","INDIAN ENERGY EXCHANGE LIMITED","50"
"01-APR-2026","IFCI","IFCI LTD","100"
"01-APR-2026","INDHOTEL","THE INDIAN HOTELS CO. LTD","25"
"01-APR-2026","INDIANB","INDIAN BANK","61"
"01-APR-2026","INDIGO","INTERGLOBE AVIATION LTD  ","251"
"01-APR-2026","INDUSINDBK","INDUSIND BANK LIMITED","9"
"01-APR-2026","INFY","INFOSYS TECHNOLOGIES LTD","3"
"01-APR-2026","INOXWIND","INOX WIND LIMITED        ","5,100"
"01-APR-2026","IOC","INDIAN OIL CORP LTD","1,000"
"01-APR-2026","IRFC","IRFC","18,250"
"01-APR-2026","ITC","ITC LTD","1,600"
"01-APR-2026","ITCHOTELS","ITC HOTELS LIMITED","169"
"01-APR-2026","JAYNECOIND","JAYASWAL NECO INDUSTR LTD","1,000"
"01-APR-2026","JIOFIN","JIO FIN SERVICES LTD","14,200"
"01-APR-2026","JSWENERGY","JSW ENERGY LIMITED","93"
"01-APR-2026","JSWSTEEL","JSW STEEL LIMITED","100"
"01-APR-2026","JYOTICNC","JYOTI CNC AUTOMATION LTD","600"
"01-APR-2026","KAYNES","KAYNES TECHNOLOGY IND LTD","460"
"01-APR-2026","KEI","KEI INDUSTRIES LTD.      ","3"
"01-APR-2026","KOTAKBANK","KOTAK MAHINDRA BANK LTD","196"
"01-APR-2026","KPITTECH","KPIT TECHNOLOGIES LTD","10"
"01-APR-2026","KTKBANK","KARNATAKA BANK LIMITED","3,530"
"01-APR-2026","LEMONTREE","LEMON TREE HOTELS LTD","500"
"01-APR-2026","LGEINDIA","LG ELECTRONICS INDIA LTD","30"
"01-APR-2026","LICHSGFIN","LIC HOUSING FINANCE LTD","2,000"
"01-APR-2026","LICI","LIFE INSURA CORP OF INDIA","34"
"01-APR-2026","LT","LARSEN & TOUBRO LTD.","1,262"
"01-APR-2026","LTF","L&T FINANCE LIMITED","4,500"
"01-APR-2026","LTM","LTIMINDTREE LIMITED","151"
"01-APR-2026","LUPIN","LUPIN LIMITED","25"
"01-APR-2026","M&M","MAHINDRA & MAHINDRA LTD","215"
"01-APR-2026","MAHABANK","MAHABANK","1,000"
"01-APR-2026","MAHKTECH","MIRAEAMC - MAHKTECH","2,790"
"01-APR-2026","MARUTI","MARUTI SUZUKI INDIA LTD.","460"
"01-APR-2026","MAZDOCK","MAZAGON DOCK SHIPBUIL LTD","161"
"01-APR-2026","MCX","MULTI COMMODITY EXCHANGE OF INDIA LIMITED","10,725"
"01-APR-2026","MOTHERSON","SAMVRDHNA MTHRSN INT","10"
"01-APR-2026","MOTILALOFS","MOTILAL OSWAL FIN LTD   ","154"
"01-APR-2026","MTARTECH","MTAR TECHNOLOGIES LIMITED","3"
"01-APR-2026","NAM-INDIA","NIPPON L I A M LTD","100"
"01-APR-2026","NATCOPHARM","NATCO PHARMA LIMITED","100"
"01-APR-2026","NATIONALUM","NATIONAL ALUMINIUM CO LTD","44,000"
"01-APR-2026","NBCC","NATIONAL BUILDINGS LTD   ","100"
"01-APR-2026","NESTLEIND","NESTLE INDIA LIMITED","10,500"
"01-APR-2026","NEWGEN","NEWGEN","500"
"01-APR-2026","NHPC","NHPC LTD","19,700"
"01-APR-2026","NIF100IETF","ICICI PRUD NIFTY 100 ET","17"
"01-APR-2026","NMDC","NMDC LTD.","557"
"01-APR-2026","NTPC","NTPC LTD","10"
"01-APR-2026","NTPCGREEN","NTPC GREEN ENERGY LIMITED","305"
"01-APR-2026","NUVOCO","NUVOCO VISTAS CORP LTD","20"
"01-APR-2026","OBEROIRLTY","OBEROI REALTY LIMITED","1,050"
"01-APR-2026","OIL","OIL INDIA LTD","100"
"01-APR-2026","OLAELEC","OLA ELECTRIC MOBILITY LTD","8,500"
"01-APR-2026","OLECTRA","OLECTRA GREENTECH LIMITED","250"
"01-APR-2026","ONGC","OIL AND NATURAL GAS CORP.","27,471"
"01-APR-2026","PARAS","PARAS DEF AND SPCE TECH L","100"
"01-APR-2026","PATANJALI","PATANJALI FOODS LIMITED","51"
"01-APR-2026","PAYTM","ONE 97 COMMUNICATIONS LTD","6,695"
"01-APR-2026","PERSISTENT","PERSISTENT SYSTEMS LTD","5,900"
"01-APR-2026","PFC","POWER FIN CORP LTD.","14,330"
"01-APR-2026","PGEL","PG ELECTROPLAST LTD","8,570"
"01-APR-2026","PIIND","PI INDUSTRIES LTD        ","15"
"01-APR-2026","PNB","PUNJAB NATIONAL BANK","4,237"
"01-APR-2026","POLYCAB","POLYCAB INDIA LIMITED","4"
"01-APR-2026","POWERGRID","POWER GRID CORP. LTD.","7,600"
"01-APR-2026","POWERINDIA","ABB POWER PRO N SYS IND L","80"
"01-APR-2026","PPLPHARMA","PIRAMAL PHARMA LIMITED","5,650"
"01-APR-2026","PROTEAN","PROTEAN EGOV TECHNO LTD","500"
"01-APR-2026","QPOWER","QUALITY POWER ELEC EQUP L","7"
"01-APR-2026","RAYMOND","RAYMOND LIMITED","4"
"01-APR-2026","RELIANCE","RELIANCE INDUSTRIES LTD","13,390"
"01-APR-2026","REPCOHOME","REPCO HOME FINANCE LTD   ","100"
"01-APR-2026","RTNPOWER","RATTANINDIA POWER LIMITED","150"
"01-APR-2026","RVNL","RVNL","100"
"01-APR-2026","SAIL","STEEL AUTHORITY OF INDIA","9,19,300"
"01-APR-2026","SBIN","STATE BANK OF INDIA","19,534"
"01-APR-2026","SHILPAMED","SHILPA MEDICARE LTD","49"
"01-APR-2026","SHRIRAMFIN","SHRIRAM FINANCE LIMITED","25"
"01-APR-2026","SJVN","SJVN","1,000"
"01-APR-2026","SKIPPER","SKIPPER LIMITED","300"
"01-APR-2026","SMLMAH","SML Mahindra Limited","22"
"01-APR-2026","SOLARINDS","SOLAR INDUSTRIES (I) LTD","34"
"01-APR-2026","SONACOMS","SONA BLW PRECISION FRGS L","29"
"01-APR-2026","SPLPETRO","SUPREME PETROCHEM LIMITED","50"
"01-APR-2026","SRF","SRF LTD","20"
"01-APR-2026","STLTECH","STERLITE TECHNOLOGIES","150"
"01-APR-2026","SUNPHARMA","SUN PHARMACEUTICALS IND.","100"
"01-APR-2026","SUPRIYA","SUPRIYA LIFESCIENCE LTD","6"
"01-APR-2026","SUZLON","SUZLON ENERGY LIMITED","3,584"
"01-APR-2026","SWIGGY","SWIGGY LIMITED","300"
"01-APR-2026","SWSOLAR","STERLING & WILSON SO LTD","100"
"01-APR-2026","TATACONSUM","TATA CONSUMER PRODUCT","1,100"
"01-APR-2026","TATAELXSI","TATA ELXSI LIMITED       ","52"
"01-APR-2026","TATAINVEST","TATA INVESTMENT CORPORATION LIMITED","6"
"01-APR-2026","TATASTEEL","TATA STEEL LIMITED","55,875"
"01-APR-2026","TATATECH","TATA TECHNOLOGIES LIMITED","45"
"01-APR-2026","TCS","TATA CONSULTANCY SERV LT","33"
"01-APR-2026","TECHNOE","TECHNOE","50"
"01-APR-2026","TENNIND","TENNECO CLEAN AIR INDIA L","1"
"01-APR-2026","TITAN","TITAN INDUSTRIES LTD","100"
"01-APR-2026","TMPV","TATA MOTORS PASS VEH LTD","361"
"01-APR-2026","UNIONBANK","UNION BANK OF INDIA","500"
"01-APR-2026","UNITDSPR","UNITED SPIRITS LIMITED","3,200"
"01-APR-2026","UPL","UPL LIMITED","22"
"01-APR-2026","URBANCO","URBAN COMPANY LIMITED","30"
"01-APR-2026","VEDL","VEDANTA LIMITED","92"
"01-APR-2026","VOLTAMP","VOLTAMP TRANSFORMERS LTD","2"
"01-APR-2026","WAAREEENER","WAAREE ENERGIES LIMITED","5"
"01-APR-2026","WEBELSOLAR","WEBSOL ENERGY SYSTEM LTD","75,175"
"01-APR-2026","WIPRO","WIPRO LTD","6,006"
"01-APR-2026","YESBANK","YES BANK LIMITED","13,461"
"01-APR-2026","ZAGGLE","ZAGGLE PREPA OCEAN SER L","1,626"
"01-APR-2026","ZEEL","ZEE ENTERTAINMENT ENT LTD","501"
"02-APR-2026","ABB","ABB LTD.","71"
"02-APR-2026","ADANIENSOL","ADANI ENERGY SOLUTION LTD","2,700"
"02-APR-2026","ADANIENT","ADANI ENTERPRISES LIMITED","333"
"02-APR-2026","ADANIGREEN","ADANI GREEN ENERGY LTD","60"
"02-APR-2026","ADANIPOWER","ADANI POWER LTD","750"
"02-APR-2026","ANGELONE","ANGEL ONE LTD","43"
"02-APR-2026","APLAPOLLO","APL APOLLO TUBES LTD","2,800"
"02-APR-2026","APOLLOHOSP","APOLLO HOSPITALS ENTERPRISE LIMITED","250"
"02-APR-2026","ASHOKLEY","ASHOK LEYLAND LTD","79,875"
"02-APR-2026","AUBANK","AU SMALL FINANCE BANK LIMITED","5,000"
"02-APR-2026","AUROPHARMA","AUROBINDO PHARMA LTD","25"
"02-APR-2026","AWL","ADANI WILMAR LIMITED","276"
"02-APR-2026","AXISBANK","AXIS BANK LIMITED","1,337"
"02-APR-2026","BAJAJ-AUTO","BAJAJ AUTO LIMITED","464"
"02-APR-2026","BAJAJFINSV","BAJAJ FINSERV LIMITED","750"
"02-APR-2026","BAJAJHLDNG","BAJAJ HOLDINGS & INVS LTD","400"
"02-APR-2026","BAJFINANCE","BAJAJ FINANCE LIMITED","392"
"02-APR-2026","BALUFORGE","BALU FORGE INDUSTRIES LTD","196"
"02-APR-2026","BANKINDIA","BANK OF INDIA","52,219"
"02-APR-2026","BATAINDIA","BATA INDIA LTD","70"
"02-APR-2026","BAYERCROP","BAYER CROPSCIENCE LTD    ","5"
"02-APR-2026","BDL","BHARAT DYNAMICS LIMITED","67"
"02-APR-2026","BECTORFOOD","MRS BECTORS FOOD SPE LTD","150"
"02-APR-2026","BEL","BHARAT ELECTRONICS LTD","10,754"
"02-APR-2026","BHARATFORG","BHARAT FORGE LTD","60"
"02-APR-2026","BHARTIARTL","BHARTI AIRTEL LIMITED","1,904"
"02-APR-2026","BHEL","BHEL","13,125"
"02-APR-2026","BIOCON","BIOCON LIMITED.","10,811"
"02-APR-2026","BOMDYEING","BOMBAY DYEING & MFG. CO L","75"
"02-APR-2026","BOSCHLTD","BOSCH LIMITED","141"
"02-APR-2026","BPCL","BHARAT PETROLEUM CORP  LT","502"
"02-APR-2026","BRITANNIA","BRITANNIA INDUSTRIES LIMITED","125"
"02-APR-2026","BSE","BSE LIMITED","294"
"02-APR-2026","CAMS","COMPUTER AGE MGMT SER LTD","750"
"02-APR-2026","CANBK","CANARA BANK","13,500"
"02-APR-2026","CDSL","CENTRAL DEPOSITORY SERVICES (INDIA) LIMITED","8"
"02-APR-2026","CHOLAFIN","CHOLAMANDALAM IN & FIN CO","6"
"02-APR-2026","COALINDIA","COALINDIA","1,032"
"02-APR-2026","COCHINSHIP","COCHIN SHIPYARD LIMITED","1,605"
"02-APR-2026","COFORGE","COFORGE LIMITED","2,207"
"02-APR-2026","COLPAL","COLGATE PALMOLIVE LTD.","2,255"
"02-APR-2026","DABUR","DABUR INDIA LTD","2,500"
"02-APR-2026","DATAPATTNS","DATA PATTERNS INDIA LTD","45"
"02-APR-2026","DELHIVERY","DELHIVERY LIMITED","10,375"
"02-APR-2026","DLF","DLF LIMITED","13,005"
"02-APR-2026","DMART","AVENUE SUPERMARTS LIMITED","283"
"02-APR-2026","DRREDDY","DR. REDDY'S LABORATORIES","6"
"02-APR-2026","EASEMYTRIP","EASY TRIP PLANNERS LTD","1,711"
"02-APR-2026","ELECON","ELECON ENG. CO. LTD","200"
"02-APR-2026","ETERNAL","ETERNAL LIMITED","2,774"
"02-APR-2026","FEDERALBNK","FEDERAL BANK LTD","25,000"
"02-APR-2026","FIRSTCRY","BRAINBEES SOLUTIONS LTD","9,130"
"02-APR-2026","FORTIS","FORTIS HEALTHCARE (I) LTD","3,200"
"02-APR-2026","GANECOS","GANESHA ECOSPHERE LIMITED","24,799"
"02-APR-2026","GLENMARK","GLENMARK PHARMACEUTICALS LIMITED","125"
"02-APR-2026","GMRAIRPORT","GMR AIRPORTS LIMITED","286"
"02-APR-2026","GMRP&UI","GMR POW AND URBAN INFRA L","699"
"02-APR-2026","GODREJCP","GODREJ CONSUMER PRODUCTS LIMITED","1,833"
"02-APR-2026","GODREJIND","GODREJ INDUSTRIES LTD","45"
"02-APR-2026","GODREJPROP","GODREJ PROPERTIES LTD","1,839"
"02-APR-2026","GRANULES","GRANULES INDIA LIMITED   ","29"
"02-APR-2026","GRAVITA","GRAVITA INDIA LIMITED","1"
"02-APR-2026","GROWW","BILLIONBRAINS GARAGE VN L","2,842"
"02-APR-2026","GRSE","GARDEN REACH SHIP&ENG LTD","50"
"02-APR-2026","GSPL","GUJARAT STATE PETRO LTD","90"
"02-APR-2026","GVT&D","GE VERNOVA T&D INDIA LTD","74"
"02-APR-2026","HAL","HINDUSTAN AERONAUTICS LTD","310"
"02-APR-2026","HATSUN","HATSUN AGRO PRODUCT LIMITED","10"
"02-APR-2026","HAVELLS","HAVELLS INDIA LIMITED","1,000"
"02-APR-2026","HCLTECH","HCL TECHNOLOGIES LTD","13,650"
"02-APR-2026","HDFCBANK","HDFC BANK LTD","9,556"
"02-APR-2026","HEROMOTOCO","HERO MOTOCORP LTD","600"
"02-APR-2026","HFCL","HIMACHAL FUTURISTIC COMMUNICATIONS LIMITED","21"
"02-APR-2026","HINDALCO","HINDALCO  INDUSTRIES  LTD","647"
"02-APR-2026","HINDCOPPER","HINDUSTAN COPPER LIMITED","1"
"02-APR-2026","HINDPETRO","HINDUSTAN PETROLEUM CORP","14,175"
"02-APR-2026","HINDUNILVR","HINDUSTAN UNILEVER LTD.","405"
"02-APR-2026","HINDZINC","HINDUSTAN ZINC LIMITED","4,607"
"02-APR-2026","HUDCO","HOUSING & URBAN DEVELOPMENT CORPORATION LIMITED","5,959"
"02-APR-2026","HYUNDAI","HYUNDAI MOTOR INDIA LTD","1"
"02-APR-2026","ICICIBANK","ICICI BANK LTD.","68,218"
"02-APR-2026","ICICIGI","ICICI LOMBARD GENERAL INSURANCE COMPANY LIMITED","1,950"
"02-APR-2026","IDBI","IDBI Bank Limited","15,572"
"02-APR-2026","IDEA","IDEA CELLULAR LIMITED","7,814"
"02-APR-2026","IDFCFIRSTB","IDFC FIRST BANK LIMI","1,03,442"
"02-APR-2026","IEX","INDIAN ENERGY EXCHANGE LIMITED","735"
"02-APR-2026","IFCI","IFCI LTD","50"
"02-APR-2026","INDHOTEL","THE INDIAN HOTELS CO. LTD","10"
"02-APR-2026","INDIANB","INDIAN BANK","20"
"02-APR-2026","INDIGO","INTERGLOBE AVIATION LTD  ","2,361"
"02-APR-2026","INDUSINDBK","INDUSIND BANK LIMITED","9"
"02-APR-2026","INDUSTOWER","INDUS","1,900"
"02-APR-2026","INFY","INFOSYS TECHNOLOGIES LTD","348"
"02-APR-2026","INOXWIND","INOX WIND LIMITED        ","7,170"
"02-APR-2026","IOC","INDIAN OIL CORP LTD","39,086"
"02-APR-2026","IRB","IRB INFRA DEV LTD.","67,812"
"02-APR-2026","IRCON","IRCON","110"
"02-APR-2026","IRFC","IRFC","499"
"02-APR-2026","ITC","ITC LTD","3,325"
"02-APR-2026","JINDALSTEL","JINDAL STEEL & POWER LTD","377"
"02-APR-2026","JIOFIN","JIO FIN SERVICES LTD","2,600"
"02-APR-2026","JPPOWER","JAIPRAKASH POWER VEN. LTD","999"
"02-APR-2026","JSWSTEEL","JSW STEEL LIMITED","4,725"
"02-APR-2026","JUBLFOOD","JUBILANT FOODWORKS LTD","800"
"02-APR-2026","JWL","JUPITER WAGONS LIMITED","50"
"02-APR-2026","JYOTICNC","JYOTI CNC AUTOMATION LTD","200"
"02-APR-2026","KALYANKJIL","KALYAN JEWELLERS IND LTD","8,225"
"02-APR-2026","KAYNES","KAYNES TECHNOLOGY IND LTD","1"
"02-APR-2026","KEI","KEI INDUSTRIES LTD.      ","3,325"
"02-APR-2026","KOTAKBANK","KOTAK MAHINDRA BANK LTD","18,000"
"02-APR-2026","LATENTVIEW","LATENT VIEW ANALYTICS LTD","7,68,947"
"02-APR-2026","LAURUSLABS","LAURUS LABS LIMITED","60"
"02-APR-2026","LIQUID","MIRAEAMC - LIQUID","25"
"02-APR-2026","LT","LARSEN & TOUBRO LTD.","579"
"02-APR-2026","LTF","L&T FINANCE LIMITED","50"
"02-APR-2026","LTM","LTIMINDTREE LIMITED","150"
"02-APR-2026","MANAPPURAM","MANAPPURAM FINANCE LTD","320"
"02-APR-2026","MARICO","MARICO LIMITED","567"
"02-APR-2026","MAZDOCK","MAZAGON DOCK SHIPBUIL LTD","205"
"02-APR-2026","MEDIASSIST","MEDI ASSIST HEALTH SER L","475"
"02-APR-2026","MFSL","MAX FINANCIAL SERV LTD","2,000"
"02-APR-2026","MGL","MAHANAGAR GAS LTD.    ","17"
"02-APR-2026","MOTHERSON","SAMVRDHNA MTHRSN INT","65"
"02-APR-2026","MOTILALOFS","MOTILAL OSWAL FIN LTD   ","5,425"
"02-APR-2026","NATIONALUM","NATIONAL ALUMINIUM CO LTD","11,516"
"02-APR-2026","NBCC","NATIONAL BUILDINGS LTD   ","59,186"
"02-APR-2026","NIFTYBEES","GOLDMAN SACHS NIFTY EXCHANGE TRADED SCHEME","37,76,249"
"02-APR-2026","NMDC","NMDC LTD.","20,250"
"02-APR-2026","NTPC","NTPC LTD","6,041"
"02-APR-2026","NYKAA","FSN E COMMERCE VENTURES","3,125"
"02-APR-2026","OBEROIRLTY","OBEROI REALTY LIMITED","205"
"02-APR-2026","OLAELEC","OLA ELECTRIC MOBILITY LTD","200"
"02-APR-2026","ONGC","OIL AND NATURAL GAS CORP.","6,416"
"02-APR-2026","PAGEIND","PAGE INDUSTRIES LTD","3"
"02-APR-2026","PAISALO","PAISALO DIGITAL LIMITED","1,000"
"02-APR-2026","PAYTM","ONE 97 COMMUNICATIONS LTD","1,540"
"02-APR-2026","PENIND","PENNAR INDUSTRIES LTD","100"
"02-APR-2026","PERSISTENT","PERSISTENT SYSTEMS LTD","383"
"02-APR-2026","PGEL","PG ELECTROPLAST LTD","1,613"
"02-APR-2026","PHOENIXLTD","THE PHOENIX MILLS LIMITED","1,400"
"02-APR-2026","PIDILITIND","PIDILITE INDUSTRIES LIMITED","500"
"02-APR-2026","PNB","PUNJAB NATIONAL BANK","24,299"
"02-APR-2026","PNBHOUSING","PNB HOUSING FIN LTD.   ","5,863"
"02-APR-2026","POCL","PONDY OXIDES & CHEM LTD","3"
"02-APR-2026","POWERGRID","POWER GRID CORP. LTD.","1,346"
"02-APR-2026","POWERINDIA","ABB POWER PRO N SYS IND L","18"
"02-APR-2026","PREMIERENE","PREMIER ENERGIES LIMITED","50"
"02-APR-2026","PRESTIGE","PRESTIGE ESTATES PROJECTS LIMITED","451"
"02-APR-2026","RAILTEL","RAILTEL","299"
"02-APR-2026","RBLBANK","RBL BANK LIMITED    ","22,438"
"02-APR-2026","RECLTD","RURAL ELEC CORP. LTD.","632"
"02-APR-2026","REDINGTON","REDINGTON (INDIA) LTD.","10,000"
"02-APR-2026","RELIANCE","RELIANCE INDUSTRIES LTD","500"
"02-APR-2026","RPOWER","RELIANCE POWER LTD.","101"
"02-APR-2026","RVNL","RVNL","22,539"
"02-APR-2026","SAIL","STEEL AUTHORITY OF INDIA","200"
"02-APR-2026","SAMMAANCAP","SAMMAAN CAPITAL LIMITED","61,238"
"02-APR-2026","SBIN","STATE BANK OF INDIA","7,317"
"02-APR-2026","SHRIRAMFIN","SHRIRAM FINANCE LIMITED","5"
"02-APR-2026","SIEMENS","SIEMENS LTD","1,200"
"02-APR-2026","SOBHA","SOBHA DEVELOPERS LTD","4"
"02-APR-2026","SOLARINDS","SOLAR INDUSTRIES (I) LTD","43"
"02-APR-2026","SRF","SRF LTD","5"
"02-APR-2026","SUNTV","SUN TV NETWORK LIMITED","3"
"02-APR-2026","SUPREMEIND","SUPREME INDUSTRIES LTD","2,768"
"02-APR-2026","SURYAROSNI","SURYA ROSHNI LTD","200"
"02-APR-2026","SUZLON","SUZLON ENERGY LIMITED","1,150"
"02-APR-2026","SWIGGY","SWIGGY LIMITED","4,450"
"02-APR-2026","TATAELXSI","TATA ELXSI LIMITED       ","111"
"02-APR-2026","TATAPOWER","TATA POWER CO LTD","89"
"02-APR-2026","TATASTEEL","TATA STEEL LIMITED","22,656"
"02-APR-2026","TATATECH","TATA TECHNOLOGIES LIMITED","50"
"02-APR-2026","TBOTEK","TBO TEK LIMITED","250"
"02-APR-2026","TCS","TATA CONSULTANCY SERV LT","78"
"02-APR-2026","TECHM","TECH MAHINDRA LIMITED","110"
"02-APR-2026","TITAN","TITAN INDUSTRIES LTD","210"
"02-APR-2026","TMPV","TATA MOTORS PASS VEH LTD","2,146"
"02-APR-2026","TORNTPOWER","TORRENT POWER LTD","2,652"
"02-APR-2026","TRENT","TRENT LIMITED","47"
"02-APR-2026","TVSMOTOR","TVS MOTOR COMPANY  LTD","875"
"02-APR-2026","ULTRACEMCO","ULTRATECH CEMENT LIMITED","100"
"02-APR-2026","UNIONBANK","UNION BANK OF INDIA","1,131"
"02-APR-2026","UPL","UPL LIMITED","1,355"
"02-APR-2026","V2RETAIL","V2 RETAIL LIMITED","208"
"02-APR-2026","VEDL","VEDANTA LIMITED","2,593"
"02-APR-2026","VIKRAMSOLR","VIKRAM SOLAR LIMITED","292"
"02-APR-2026","VOLTAS","VOLTAS LTD","6"
"02-APR-2026","WAAREEENER","WAAREE ENERGIES LIMITED","273"
"02-APR-2026","WEBELSOLAR","WEBSOL ENERGY SYSTEM LTD","4,840"
"02-APR-2026","WIPRO","WIPRO LTD","1,186"
"02-APR-2026","YATHARTH","YATHARTH HOSP & TRA C S L","267"
"02-APR-2026","YESBANK","YES BANK LIMITED","95,080"
"02-APR-2026","ZAGGLE","ZAGGLE PREPA OCEAN SER L","2"
"02-APR-2026","ZYDUSLIFE","ZYDUS LIFESCIENCES","910"
"06-APR-2026","ABB","ABB LTD.","375"
"06-APR-2026","ABCAPITAL","ADITYA BIRLA CAPITAL LIMITED","6,200"
"06-APR-2026","ADANIENT","ADANI ENTERPRISES LIMITED","2"
"06-APR-2026","ADANIPOWER","ADANI POWER LTD","41"
"06-APR-2026","AFCONS","AFCONS INFRASTRUCTURE LTD","96"
"06-APR-2026","AGARWALEYE","DR AGARWALS HEALTH CARE L","70"
"06-APR-2026","AIIL","AUTHUM INVEST & INFRA LTD","149"
"06-APR-2026","ALKEM","ALKEM LABORATORIES LTD.","3"
"06-APR-2026","ALPHA","KOTAKMAMC - KOTAKALPHA","550"
"06-APR-2026","AMBER","AMBER ENTERPRISES (I) LTD","68"
"06-APR-2026","AMBUJACEM","AMBUJA CEMENTS LTD","4"
"06-APR-2026","ANANDRATHI","ANAND RATHI WEALTH LTD","238"
"06-APR-2026","ANANTRAJ","ANANT RAJ LIMITED","122"
"06-APR-2026","ANGELONE","ANGEL ONE LTD","3,843"
"06-APR-2026","APOLLOHOSP","APOLLO HOSPITALS ENTERPRISE LIMITED","1"
"06-APR-2026","ASHOKLEY","ASHOK LEYLAND LTD","955"
"06-APR-2026","ASIANPAINT","ASIAN PAINTS LIMITED","158"
"06-APR-2026","ASTRAL","ASTRAL POLY TECHNIK LIMITED","75"
"06-APR-2026","AUBANK","AU SMALL FINANCE BANK LIMITED","115"
"06-APR-2026","AUROPHARMA","AUROBINDO PHARMA LTD","10"
"06-APR-2026","BAJAJ-AUTO","BAJAJ AUTO LIMITED","9"
"06-APR-2026","BAJAJFINSV","BAJAJ FINSERV LIMITED","63"
"06-APR-2026","BAJFINANCE","BAJAJ FINANCE LIMITED","310"
"06-APR-2026","BALUFORGE","BALU FORGE INDUSTRIES LTD","283"
"06-APR-2026","BANDHANBNK","BANDHAN BANK LIMITED","50"
"06-APR-2026","BANKNIFTY1","KOTAKMAMC-KOTAKBKETF","300"
"06-APR-2026","BHEL","BHEL","406"
"06-APR-2026","BLS","BLS INTL SERVS LTD","50"
"06-APR-2026","BOSCHLTD","BOSCH LIMITED","5"
"06-APR-2026","BRITANNIA","BRITANNIA INDUSTRIES LIMITED","146"
"06-APR-2026","BSE","BSE LIMITED","42"
"06-APR-2026","CENTUM","CENTUM ELECTRONICS LTD","76"
"06-APR-2026","CHALET","CHALET HOTELS LIMITED","20"
"06-APR-2026","CHOLAFIN","CHOLAMANDALAM IN & FIN CO","29"
"06-APR-2026","CIGNITITEC","CIGNITI TECHNOLOGIES LTD","3"
"06-APR-2026","COALINDIA","COALINDIA","13,550"
"06-APR-2026","COCHINSHIP","COCHIN SHIPYARD LIMITED","339"
"06-APR-2026","COHANCE","COHANCE LIFESCIENCES LTD","1,391"
"06-APR-2026","COLPAL","COLGATE PALMOLIVE LTD.","225"
"06-APR-2026","CRAFTSMAN","CRAFTSMAN AUTOMATION LTD","2"
"06-APR-2026","CUPID","CUPID LIMITED","1,250"
"06-APR-2026","CYIENT","CYIENT LIMITED           ","15"
"06-APR-2026","DALBHARAT","DALMIA BHARAT LIMITED","5"
"06-APR-2026","DCMSHRIRAM","DCM SHRIRAM LIMITED","20"
"06-APR-2026","DIVISLAB","DIVI'S LABORATORIES LTD","7"
"06-APR-2026","DMART","AVENUE SUPERMARTS LIMITED","150"
"06-APR-2026","DYNAMATECH","DYNAMATIC TECHNOLOGIES","39"
"06-APR-2026","ECLERX","ECLERX SERVICES LTD ","3"
"06-APR-2026","EMAMILTD","EMAMI LIMITED","311"
"06-APR-2026","FORCEMOT","FORCE MOTORS LIMITED","100"
"06-APR-2026","FORTIS","FORTIS HEALTHCARE (I) LTD","392"
"06-APR-2026","GANECOS","GANESHA ECOSPHERE LIMITED","1,865"
"06-APR-2026","GILT5BETA","UTIAMC-GILT5BETA","2"
"06-APR-2026","GLAND","GLAND PHARMA LIMITED","6"
"06-APR-2026","GLENMARK","GLENMARK PHARMACEUTICALS LIMITED","49"
"06-APR-2026","GODREJPROP","GODREJ PROPERTIES LTD","73"
"06-APR-2026","HAL","HINDUSTAN AERONAUTICS LTD","3"
"06-APR-2026","HCLTECH","HCL TECHNOLOGIES LTD","10"
"06-APR-2026","HDFCAMC","HDFC AMC LIMITED","2"
"06-APR-2026","HDFCBANK","HDFC BANK LTD","2,305"
"06-APR-2026","HDFCPVTBAN","HDFCAMC - HDFCPVTBAN","719"
"06-APR-2026","HDFCSML250","HDFCAMC - HDFCSML250","197"
"06-APR-2026","HEG","HEG LIMITED","144"
"06-APR-2026","HERITGFOOD","HERITAGE FOODS LTD    ","4"
"06-APR-2026","HEROMOTOCO","HERO MOTOCORP LTD","1"
"06-APR-2026","HINDALCO","HINDALCO  INDUSTRIES  LTD","87"
"06-APR-2026","HINDCOPPER","HINDUSTAN COPPER LIMITED","100"
"06-APR-2026","HINDUNILVR","HINDUSTAN UNILEVER LTD.","146"
"06-APR-2026","HINDZINC","HINDUSTAN ZINC LIMITED","5,025"
"06-APR-2026","HUDCO","HOUSING & URBAN DEVELOPMENT CORPORATION LIMITED","4,787"
"06-APR-2026","ICICIBANK","ICICI BANK LTD.","2,936"
"06-APR-2026","IDBI","IDBI Bank Limited","109"
"06-APR-2026","IDEA","IDEA CELLULAR LIMITED","3,500"
"06-APR-2026","IDFCFIRSTB","IDFC FIRST BANK LIMI","21"
"06-APR-2026","IEX","INDIAN ENERGY EXCHANGE LIMITED","3,750"
"06-APR-2026","INDGN","INDEGENE LIMITED","18"
"06-APR-2026","INDIACEM","THE INDIA CEMENTS LIMITED","51"
"06-APR-2026","INDIANB","INDIAN BANK","2,279"
"06-APR-2026","INDIGO","INTERGLOBE AVIATION LTD  ","10"
"06-APR-2026","INDUSINDBK","INDUSIND BANK LIMITED","40"
"06-APR-2026","INFRABEES","INFRA GOLDMAN SACHS ETF  ","4"
"06-APR-2026","INFY","INFOSYS TECHNOLOGIES LTD","408"
"06-APR-2026","INOXWIND","INOX WIND LIMITED        ","823"
"06-APR-2026","IRB","IRB INFRA DEV LTD.","2,000"
"06-APR-2026","IREDA","INDIAN RENEWABLE ENERGY","150"
"06-APR-2026","IRFC","IRFC","391"
"06-APR-2026","ITC","ITC LTD","259"
"06-APR-2026","JINDALSTEL","JINDAL STEEL & POWER LTD","625"
"06-APR-2026","JIOFIN","JIO FIN SERVICES LTD","5,443"
"06-APR-2026","JKCEMENT","JK CEMENT LIMITED","2"
"06-APR-2026","JSWHL","JSW HOLDINGS LIMITED","1"
"06-APR-2026","JWL","JUPITER WAGONS LIMITED","3,972"
"06-APR-2026","KIRIINDUS","KIRIINDUS","17"
"06-APR-2026","KIRLOSBROS","KIRLOSKAR BROTHERS LTD","661"
"06-APR-2026","KPRMILL","KPRMILL","1"
"06-APR-2026","LATENTVIEW","LATENT VIEW ANALYTICS LTD","784"
"06-APR-2026","LT","LARSEN & TOUBRO LTD.","89"
"06-APR-2026","LTM","LTIMINDTREE LIMITED","537"
"06-APR-2026","MAHABANK","MAHABANK","5"
"06-APR-2026","MAHKTECH","MIRAEAMC - MAHKTECH","4,002"
"06-APR-2026","MARICO","MARICO LIMITED","456"
"06-APR-2026","MASPTOP50","MIRAEAMC - MASPTOP50","77"
"06-APR-2026","MAXHEALTH","MAX HEALTHCARE INS LTD","662"
"06-APR-2026","MAZDOCK","MAZAGON DOCK SHIPBUIL LTD","757"
"06-APR-2026","MCX","MULTI COMMODITY EXCHANGE OF INDIA LIMITED","24"
"06-APR-2026","METROPOLIS","METROPOLIS HEALTHCARE LIMITED","25"
"06-APR-2026","MODEFENCE","MOTILALAMC - MODEFENCE","9"
"06-APR-2026","MOIL","MOIL LIMITED     ","24"
"06-APR-2026","MONQ50","MOTILALAMC - MONQ50","447"
"06-APR-2026","MTARTECH","MTAR TECHNOLOGIES LIMITED","113"
"06-APR-2026","NATIONALUM","NATIONAL ALUMINIUM CO LTD","13,697"
"06-APR-2026","NESTLEIND","NESTLE INDIA LIMITED","1"
"06-APR-2026","NLCINDIA","NLC INDIA LIMITED","11"
"06-APR-2026","NMDC","NMDC LTD.","850"
"06-APR-2026","NTPC","NTPC LTD","1"
"06-APR-2026","NTPCGREEN","NTPC GREEN ENERGY LIMITED","138"
"06-APR-2026","NUVAMA","NUVAMA WEALTH MANAGE LTD","46"
"06-APR-2026","OLAELEC","OLA ELECTRIC MOBILITY LTD","199"
"06-APR-2026","OLECTRA","OLECTRA GREENTECH LIMITED","3"
"06-APR-2026","PARAS","PARAS DEF AND SPCE TECH L","5"
"06-APR-2026","PAYTM","ONE 97 COMMUNICATIONS LTD","140"
"06-APR-2026","PCBL","PCBL LIMITED","33"
"06-APR-2026","PCJEWELLER","PC JEWELLER LTD          ","254"
"06-APR-2026","PERSISTENT","PERSISTENT SYSTEMS LTD","25"
"06-APR-2026","PFC","POWER FIN CORP LTD.","1,499"
"06-APR-2026","PFOCUS","PRIME FOCUS LIMITED","8"
"06-APR-2026","PHOENIXLTD","THE PHOENIX MILLS LIMITED","147"
"06-APR-2026","PIDILITIND","PIDILITE INDUSTRIES LIMITED","6"
"06-APR-2026","PIIND","PI INDUSTRIES LTD        ","525"
"06-APR-2026","PNB","PUNJAB NATIONAL BANK","960"
"06-APR-2026","POLICYBZR","PB FINTECH LIMITED","1,400"
"06-APR-2026","POLYCAB","POLYCAB INDIA LIMITED","6"
"06-APR-2026","POONAWALLA","POONAWALLA FINCORP LTD","58"
"06-APR-2026","POWERGRID","POWER GRID CORP. LTD.","2,850"
"06-APR-2026","POWERINDIA","ABB POWER PRO N SYS IND L","52"
"06-APR-2026","PPLPHARMA","PIRAMAL PHARMA LIMITED","1,284"
"06-APR-2026","PRESTIGE","PRESTIGE ESTATES PROJECTS LIMITED","1"
"06-APR-2026","PSUBNKBEES","GOLDMAN SACHS PSU BNK ETF","1,130"
"06-APR-2026","RADICO","RADICO KHAITAN LIMITED","3"
"06-APR-2026","RAILTEL","RAILTEL","6"
"06-APR-2026","RAMCOCEM","THE RAMCO CEMENTS LIMITED","1"
"06-APR-2026","RAYMOND","RAYMOND LIMITED","10"
"06-APR-2026","RAYMONDLSL","RAYMOND LIFESTYLE LIMITED","203"
"06-APR-2026","RBLBANK","RBL BANK LIMITED    ","12,712"
"06-APR-2026","RECLTD","RURAL ELEC CORP. LTD.","1,798"
"06-APR-2026","RVNL","RVNL","1,743"
"06-APR-2026","SAIL","STEEL AUTHORITY OF INDIA","3"
"06-APR-2026","SAMMAANCAP","SAMMAAN CAPITAL LIMITED","204"
"06-APR-2026","SBFC","SBFC FINANCE LIMITED","98"
"06-APR-2026","SBICARD","SBI CARDS & PAY SER LTD","248"
"06-APR-2026","SBILIFE","SBI LIFE INSURANCE COMPANY LIMITED","13"
"06-APR-2026","SBIN","STATE BANK OF INDIA","32"
"06-APR-2026","SCHAEFFLER","SCHAEFFLER INDIA LIMITED","2"
"06-APR-2026","SENCO","SENCO GOLD LIMITED","210"
"06-APR-2026","SHAKTIPUMP","SHAKTI PUMPS (I) LTD","116"
"06-APR-2026","SIEMENS","SIEMENS LTD","6"
"06-APR-2026","SRF","SRF LTD","19"
"06-APR-2026","STARHEALTH","STAR HEALTH & AL INS CO L","140"
"06-APR-2026","SUMICHEM","SUMITOMO CHEM INDIA LTD","5"
"06-APR-2026","SUNPHARMA","SUN PHARMACEUTICALS IND.","150"
"06-APR-2026","SUNTV","SUN TV NETWORK LIMITED","10"
"06-APR-2026","SUPREMEIND","SUPREME INDUSTRIES LTD","80"
"06-APR-2026","SYNGENE","SYNGENE INTERNATIONAL LTD","248"
"06-APR-2026","SYRMA","SYRMA SGS TECHNOLOGY LTD","165"
"06-APR-2026","TATACOMM","TATA COMMUNICATIONS LTD","13"
"06-APR-2026","TATAELXSI","TATA ELXSI LIMITED       ","20"
"06-APR-2026","TATAINVEST","TATA INVESTMENT CORPORATION LIMITED","34"
"06-APR-2026","TATASTEEL","TATA STEEL LIMITED","895"
"06-APR-2026","TATATECH","TATA TECHNOLOGIES LIMITED","58"
"06-APR-2026","TEGA","TEGA INDUSTRIES LIMITED","3"
"06-APR-2026","THERMAX","THERMAX LTD","3"
"06-APR-2026","TIINDIA","TUBE INVEST OF INDIA LTD","500"
"06-APR-2026","TITAN","TITAN INDUSTRIES LTD","31"
"06-APR-2026","TMPV","TATA MOTORS PASS VEH LTD","258"
"06-APR-2026","TRENT","TRENT LIMITED","1,115"
"06-APR-2026","TRITURBINE","TRIVENI TURBINE LIMITED","4"
"06-APR-2026","TVSMOTOR","TVS MOTOR COMPANY  LTD","30"
"06-APR-2026","UJJIVANSFB","UJJIVAN SMALL FINANC BANK","50"
"06-APR-2026","ULTRACEMCO","ULTRATECH CEMENT LIMITED","32"
"06-APR-2026","UNITDSPR","UNITED SPIRITS LIMITED","26"
"06-APR-2026","UNOMINDA","UNO MINDA LIMITED","153"
"06-APR-2026","USHAMART","USHA MARTIN LTD.","76"
"06-APR-2026","UTIAMC","UTI ASSET MNGMT CO LTD","2"
"06-APR-2026","V2RETAIL","V2 RETAIL LIMITED","171"
"06-APR-2026","VOLTAS","VOLTAS LTD","1"
"06-APR-2026","YESBANK","YES BANK LIMITED","18,226"
"06-APR-2026","ZENTEC","ZEN TECHNOLOGIES LIMITED","466"
"06-APR-2026","ZYDUSLIFE","ZYDUS LIFESCIENCES","6"
"07-APR-2026","ABB","ABB LTD.","2"
"07-APR-2026","ADANIGREEN","ADANI GREEN ENERGY LTD","52"
"07-APR-2026","ADANIPOWER","ADANI POWER LTD","10"
"07-APR-2026","ANGELONE","ANGEL ONE LTD","340"
"07-APR-2026","ASHOKLEY","ASHOK LEYLAND LTD","50"
"07-APR-2026","BAJAJFINSV","BAJAJ FINSERV LIMITED","2"
"07-APR-2026","BANKINDIA","BANK OF INDIA","50"
"07-APR-2026","BRITANNIA","BRITANNIA INDUSTRIES LIMITED","125"
"07-APR-2026","BSE","BSE LIMITED","55"
"07-APR-2026","CDSL","CENTRAL DEPOSITORY SERVICES (INDIA) LIMITED","4,291"
"07-APR-2026","DYNAMATECH","DYNAMATIC TECHNOLOGIES","10"
"07-APR-2026","EQUAL50ADD","DSPAMC - DSPNEWETF","1"
"07-APR-2026","FIRSTCRY","BRAINBEES SOLUTIONS LTD","11,000"
"07-APR-2026","FORCEMOT","FORCE MOTORS LIMITED","475"
"07-APR-2026","GALLANTT","GALLANTT ISPAT LIMITED","52"
"07-APR-2026","GANECOS","GANESHA ECOSPHERE LIMITED","20"
"07-APR-2026","GROWW","BILLIONBRAINS GARAGE VN L","15"
"07-APR-2026","HAL","HINDUSTAN AERONAUTICS LTD","2"
"07-APR-2026","HDFCBANK","HDFC BANK LTD","150"
"07-APR-2026","HFCL","HIMACHAL FUTURISTIC COMMUNICATIONS LIMITED","1"
"07-APR-2026","HINDALCO","HINDALCO  INDUSTRIES  LTD","79"
"07-APR-2026","HINDPETRO","HINDUSTAN PETROLEUM CORP","2,471"
"07-APR-2026","HINDUNILVR","HINDUSTAN UNILEVER LTD.","5"
"07-APR-2026","HINDZINC","HINDUSTAN ZINC LIMITED","125"
"07-APR-2026","INDHOTEL","THE INDIAN HOTELS CO. LTD","90"
"07-APR-2026","INFY","INFOSYS TECHNOLOGIES LTD","88,808"
"07-APR-2026","IOC","INDIAN OIL CORP LTD","300"
"07-APR-2026","ITC","ITC LTD","50"
"07-APR-2026","JINDALSTEL","JINDAL STEEL & POWER LTD","100"
"07-APR-2026","JWL","JUPITER WAGONS LIMITED","2,908"
"07-APR-2026","KPITTECH","KPIT TECHNOLOGIES LTD","10"
"07-APR-2026","LATENTVIEW","LATENT VIEW ANALYTICS LTD","16,501"
"07-APR-2026","LT","LARSEN & TOUBRO LTD.","3"
"07-APR-2026","LTM","LTIMINDTREE LIMITED","150"
"07-APR-2026","LUPIN","LUPIN LIMITED","15"
"07-APR-2026","MANINDS","MAN INDUSTRIES (I) LTD.  ","374"
"07-APR-2026","MARUTI","MARUTI SUZUKI INDIA LTD.","77"
"07-APR-2026","MAZDOCK","MAZAGON DOCK SHIPBUIL LTD","38"
"07-APR-2026","MEESHO","MEESHO LIMITED","36"
"07-APR-2026","METROPOLIS","METROPOLIS HEALTHCARE LIMITED","25"
"07-APR-2026","MOGSEC","MOGSEC","308"
"07-APR-2026","MSCIINDIA","KOTAKMAMC - MSCIINDIA","864"
"07-APR-2026","MTARTECH","MTAR TECHNOLOGIES LIMITED","5"
"07-APR-2026","NATIONALUM","NATIONAL ALUMINIUM CO LTD","177"
"07-APR-2026","NAUKRI","INFO EDGE (I) LTD","239"
"07-APR-2026","ONGC","OIL AND NATURAL GAS CORP.","500"
"07-APR-2026","PCBL","PCBL LIMITED","2"
"07-APR-2026","PERSISTENT","PERSISTENT SYSTEMS LTD","1,616"
"07-APR-2026","POCL","PONDY OXIDES & CHEM LTD","25"
"07-APR-2026","SAIL","STEEL AUTHORITY OF INDIA","100"
"07-APR-2026","SAMHI","SAMHI HOTELS LIMITED","1"
"07-APR-2026","SBIN","STATE BANK OF INDIA","50"
"07-APR-2026","SFL","SFL","146"
"07-APR-2026","SUNPHARMA","SUN PHARMACEUTICALS IND.","40"
"07-APR-2026","SUPREMEIND","SUPREME INDUSTRIES LTD","6"
"07-APR-2026","SWANCORP","SWAN CORP LIMITED","58"
"07-APR-2026","TATASTEEL","TATA STEEL LIMITED","10"
"07-APR-2026","TRENT","TRENT LIMITED","10,900"
"07-APR-2026","ULTRACEMCO","ULTRATECH CEMENT LIMITED","10"
"07-APR-2026","VEDL","VEDANTA LIMITED","1,240"
"07-APR-2026","VMART","V-MART RETAIL LIMITED","9"
"07-APR-2026","VMM","VISHAL MEGA MART LIMITED","20"
"07-APR-2026","VTL","VARDHMAN TEXTILES LIMITED    ","10"
"07-APR-2026","WIPRO","WIPRO LTD","15,000"
"08-APR-2026","AAVAS","AAVAS FINANCIERS LIMITED","2"
"08-APR-2026","ABCAPITAL","ADITYA BIRLA CAPITAL LIMITED","200"
"08-APR-2026","ADANIENSOL","ADANI ENERGY SOLUTION LTD","35"
"08-APR-2026","ADANIENT","ADANI ENTERPRISES LIMITED","5"
"08-APR-2026","ADANIGREEN","ADANI GREEN ENERGY LTD","117"
"08-APR-2026","ADANIPORTS","ADANI PORT & SEZ LTD","2"
"08-APR-2026","AEGISVOPAK","AEGIS VOPAK TERMINALS LTD","10"
"08-APR-2026","AFCONS","AFCONS INFRASTRUCTURE LTD","250"
"08-APR-2026","AMBER","AMBER ENTERPRISES (I) LTD","60"
"08-APR-2026","AMBUJACEM","AMBUJA CEMENTS LTD","25"
"08-APR-2026","ANGELONE","ANGEL ONE LTD","400"
"08-APR-2026","APLAPOLLO","APL APOLLO TUBES LTD","360"
"08-APR-2026","APLLTD","ALEMBIC PHARMA LTD","1"
"08-APR-2026","APOLLOHOSP","APOLLO HOSPITALS ENTERPRISE LIMITED","6"
"08-APR-2026","ASHOKLEY","ASHOK LEYLAND LTD","66"
"08-APR-2026","ASTRAL","ASTRAL POLY TECHNIK LIMITED","100"
"08-APR-2026","AXISBANK","AXIS BANK LIMITED","22"
"08-APR-2026","BAJAJ-AUTO","BAJAJ AUTO LIMITED","10"
"08-APR-2026","BAJAJHFL","BAJAJ HOUSING FINANCE LTD","100"
"08-APR-2026","BAJFINANCE","BAJAJ FINANCE LIMITED","24"
"08-APR-2026","BANKBEES","GOLDMAN SACHS BANKING INDEX EXCHANGE TRADED SCHEME","300"
"08-APR-2026","BAYERCROP","BAYER CROPSCIENCE LTD    ","50"
"08-APR-2026","BEL","BHARAT ELECTRONICS LTD","500"
"08-APR-2026","BHARTIARTL","BHARTI AIRTEL LIMITED","18"
"08-APR-2026","BHEL","BHEL","450"
"08-APR-2026","BOSCHLTD","BOSCH LIMITED","5"
"08-APR-2026","BSE","BSE LIMITED","973"
"08-APR-2026","CANBK","CANARA BANK","20"
"08-APR-2026","CDSL","CENTRAL DEPOSITORY SERVICES (INDIA) LIMITED","950"
"08-APR-2026","CGCL","CGCL","100"
"08-APR-2026","CGPOWER","CG POWER AND INDUSTRIAL SOLUTIONS LIMITED","1,000"
"08-APR-2026","COALINDIA","COALINDIA","77,216"
"08-APR-2026","CUPID","CUPID LIMITED","10,000"
"08-APR-2026","DRREDDY","DR. REDDY'S LABORATORIES","2"
"08-APR-2026","EICHERMOT","EICHER MOTORS LIMITED","22"
"08-APR-2026","EPL","EPL","5"
"08-APR-2026","EXIDEIND","EXIDE INDUSTRIES LTD","1"
"08-APR-2026","FACT","FACT LTD","200"
"08-APR-2026","FIRSTCRY","BRAINBEES SOLUTIONS LTD","14,100"
"08-APR-2026","GALLANTT","GALLANTT ISPAT LIMITED","47"
"08-APR-2026","GMDCLTD","GUJARAT MINERAL DEV CORP","175"
"08-APR-2026","GRAVITA","GRAVITA INDIA LIMITED","1"
"08-APR-2026","GROWW","BILLIONBRAINS GARAGE VN L","1,600"
"08-APR-2026","HAL","HINDUSTAN AERONAUTICS LTD","1"
"08-APR-2026","HCLTECH","HCL TECHNOLOGIES LTD","48,300"
"08-APR-2026","HDFCAMC","HDFC AMC LIMITED","25"
"08-APR-2026","HDFCBANK","HDFC BANK LTD","131"
"08-APR-2026","HDFCLIFE","HDFC STANDARD LIFE INSURANCE COMPANY LIMITED","12"
"08-APR-2026","HINDPETRO","HINDUSTAN PETROLEUM CORP","129"
"08-APR-2026","HINDUNILVR","HINDUSTAN UNILEVER LTD.","40"
"08-APR-2026","HINDZINC","HINDUSTAN ZINC LIMITED","275"
"08-APR-2026","HNGSNGBEES","HNGSNGBEES","1,367"
"08-APR-2026","ICICIPRULI","ICICI PRU LIFE INS CO LTD ","161"
"08-APR-2026","IDFCFIRSTB","IDFC FIRST BANK LIMI","19,714"
"08-APR-2026","INDHOTEL","THE INDIAN HOTELS CO. LTD","25"
"08-APR-2026","INDIGO","INTERGLOBE AVIATION LTD  ","51"
"08-APR-2026","INDUSTOWER","INDUS","27"
"08-APR-2026","INFRABEES","INFRA GOLDMAN SACHS ETF  ","25"
"08-APR-2026","IRB","IRB INFRA DEV LTD.","100"
"08-APR-2026","IRFC","IRFC","379"
"08-APR-2026","ITC","ITC LTD","20"
"08-APR-2026","JAMNAAUTO","JAMNA AUTO IND LTD       ","1"
"08-APR-2026","JINDALSTEL","JINDAL STEEL & POWER LTD","27"
"08-APR-2026","JSWHL","JSW HOLDINGS LIMITED","21"
"08-APR-2026","JUBLFOOD","JUBILANT FOODWORKS LTD","1"
"08-APR-2026","JYOTISTRUC","JYOTI STRUCTURES LTD","2"
"08-APR-2026","KALYANKJIL","KALYAN JEWELLERS IND LTD","69"
"08-APR-2026","KEC","KEC INTL. LIMITED        ","10"
"08-APR-2026","KIRLOSENG","KIRLOSENG","1"
"08-APR-2026","KPITTECH","KPIT TECHNOLOGIES LTD","2"
"08-APR-2026","LAURUSLABS","LAURUS LABS LIMITED","300"
"08-APR-2026","LODHA","LODHA","294"
"08-APR-2026","LT","LARSEN & TOUBRO LTD.","20"
"08-APR-2026","LTF","L&T FINANCE LIMITED","200"
"08-APR-2026","LUPIN","LUPIN LIMITED","10"
"08-APR-2026","M&M","MAHINDRA & MAHINDRA LTD","3"
"08-APR-2026","MANINDS","MAN INDUSTRIES (I) LTD.  ","100"
"08-APR-2026","MARUTI","MARUTI SUZUKI INDIA LTD.","141"
"08-APR-2026","MEESHO","MEESHO LIMITED","1"
"08-APR-2026","MID150BEES","NIP IND ETF MIDCAP 150","1"
"08-APR-2026","MOTHERSON","SAMVRDHNA MTHRSN INT","1"
"08-APR-2026","NATIONALUM","NATIONAL ALUMINIUM CO LTD","800"
"08-APR-2026","NAUKRI","INFO EDGE (I) LTD","96"
"08-APR-2026","NEWGEN","NEWGEN","500"
"08-APR-2026","NHPC","NHPC LTD","1,000"
"08-APR-2026","NMDC","NMDC LTD.","100"
"08-APR-2026","OFSS","Oracle Financial Services Software Limited","75"
"08-APR-2026","ONGC","OIL AND NATURAL GAS CORP.","500"
"08-APR-2026","PCBL","PCBL LIMITED","2"
"08-APR-2026","PDSL","PDS LIMITED","13,000"
"08-APR-2026","PNB","PUNJAB NATIONAL BANK","225"
"08-APR-2026","POLYCAB","POLYCAB INDIA LIMITED","5"
"08-APR-2026","POONAWALLA","POONAWALLA FINCORP LTD","5,000"
"08-APR-2026","POWERINDIA","ABB POWER PRO N SYS IND L","20"
"08-APR-2026","QPOWER","QUALITY POWER ELEC EQUP L","24,550"
"08-APR-2026","RCF","RASHTRIYA CHEMICALS AND FERTILIZERS LIMITED","1,000"
"08-APR-2026","RELIANCE","RELIANCE INDUSTRIES LTD","68"
"08-APR-2026","SAIL","STEEL AUTHORITY OF INDIA","300"
"08-APR-2026","SBICARD","SBI CARDS & PAY SER LTD","7"
"08-APR-2026","SBIN","STATE BANK OF INDIA","6"
"08-APR-2026","SENCO","SENCO GOLD LIMITED","5"
"08-APR-2026","SHREECEM","SHREE CEMENTS LTD","2"
"08-APR-2026","SHRIRAMFIN","SHRIRAM FINANCE LIMITED","36"
"08-APR-2026","SIEMENS","SIEMENS LTD","476"
"08-APR-2026","SOBHA","SOBHA DEVELOPERS LTD","100"
"08-APR-2026","SPARC","SUN PHARMA ADV.RES.CO.LTD","6"
"08-APR-2026","SUNPHARMA","SUN PHARMACEUTICALS IND.","4"
"08-APR-2026","TATATECH","TATA TECHNOLOGIES LIMITED","800"
"08-APR-2026","TITAN","TITAN INDUSTRIES LTD","13"
"08-APR-2026","TMCV","TATA MOTORS LIMITED","89"
"08-APR-2026","TRENT","TRENT LIMITED","1,900"
"08-APR-2026","UNIONBANK","UNION BANK OF INDIA","205"
"08-APR-2026","VEDL","VEDANTA LIMITED","106"
"08-APR-2026","VIYASH","VIYASH SCIENTIFIC LIMITED","1"
"08-APR-2026","WELCORP","WELSPUN CORP LIMITED","20"
"08-APR-2026","WIPRO","WIPRO LTD","1,41,000"
"09-APR-2026","ADANIENSOL","ADANI ENERGY SOLUTION LTD","1,010"
"09-APR-2026","ADANIENT","ADANI ENTERPRISES LIMITED","10"
"09-APR-2026","ADANIGREEN","ADANI GREEN ENERGY LTD","70"
"09-APR-2026","ADANIPOWER","ADANI POWER LTD","211"
"09-APR-2026","AMBER","AMBER ENTERPRISES (I) LTD","100"
"09-APR-2026","BAJAJ-AUTO","BAJAJ AUTO LIMITED","5"
"09-APR-2026","BAJAJHFL","BAJAJ HOUSING FINANCE LTD","10"
"09-APR-2026","BALUFORGE","BALU FORGE INDUSTRIES LTD","248"
"09-APR-2026","BANKBARODA","BANK OF BARODA","150"
"09-APR-2026","BANKINDIA","BANK OF INDIA","1,000"
"09-APR-2026","BDL","BHARAT DYNAMICS LIMITED","350"
"09-APR-2026","BEL","BHARAT ELECTRONICS LTD","200"
"09-APR-2026","BHEL","BHEL","298"
"09-APR-2026","BOSCHLTD","BOSCH LIMITED","4"
"09-APR-2026","BSE","BSE LIMITED","81"
"09-APR-2026","CANBK","CANARA BANK","200"
"09-APR-2026","CHOLAFIN","CHOLAMANDALAM IN & FIN CO","1,250"
"09-APR-2026","CIPLA","CIPLA LTD","24"
"09-APR-2026","COALINDIA","COALINDIA","832"
"09-APR-2026","CONCOR","CONTAINER CORP OF IND LTD","680"
"09-APR-2026","FINEORG","FINE ORGANIC IND. LTD","25"
"09-APR-2026","FIRSTCRY","BRAINBEES SOLUTIONS LTD","11,000"
"09-APR-2026","GMRAIRPORT","GMR AIRPORTS LIMITED","152"
"09-APR-2026","HBLENGINE","HBL ENGINEERING LTD","5"
"09-APR-2026","HCLTECH","HCL TECHNOLOGIES LTD","2,450"
"09-APR-2026","HDFCBANK","HDFC BANK LTD","100"
"09-APR-2026","HFCL","HIMACHAL FUTURISTIC COMMUNICATIONS LIMITED","6"
"09-APR-2026","HINDALCO","HINDALCO  INDUSTRIES  LTD","10"
"09-APR-2026","ICICIBANK","ICICI BANK LTD.","6"
"09-APR-2026","IEX","INDIAN ENERGY EXCHANGE LIMITED","100"
"09-APR-2026","IFCI","IFCI LTD","80"
"09-APR-2026","INFY","INFOSYS TECHNOLOGIES LTD","10"
"09-APR-2026","IRB","IRB INFRA DEV LTD.","546"
"09-APR-2026","ITBEES","NIP IND ETF IT","36"
"09-APR-2026","ITI","ITI LTD","103"
"09-APR-2026","JINDALSTEL","JINDAL STEEL & POWER LTD","2"
"09-APR-2026","JIOFIN","JIO FIN SERVICES LTD","80"
"09-APR-2026","JSWENERGY","JSW ENERGY LIMITED","11"
"09-APR-2026","JSWHL","JSW HOLDINGS LIMITED","1"
"09-APR-2026","JSWINFRA","JSW INFRASTRUCTURE LTD","1"
"09-APR-2026","JYOTICNC","JYOTI CNC AUTOMATION LTD","600"
"09-APR-2026","KALYANKJIL","KALYAN JEWELLERS IND LTD","20"
"09-APR-2026","KAYNES","KAYNES TECHNOLOGY IND LTD","15,383"
"09-APR-2026","LENSKART","LENSKART SOLUTIONS LTD","68"
"09-APR-2026","LICNETFGSC","LICNAMC - LICNMFET","1,047"
"09-APR-2026","LODHA","LODHA","97"
"09-APR-2026","LTF","L&T FINANCE LIMITED","75"
"09-APR-2026","LTM","LTIMINDTREE LIMITED","450"
"09-APR-2026","LUPIN","LUPIN LIMITED","15"
"09-APR-2026","MAZDOCK","MAZAGON DOCK SHIPBUIL LTD","10"
"09-APR-2026","MEESHO","MEESHO LIMITED","290"
"09-APR-2026","MID150CASE","ZERODHAAMC - MID150CASE","2"
"09-APR-2026","MONQ50","MOTILALAMC - MONQ50","100"
"09-APR-2026","MTARTECH","MTAR TECHNOLOGIES LIMITED","48"
"09-APR-2026","NBCC","NATIONAL BUILDINGS LTD   ","253"
"09-APR-2026","NHPC","NHPC LTD","502"
"09-APR-2026","NMDC","NMDC LTD.","110"
"09-APR-2026","OIL","OIL INDIA LTD","250"
"09-APR-2026","OLAELEC","OLA ELECTRIC MOBILITY LTD","1,06,98,802"
"09-APR-2026","PAGEIND","PAGE INDUSTRIES LTD","2"
"09-APR-2026","PAYTM","ONE 97 COMMUNICATIONS LTD","170"
"09-APR-2026","PHOENIXLTD","THE PHOENIX MILLS LIMITED","3"
"09-APR-2026","PIIND","PI INDUSTRIES LTD        ","3"
"09-APR-2026","POWERINDIA","ABB POWER PRO N SYS IND L","60"
"09-APR-2026","RBLBANK","RBL BANK LIMITED    ","169"
"09-APR-2026","RCF","RASHTRIYA CHEMICALS AND FERTILIZERS LIMITED","1,000"
"09-APR-2026","RRKABEL","R R KABEL LIMITED","1"
"09-APR-2026","RVNL","RVNL","1"
"09-APR-2026","SAIL","STEEL AUTHORITY OF INDIA","6"
"09-APR-2026","SAMMAANCAP","SAMMAAN CAPITAL LIMITED","66"
"09-APR-2026","SBICARD","SBI CARDS & PAY SER LTD","7"
"09-APR-2026","SETF10GILT","SETF10GILT","28"
"09-APR-2026","SHRIRAMFIN","SHRIRAM FINANCE LIMITED","2"
"09-APR-2026","SIEMENS","SIEMENS LTD","385"
"09-APR-2026","SOBHA","SOBHA DEVELOPERS LTD","50"
"09-APR-2026","SPARC","SUN PHARMA ADV.RES.CO.LTD","208"
"09-APR-2026","STLTECH","STERLITE TECHNOLOGIES","2,84,264"
"09-APR-2026","TATAELXSI","TATA ELXSI LIMITED       ","12"
"09-APR-2026","TATASTEEL","TATA STEEL LIMITED","1,000"
"09-APR-2026","TMCV","TATA MOTORS LIMITED","200"
"09-APR-2026","TMPV","TATA MOTORS PASS VEH LTD","47"
"09-APR-2026","VRLLOG","VRL LOGISTICS LIMITED","1"
"09-APR-2026","WAAREEENER","WAAREE ENERGIES LIMITED","4"
"09-APR-2026","ZAGGLE","ZAGGLE PREPA OCEAN SER L","25"
"09-APR-2026","ZYDUSLIFE","ZYDUS LIFESCIENCES","30"
"10-APR-2026","ABB","ABB LTD.","5"
"10-APR-2026","ABDL","ALLIED BLEND N DISTILS L","4,962"
"10-APR-2026","ABFRL","ADITYA BIRLA FASHION & RT","200"
"10-APR-2026","ADANIENSOL","ADANI ENERGY SOLUTION LTD","97"
"10-APR-2026","ADANIENT","ADANI ENTERPRISES LIMITED","20"
"10-APR-2026","ADANIGREEN","ADANI GREEN ENERGY LTD","68"
"10-APR-2026","ADANIPORTS","ADANI PORT & SEZ LTD","20"
"10-APR-2026","ADANIPOWER","ADANI POWER LTD","50"
"10-APR-2026","AFCONS","AFCONS INFRASTRUCTURE LTD","10"
"10-APR-2026","AMBER","AMBER ENTERPRISES (I) LTD","61"
"10-APR-2026","AMBUJACEM","AMBUJA CEMENTS LTD","3"
"10-APR-2026","ANANTRAJ","ANANT RAJ LIMITED","35"
"10-APR-2026","ASIANPAINT","ASIAN PAINTS LIMITED","9"
"10-APR-2026","ASTRAL","ASTRAL POLY TECHNIK LIMITED","50"
"10-APR-2026","ATGL","ADANI TOTAL GAS LIMITED","15"
"10-APR-2026","ATHERENERG","ATHER ENERGY LIMITED","52"
"10-APR-2026","BAJAJ-AUTO","BAJAJ AUTO LIMITED","6"
"10-APR-2026","BALRAMCHIN","BALRAMPUR CHINI MILLS LTD","1"
"10-APR-2026","BANKINDIA","BANK OF INDIA","784"
"10-APR-2026","BHEL","BHEL","22,590"
"10-APR-2026","BLACKBUCK","ZINKA LOGISTICS SOL LTD","500"
"10-APR-2026","BLS","BLS INTL SERVS LTD","100"
"10-APR-2026","BLUEJET","BLUE JET HEALTHCARE LTD","4,732"
"10-APR-2026","BSE","BSE LIMITED","2"
"10-APR-2026","CAMS","COMPUTER AGE MGMT SER LTD","4"
"10-APR-2026","CANBK","CANARA BANK","100"
"10-APR-2026","CCL","CCL PRODUCTS (I) LTD     ","1"
"10-APR-2026","CGCL","CGCL","1"
"10-APR-2026","CHOLAFIN","CHOLAMANDALAM IN & FIN CO","2"
"10-APR-2026","COALINDIA","COALINDIA","50"
"10-APR-2026","COFORGE","COFORGE LIMITED","31"
"10-APR-2026","COHANCE","COHANCE LIFESCIENCES LTD","5"
"10-APR-2026","CUMMINSIND","CUMMINS INDIA LTD","9"
"10-APR-2026","DIVISLAB","DIVI'S LABORATORIES LTD","2"
"10-APR-2026","DIXON","DIXON TECHNO (INDIA) LTD","100"
"10-APR-2026","EICHERMOT","EICHER MOTORS LIMITED","7"
"10-APR-2026","ENGINERSIN","ENGINEERS INDIA LTD","55"
"10-APR-2026","EPL","EPL","50"
"10-APR-2026","FACT","FACT LTD","300"
"10-APR-2026","FINEORG","FINE ORGANIC IND. LTD","25"
"10-APR-2026","FIVESTAR","FIVE-STAR BUS FIN LTD","1"
"10-APR-2026","GODREJCP","GODREJ CONSUMER PRODUCTS LIMITED","37"
"10-APR-2026","GODREJPROP","GODREJ PROPERTIES LTD","2"
"10-APR-2026","GRSE","GARDEN REACH SHIP&ENG LTD","200"
"10-APR-2026","HAL","HINDUSTAN AERONAUTICS LTD","11"
"10-APR-2026","HAVELLS","HAVELLS INDIA LIMITED","510"
"10-APR-2026","HCLTECH","HCL TECHNOLOGIES LTD","1,25,650"
"10-APR-2026","HDFCBANK","HDFC BANK LTD","300"
"10-APR-2026","HEROMOTOCO","HERO MOTOCORP LTD","1"
"10-APR-2026","HFCL","HIMACHAL FUTURISTIC COMMUNICATIONS LIMITED","100"
"10-APR-2026","HINDALCO","HINDALCO  INDUSTRIES  LTD","25"
"10-APR-2026","HINDUNILVR","HINDUSTAN UNILEVER LTD.","20"
"10-APR-2026","HINDZINC","HINDUSTAN ZINC LIMITED","25"
"10-APR-2026","HIRECT","HIND RECTIFIER LIMITED","22,885"
"10-APR-2026","HYUNDAI","HYUNDAI MOTOR INDIA LTD","24,810"
"10-APR-2026","IDFCFIRSTB","IDFC FIRST BANK LIMI","151"
"10-APR-2026","IEX","INDIAN ENERGY EXCHANGE LIMITED","108"
"10-APR-2026","IFCI","IFCI LTD","5"
"10-APR-2026","IGL","INDRAPRASTHA GAS LTD","200"
"10-APR-2026","INDHOTEL","THE INDIAN HOTELS CO. LTD","10"
"10-APR-2026","INDRAMEDCO","INDRAPRASTHA MEDICAL CORP","51"
"10-APR-2026","IRB","IRB INFRA DEV LTD.","10,000"
"10-APR-2026","IRFC","IRFC","757"
"10-APR-2026","JPPOWER","JAIPRAKASH POWER VEN. LTD","1"
"10-APR-2026","JSWHL","JSW HOLDINGS LIMITED","70"
"10-APR-2026","JUBLFOOD","JUBILANT FOODWORKS LTD","2"
"10-APR-2026","KAJARIACER","KAJARIA CERAMICS LTD     ","1"
"10-APR-2026","KALYANKJIL","KALYAN JEWELLERS IND LTD","20"
"10-APR-2026","KAYNES","KAYNES TECHNOLOGY IND LTD","1,000"
"10-APR-2026","KEC","KEC INTL. LIMITED        ","10"
"10-APR-2026","LEMONTREE","LEMON TREE HOTELS LTD","200"
"10-APR-2026","LIQUID","MIRAEAMC - LIQUID","1"
"10-APR-2026","LODHA","LODHA","37"
"10-APR-2026","LT","LARSEN & TOUBRO LTD.","10"
"10-APR-2026","LTM","LTIMINDTREE LIMITED","1,200"
"10-APR-2026","LUPIN","LUPIN LIMITED","410"
"10-APR-2026","M&M","MAHINDRA & MAHINDRA LTD","4"
"10-APR-2026","MAHKTECH","MIRAEAMC - MAHKTECH","10"
"10-APR-2026","MANINDS","MAN INDUSTRIES (I) LTD.  ","200"
"10-APR-2026","MANKIND","MANKIND PHARMA LIMITED","4"
"10-APR-2026","METALIETF","ICICIPRAMC - METALIETF","4"
"10-APR-2026","MONQ50","MOTILALAMC - MONQ50","99"
"10-APR-2026","NBCC","NATIONAL BUILDINGS LTD   ","223"
"10-APR-2026","NHPC","NHPC LTD","385"
"10-APR-2026","NIACL","THE NEW INDIA ASSU CO LTD","7,00,952"
"10-APR-2026","NMDC","NMDC LTD.","100"
"10-APR-2026","OFSS","Oracle Financial Services Software Limited","300"
"10-APR-2026","OLAELEC","OLA ELECTRIC MOBILITY LTD","1,76,571"
"10-APR-2026","PARAS","PARAS DEF AND SPCE TECH L","440"
"10-APR-2026","PETRONET","PETRONET LNG LIMITED","11,400"
"10-APR-2026","PGHL","PROCTER & GAMBLE HEALTH L","1"
"10-APR-2026","PGIL","PEARL GLOBAL IND LIMITED","1"
"10-APR-2026","PNB","PUNJAB NATIONAL BANK","522"
"10-APR-2026","POWERINDIA","ABB POWER PRO N SYS IND L","21"
"10-APR-2026","PPLPHARMA","PIRAMAL PHARMA LIMITED","136"
"10-APR-2026","PROTEAN","PROTEAN EGOV TECHNO LTD","20"
"10-APR-2026","RECLTD","RURAL ELEC CORP. LTD.","4,000"
"10-APR-2026","RELIANCE","RELIANCE INDUSTRIES LTD","11"
"10-APR-2026","RVNL","RVNL","88,451"
"10-APR-2026","SAMMAANCAP","SAMMAAN CAPITAL LIMITED","128"
"10-APR-2026","SANGHVIMOV","SANGHVI MOVERS LTD","1"
"10-APR-2026","SARDAEN","SARDA ENERGY & MIN LTD","9"
"10-APR-2026","SHRIRAMFIN","SHRIRAM FINANCE LIMITED","49"
"10-APR-2026","SIEMENS","SIEMENS LTD","8"
"10-APR-2026","SUZLON","SUZLON ENERGY LIMITED","10"
"10-APR-2026","SWIGGY","SWIGGY LIMITED","52"
"10-APR-2026","TATACOMM","TATA COMMUNICATIONS LTD","10"
"10-APR-2026","TATAPOWER","TATA POWER CO LTD","23"
"10-APR-2026","TATASTEEL","TATA STEEL LIMITED","118"
"10-APR-2026","TATATECH","TATA TECHNOLOGIES LIMITED","34"
"10-APR-2026","TCS","TATA CONSULTANCY SERV LT","18,860"
"10-APR-2026","TITAN","TITAN INDUSTRIES LTD","1"
"10-APR-2026","TMPV","TATA MOTORS PASS VEH LTD","296"
"10-APR-2026","TORNTPOWER","TORRENT POWER LTD","12"
"10-APR-2026","UNIONBANK","UNION BANK OF INDIA","10"
"10-APR-2026","URBANCO","URBAN COMPANY LIMITED","50"
"10-APR-2026","VBL","VARUN BEVERAGES LIMITED    ","100"
"10-APR-2026","VEDL","VEDANTA LIMITED","1"
"10-APR-2026","WAAREEENER","WAAREE ENERGIES LIMITED","3"
"10-APR-2026","WIPRO","WIPRO LTD","2,46,010"
"10-APR-2026","ZEEL","ZEE ENTERTAINMENT ENT LTD","2"
"10-APR-2026","ZENTEC","ZEN TECHNOLOGIES LIMITED","10"
"13-APR-2026","360ONE","360 ONE WAM LIMITED","1"
"13-APR-2026","63MOONS","63 MOONS TECHNOLOGIES LTD","48"
"13-APR-2026","AAVAS","AAVAS FINANCIERS LIMITED","12"
"13-APR-2026","ABB","ABB LTD.","1"
"13-APR-2026","ADANIENT","ADANI ENTERPRISES LIMITED","225"
"13-APR-2026","ADANIGREEN","ADANI GREEN ENERGY LTD","14"
"13-APR-2026","ADANIPORTS","ADANI PORT & SEZ LTD","12"
"13-APR-2026","ADANIPOWER","ADANI POWER LTD","53"
"13-APR-2026","AFFLE","AFFLE (INDIA) LIMITED","15"
"13-APR-2026","ASHOKLEY","ASHOK LEYLAND LTD","2,001"
"13-APR-2026","ASTRAL","ASTRAL POLY TECHNIK LIMITED","80"
"13-APR-2026","ASTRAMICRO","ASTRAMICRO","100"
"13-APR-2026","ATHERENERG","ATHER ENERGY LIMITED","24"
"13-APR-2026","AUBANK","AU SMALL FINANCE BANK LIMITED","26"
"13-APR-2026","BAJAJ-AUTO","BAJAJ AUTO LIMITED","8"
"13-APR-2026","BAJAJHFL","BAJAJ HOUSING FINANCE LTD","300"
"13-APR-2026","BALKRISIND","BALKRISHNA IND. LTD      ","1,799"
"13-APR-2026","BANDHANBNK","BANDHAN BANK LIMITED","4,000"
"13-APR-2026","BEL","BHARAT ELECTRONICS LTD","31"
"13-APR-2026","BHEL","BHEL","410"
"13-APR-2026","BOMDYEING","BOMBAY DYEING & MFG. CO L","244"
"13-APR-2026","BSE","BSE LIMITED","378"
"13-APR-2026","CAMS","COMPUTER AGE MGMT SER LTD","4"
"13-APR-2026","CANBK","CANARA BANK","750"
"13-APR-2026","CHENNPETRO","CHENNAI PETROLEUM CORP LT","149"
"13-APR-2026","COALINDIA","COALINDIA","23,882"
"13-APR-2026","CPSEETF","GOLDMANAMC - CPSEETF","3,268"
"13-APR-2026","DIXON","DIXON TECHNO (INDIA) LTD","30"
"13-APR-2026","DLF","DLF LIMITED","363"
"13-APR-2026","DMART","AVENUE SUPERMARTS LIMITED","20"
"13-APR-2026","EICHERMOT","EICHER MOTORS LIMITED","6"
"13-APR-2026","ETERNAL","ETERNAL LIMITED","400"
"13-APR-2026","FACT","FACT LTD","7"
"13-APR-2026","FORCEMOT","FORCE MOTORS LIMITED","100"
"13-APR-2026","GAIL","GAIL (INDIA) LTD","972"
"13-APR-2026","GALLANTT","GALLANTT ISPAT LIMITED","6"
"13-APR-2026","GLENMARK","GLENMARK PHARMACEUTICALS LIMITED","426"
"13-APR-2026","GMDCLTD","GUJARAT MINERAL DEV CORP","1,000"
"13-APR-2026","GODREJPROP","GODREJ PROPERTIES LTD","150"
"13-APR-2026","GREENPANEL","GREENPANEL INDUSTRIES LTD","46"
"13-APR-2026","GROWW","BILLIONBRAINS GARAGE VN L","500"
"13-APR-2026","GSFC","GUJ STATE FERT & CHEM LTD","300"
"13-APR-2026","HCLTECH","HCL TECHNOLOGIES LTD","37,800"
"13-APR-2026","HDFCAMC","HDFC AMC LIMITED","6"
"13-APR-2026","HDFCBANK","HDFC BANK LTD","3"
"13-APR-2026","HDFCSML250","HDFCAMC - HDFCSML250","205"
"13-APR-2026","HINDPETRO","HINDUSTAN PETROLEUM CORP","311"
"13-APR-2026","HINDUNILVR","HINDUSTAN UNILEVER LTD.","25"
"13-APR-2026","HINDZINC","HINDUSTAN ZINC LIMITED","2,096"
"13-APR-2026","HIRECT","HIND RECTIFIER LIMITED","637"
"13-APR-2026","HUBTOWN","HUBTOWN LIMITED","500"
"13-APR-2026","HYUNDAI","HYUNDAI MOTOR INDIA LTD","1,100"
"13-APR-2026","IDFCFIRSTB","IDFC FIRST BANK LIMI","1,001"
"13-APR-2026","INDIANB","INDIAN BANK","100"
"13-APR-2026","INDIGO","INTERGLOBE AVIATION LTD  ","5"
"13-APR-2026","IOC","INDIAN OIL CORP LTD","1,133"
"13-APR-2026","IRFC","IRFC","341"
"13-APR-2026","ITBEES","NIP IND ETF IT","900"
"13-APR-2026","JINDALSTEL","JINDAL STEEL & POWER LTD","1,004"
"13-APR-2026","JSWCEMENT","JSW CEMENT LIMITED","200"
"13-APR-2026","KRN","KRN HEAT EXCHANGE N REF L","80"
"13-APR-2026","KSB","KSB","31"
"13-APR-2026","LAURUSLABS","LAURUS LABS LIMITED","30"
"13-APR-2026","LINDEINDIA","LINDE INDIA LIMITED","200"
"13-APR-2026","LIQUID","MIRAEAMC - LIQUID","1,600"
"13-APR-2026","LT","LARSEN & TOUBRO LTD.","25"
"13-APR-2026","MAXHEALTH","MAX HEALTHCARE INS LTD","1"
"13-APR-2026","MCX","MULTI COMMODITY EXCHANGE OF INDIA LIMITED","53"
"13-APR-2026","MONQ50","MOTILALAMC - MONQ50","756"
"13-APR-2026","MOQUALITY","MOTILALAMC - MOQUALITY","67"
"13-APR-2026","MOSCHIP","MOSCHIP TECHNOLOGIES LTD","2"
"13-APR-2026","MUTHOOTFIN","MUTHOOT FINANCE LIMITED","15"
"13-APR-2026","NATIONALUM","NATIONAL ALUMINIUM CO LTD","396"
"13-APR-2026","NHPC","NHPC LTD","100"
"13-APR-2026","NIACL","THE NEW INDIA ASSU CO LTD","8,948"
"13-APR-2026","NMDC","NMDC LTD.","200"
"13-APR-2026","NTPC","NTPC LTD","100"
"13-APR-2026","NTPCGREEN","NTPC GREEN ENERGY LIMITED","730"
"13-APR-2026","OFSS","Oracle Financial Services Software Limited","45"
"13-APR-2026","OLAELEC","OLA ELECTRIC MOBILITY LTD","10,001"
"13-APR-2026","OLECTRA","OLECTRA GREENTECH LIMITED","20"
"13-APR-2026","ONGC","OIL AND NATURAL GAS CORP.","114"
"13-APR-2026","PETRONET","PETRONET LNG LIMITED","1"
"13-APR-2026","POWERINDIA","ABB POWER PRO N SYS IND L","20"
"13-APR-2026","PREMIERENE","PREMIER ENERGIES LIMITED","575"
"13-APR-2026","PURVA","PURAVANKARA PROJ. LTD.","148"
"13-APR-2026","RBLBANK","RBL BANK LIMITED    ","1,000"
"13-APR-2026","RECLTD","RURAL ELEC CORP. LTD.","1,000"
"13-APR-2026","REFEX","REFEX INDUSTRIES LIMITED","128"
"13-APR-2026","RELIANCE","RELIANCE INDUSTRIES LTD","32"
"13-APR-2026","RELIGARE","RELIGARE ENTERPRISES LIMITED","1,334"
"13-APR-2026","SAREGAMA","SAREGAMA INDIA LIMITED","100"
"13-APR-2026","SBICARD","SBI CARDS & PAY SER LTD","20"
"13-APR-2026","SOLARINDS","SOLAR INDUSTRIES (I) LTD","34"
"13-APR-2026","SONACOMS","SONA BLW PRECISION FRGS L","144"
"13-APR-2026","STLTECH","STERLITE TECHNOLOGIES","30,816"
"13-APR-2026","SWIGGY","SWIGGY LIMITED","548"
"13-APR-2026","TATAINVEST","TATA INVESTMENT CORPORATION LIMITED","19"
"13-APR-2026","TATASTEEL","TATA STEEL LIMITED","290"
"13-APR-2026","TCS","TATA CONSULTANCY SERV LT","5,546"
"13-APR-2026","TECHM","TECH MAHINDRA LIMITED","6"
"13-APR-2026","TMPV","TATA MOTORS PASS VEH LTD","3,200"
"13-APR-2026","TORNTPHARM","TORRENT PHARMACEUTICALS L","5"
"13-APR-2026","UBL","UNITED BREWERIES LIMITED","1"
"13-APR-2026","UNIONBANK","UNION BANK OF INDIA","450"
"13-APR-2026","UPL","UPL LIMITED","100"
"13-APR-2026","VEDL","VEDANTA LIMITED","58"
"13-APR-2026","VIPIND","VIP INDUSTRIES LTD","30"
"13-APR-2026","WIPRO","WIPRO LTD","1,89,050"
"13-APR-2026","YESBANK","YES BANK LIMITED","2,200"
"15-APR-2026","ABB","ABB LTD.","2"
"15-APR-2026","ADANIENSOL","ADANI ENERGY SOLUTION LTD","2"
"15-APR-2026","ADANIPORTS","ADANI PORT & SEZ LTD","100"
"15-APR-2026","ADANIPOWER","ADANI POWER LTD","1"
"15-APR-2026","AONELIQUID","AONEAMC - AONELIQUID","95"
"15-APR-2026","APLAPOLLO","APL APOLLO TUBES LTD","11"
"15-APR-2026","APOLLOHOSP","APOLLO HOSPITALS ENTERPRISE LIMITED","6"
"15-APR-2026","APTUS","APTUS VALUE HSG FIN I LTD","500"
"15-APR-2026","ASTRAL","ASTRAL POLY TECHNIK LIMITED","75"
"15-APR-2026","ATGL","ADANI TOTAL GAS LIMITED","10"
"15-APR-2026","ATHERENERG","ATHER ENERGY LIMITED","120"
"15-APR-2026","AUBANK","AU SMALL FINANCE BANK LIMITED","26"
"15-APR-2026","AWL","ADANI WILMAR LIMITED","31"
"15-APR-2026","BAJAJ-AUTO","BAJAJ AUTO LIMITED","3"
"15-APR-2026","BANKBARODA","BANK OF BARODA","150"
"15-APR-2026","BAYERCROP","BAYER CROPSCIENCE LTD    ","42"
"15-APR-2026","BEL","BHARAT ELECTRONICS LTD","56"
"15-APR-2026","BHEL","BHEL","2"
"15-APR-2026","BPCL","BHARAT PETROLEUM CORP  LT","1,048"
"15-APR-2026","CGPOWER","CG POWER AND INDUSTRIAL SOLUTIONS LIMITED","1"
"15-APR-2026","CHENNPETRO","CHENNAI PETROLEUM CORP LT","102"
"15-APR-2026","COCHINSHIP","COCHIN SHIPYARD LIMITED","2"
"15-APR-2026","COFORGE","COFORGE LIMITED","1"
"15-APR-2026","DIXON","DIXON TECHNO (INDIA) LTD","128"
"15-APR-2026","DLF","DLF LIMITED","123"
"15-APR-2026","DRREDDY","DR. REDDY'S LABORATORIES","160"
"15-APR-2026","EBBETF0433","EDELAMC - EBBETF0433","44"
"15-APR-2026","EICHERMOT","EICHER MOTORS LIMITED","6"
"15-APR-2026","ETERNAL","ETERNAL LIMITED","314"
"15-APR-2026","EVIETF","ICICIPRAMC - EVIETF","50"
"15-APR-2026","FORCEMOT","FORCE MOTORS LIMITED","25"
"15-APR-2026","GAIL","GAIL (INDIA) LTD","1"
"15-APR-2026","GALLANTT","GALLANTT ISPAT LIMITED","7,919"
"15-APR-2026","GLENMARK","GLENMARK PHARMACEUTICALS LIMITED","26"
"15-APR-2026","GOLDIAM","GOLDIAM INTERNATIONAL LTD","103"
"15-APR-2026","GREAVESCOT","GREAVES COTTON LTD","10"
"15-APR-2026","GROWW","BILLIONBRAINS GARAGE VN L","10"
"15-APR-2026","HAL","HINDUSTAN AERONAUTICS LTD","3"
"15-APR-2026","HBLENGINE","HBL ENGINEERING LTD","41"
"15-APR-2026","HCLTECH","HCL TECHNOLOGIES LTD","62,300"
"15-APR-2026","HDFCBANK","HDFC BANK LTD","3"
"15-APR-2026","HDFCLIFE","HDFC STANDARD LIFE INSURANCE COMPANY LIMITED","5"
"15-APR-2026","HDFCPSUBK","HDFCAMC HDFCPSUBK","1"
"15-APR-2026","HFCL","HIMACHAL FUTURISTIC COMMUNICATIONS LIMITED","1"
"15-APR-2026","HINDPETRO","HINDUSTAN PETROLEUM CORP","301"
"15-APR-2026","HINDZINC","HINDUSTAN ZINC LIMITED","275"
"15-APR-2026","HYUNDAI","HYUNDAI MOTOR INDIA LTD","275"
"15-APR-2026","ICICIBANK","ICICI BANK LTD.","4"
"15-APR-2026","IEX","INDIAN ENERGY EXCHANGE LIMITED","24"
"15-APR-2026","IIFLCAPS","IIFL CAPITAL SERVICES LTD","20"
"15-APR-2026","INTELLECT","INTELLECT DESIGN ARENA   ","22"
"15-APR-2026","IOC","INDIAN OIL CORP LTD","1,000"
"15-APR-2026","IRB","IRB INFRA DEV LTD.","3,211"
"15-APR-2026","IREDA","INDIAN RENEWABLE ENERGY","350"
"15-APR-2026","IRFC","IRFC","10"
"15-APR-2026","KAYNES","KAYNES TECHNOLOGY IND LTD","100"
"15-APR-2026","KEI","KEI INDUSTRIES LTD.      ","179"
"15-APR-2026","KIRLOSBROS","KIRLOSKAR BROTHERS LTD","2"
"15-APR-2026","KRN","KRN HEAT EXCHANGE N REF L","30"
"15-APR-2026","LGEINDIA","LG ELECTRONICS INDIA LTD","2,500"
"15-APR-2026","LT","LARSEN & TOUBRO LTD.","54"
"15-APR-2026","LTF","L&T FINANCE LIMITED","38,250"
"15-APR-2026","LTM","LTIMINDTREE LIMITED","451"
"15-APR-2026","LUPIN","LUPIN LIMITED","15"
"15-APR-2026","M&M","MAHINDRA & MAHINDRA LTD","32"
"15-APR-2026","MANYAVAR","VEDANT FASHIONS LIMITED","30"
"15-APR-2026","MARUTI","MARUTI SUZUKI INDIA LTD.","5"
"15-APR-2026","MAXHEALTH","MAX HEALTHCARE INS LTD","1"
"15-APR-2026","MCX","MULTI COMMODITY EXCHANGE OF INDIA LIMITED","5"
"15-APR-2026","MIDCAP","KOTAKMAMC - KOTAKMID50","1"
"15-APR-2026","MOIL","MOIL LIMITED     ","54"
"15-APR-2026","MOLOWVOL","MOTILALAMC - MOLOWVOL","1"
"15-APR-2026","MOMIDMTM","MOTILALAMC - MOMIDMTM","4"
"15-APR-2026","MOTHERSON","SAMVRDHNA MTHRSN INT","1,500"
"15-APR-2026","MTARTECH","MTAR TECHNOLOGIES LIMITED","5"
"15-APR-2026","NESTLEIND","NESTLE INDIA LIMITED","1"
"15-APR-2026","NETWEB","NETWEB TECH INDIA LTD","964"
"15-APR-2026","NIACL","THE NEW INDIA ASSU CO LTD","269"
"15-APR-2026","NMDC","NMDC LTD.","54,126"
"15-APR-2026","NYKAA","FSN E COMMERCE VENTURES","1"
"15-APR-2026","OFSS","Oracle Financial Services Software Limited","45"
"15-APR-2026","ONGC","OIL AND NATURAL GAS CORP.","3"
"15-APR-2026","PCBL","PCBL LIMITED","25"
"15-APR-2026","PFC","POWER FIN CORP LTD.","200"
"15-APR-2026","PGEL","PG ELECTROPLAST LTD","10"
"15-APR-2026","POWERGRID","POWER GRID CORP. LTD.","50"
"15-APR-2026","PREMIERENE","PREMIER ENERGIES LIMITED","575"
"15-APR-2026","PSUBNKIETF","ICICIPRAMC - PSUBANKICI","1"
"15-APR-2026","PURVA","PURAVANKARA PROJ. LTD.","159"
"15-APR-2026","QPOWER","QUALITY POWER ELEC EQUP L","4"
"15-APR-2026","RAILTEL","RAILTEL","140"
"15-APR-2026","RECLTD","RURAL ELEC CORP. LTD.","300"
"15-APR-2026","RELIANCE","RELIANCE INDUSTRIES LTD","52"
"15-APR-2026","SAMMAANCAP","SAMMAAN CAPITAL LIMITED","200"
"15-APR-2026","SBILIFE","SBI LIFE INSURANCE COMPANY LIMITED","15"
"15-APR-2026","SIEMENS","SIEMENS LTD","1,954"
"15-APR-2026","SOLARINDS","SOLAR INDUSTRIES (I) LTD","1"
"15-APR-2026","STLTECH","STERLITE TECHNOLOGIES","1,453"
"15-APR-2026","SUZLON","SUZLON ENERGY LIMITED","2,01,100"
"15-APR-2026","TATACHEM","TATA CHEMICALS LTD","182"
"15-APR-2026","TATAPOWER","TATA POWER CO LTD","15"
"15-APR-2026","TATASTEEL","TATA STEEL LIMITED","84"
"15-APR-2026","TCS","TATA CONSULTANCY SERV LT","2,835"
"15-APR-2026","TECHM","TECH MAHINDRA LIMITED","50"
"15-APR-2026","TENNIND","TENNECO CLEAN AIR INDIA L","170"
"15-APR-2026","TMPV","TATA MOTORS PASS VEH LTD","300"
"15-APR-2026","TTML","TATA TELESERV(MAHARASTRA)","1,129"
"15-APR-2026","TVSMOTOR","TVS MOTOR COMPANY  LTD","10"
"15-APR-2026","UPL","UPL LIMITED","100"
"15-APR-2026","VBL","VARUN BEVERAGES LIMITED    ","25"
"15-APR-2026","VEDL","VEDANTA LIMITED","55"
"15-APR-2026","VIPIND","VIP INDUSTRIES LTD","27"
"15-APR-2026","VMM","VISHAL MEGA MART LIMITED","810"
"15-APR-2026","VOLTAS","VOLTAS LTD","25"
"15-APR-2026","WAAREERTL","WAAREE RENEWABLE TECH LTD","7"
"15-APR-2026","WEBELSOLAR","WEBSOL ENERGY SYSTEM LTD","1,39,283"
"15-APR-2026","WIPRO","WIPRO LTD","6,69,436"
"15-APR-2026","YESBANK","YES BANK LIMITED","1"
"15-APR-2026","ZYDUSLIFE","ZYDUS LIFESCIENCES","1"
"15-APR-2026","ZYDUSWELL","ZYDUS WELLNESS LIMITED","2"
"16-APR-2026","ADANIENSOL","ADANI ENERGY SOLUTION LTD","17"
"16-APR-2026","ADANIENT","ADANI ENTERPRISES LIMITED","18"
"16-APR-2026","ADANIGREEN","ADANI GREEN ENERGY LTD","8"
"16-APR-2026","ADANIPORTS","ADANI PORT & SEZ LTD","208"
"16-APR-2026","ADANIPOWER","ADANI POWER LTD","470"
"16-APR-2026","AEGISLOG","AEGIS LOGISTICS LIMITED","5"
"16-APR-2026","AFCONS","AFCONS INFRASTRUCTURE LTD","3,000"
"16-APR-2026","AMBER","AMBER ENTERPRISES (I) LTD","2"
"16-APR-2026","ANGELONE","ANGEL ONE LTD","320"
"16-APR-2026","APOLLO","APOLLO MICRO SYSTEMS LTD","11"
"16-APR-2026","APTUS","APTUS VALUE HSG FIN I LTD","5"
"16-APR-2026","ASHOKLEY","ASHOK LEYLAND LTD","50"
"16-APR-2026","ASTRAL","ASTRAL POLY TECHNIK LIMITED","308"
"16-APR-2026","ASTRAMICRO","ASTRAMICRO","100"
"16-APR-2026","ATGL","ADANI TOTAL GAS LIMITED","3"
"16-APR-2026","BAJFINANCE","BAJAJ FINANCE LIMITED","75"
"16-APR-2026","BANKBARODA","BANK OF BARODA","300"
"16-APR-2026","BEL","BHARAT ELECTRONICS LTD","347"
"16-APR-2026","BHEL","BHEL","100"
"16-APR-2026","BLACKBUCK","ZINKA LOGISTICS SOL LTD","1"
"16-APR-2026","BLUEJET","BLUE JET HEALTHCARE LTD","150"
"16-APR-2026","BLUESTARCO","BLUE STAR LIMITED","179"
"16-APR-2026","BPCL","BHARAT PETROLEUM CORP  LT","544"
"16-APR-2026","BSE","BSE LIMITED","2"
"16-APR-2026","BSE500IETF","ICICIPRAMC - ICICI500","1"
"16-APR-2026","CANHLIFE","CANARA HSBC LIFE INS CO L","140"
"16-APR-2026","CASHIETF","ICICIPRAMC - CASHIETF","95"
"16-APR-2026","CDSL","CENTRAL DEPOSITORY SERVICES (INDIA) LIMITED","1"
"16-APR-2026","CGPOWER","CG POWER AND INDUSTRIAL SOLUTIONS LIMITED","25"
"16-APR-2026","COHANCE","COHANCE LIFESCIENCES LTD","2"
"16-APR-2026","DCBBANK","DCB BANK LIMITED","100"
"16-APR-2026","DIXON","DIXON TECHNO (INDIA) LTD","400"
"16-APR-2026","DLF","DLF LIMITED","4,024"
"16-APR-2026","ELGIEQUIP","ELGI EQUIPMENTS LTD","100"
"16-APR-2026","FIVESTAR","FIVE-STAR BUS FIN LTD","3"
"16-APR-2026","FSL","FIRSTSOURCE SOLU. LTD.","31,300"
"16-APR-2026","GAIL","GAIL (INDIA) LTD","325"
"16-APR-2026","GALLANTT","GALLANTT ISPAT LIMITED","178"
"16-APR-2026","GLOBUSSPR","GLOBUS SPIRITS LTD","12"
"16-APR-2026","GMDCLTD","GUJARAT MINERAL DEV CORP","6,37,290"
"16-APR-2026","GRAPHITE","GRAPHITE INDIA LIMITED","10"
"16-APR-2026","GROWW","BILLIONBRAINS GARAGE VN L","50"
"16-APR-2026","GRSE","GARDEN REACH SHIP&ENG LTD","50"
"16-APR-2026","HAL","HINDUSTAN AERONAUTICS LTD","1"
"16-APR-2026","HCLTECH","HCL TECHNOLOGIES LTD","1,27,400"
"16-APR-2026","HDBFS","HDB FINANCIAL SERVICES L","341"
"16-APR-2026","HDFCBANK","HDFC BANK LTD","200"
"16-APR-2026","HEG","HEG LIMITED","345"
"16-APR-2026","HINDCOPPER","HINDUSTAN COPPER LIMITED","25"
"16-APR-2026","HINDZINC","HINDUSTAN ZINC LIMITED","50"
"16-APR-2026","HNGSNGBEES","HNGSNGBEES","494"
"16-APR-2026","HONASA","HONASA CONSUMER LIMITED","39"
"16-APR-2026","HYUNDAI","HYUNDAI MOTOR INDIA LTD","50"
"16-APR-2026","IEX","INDIAN ENERGY EXCHANGE LIMITED","10"
"16-APR-2026","INDHOTEL","THE INDIAN HOTELS CO. LTD","10"
"16-APR-2026","INDIGO","INTERGLOBE AVIATION LTD  ","1"
"16-APR-2026","IRB","IRB INFRA DEV LTD.","200"
"16-APR-2026","IRFC","IRFC","295"
"16-APR-2026","ITBEES","NIP IND ETF IT","1"
"16-APR-2026","JINDALSTEL","JINDAL STEEL & POWER LTD","20"
"16-APR-2026","JPPOWER","JAIPRAKASH POWER VEN. LTD","199"
"16-APR-2026","KAYNES","KAYNES TECHNOLOGY IND LTD","10"
"16-APR-2026","KEI","KEI INDUSTRIES LTD.      ","1,750"
"16-APR-2026","LLOYDSENT","LLOYDS ENTERPRISES LTD","20"
"16-APR-2026","LT","LARSEN & TOUBRO LTD.","7"
"16-APR-2026","LTM","LTIMINDTREE LIMITED","151"
"16-APR-2026","M&M","MAHINDRA & MAHINDRA LTD","2"
"16-APR-2026","MAHABANK","MAHABANK","1"
"16-APR-2026","MAHLOG","MAHLOG","10"
"16-APR-2026","MANINDS","MAN INDUSTRIES (I) LTD.  ","300"
"16-APR-2026","MON100","MOTILAL OS NASDAQ100 ETF","592"
"16-APR-2026","MONQ50","MOTILALAMC - MONQ50","250"
"16-APR-2026","NATIONALUM","NATIONAL ALUMINIUM CO LTD","100"
"16-APR-2026","NBCC","NATIONAL BUILDINGS LTD   ","27"
"16-APR-2026","NETWEB","NETWEB TECH INDIA LTD","2,302"
"16-APR-2026","NHPC","NHPC LTD","1"
"16-APR-2026","NIFTYBEES","GOLDMAN SACHS NIFTY EXCHANGE TRADED SCHEME","1"
"16-APR-2026","NLCINDIA","NLC INDIA LIMITED","200"
"16-APR-2026","NMDC","NMDC LTD.","50"
"16-APR-2026","NUVAMA","NUVAMA WEALTH MANAGE LTD","105"
"16-APR-2026","OLAELEC","OLA ELECTRIC MOBILITY LTD","1"
"16-APR-2026","PAGEIND","PAGE INDUSTRIES LTD","1"
"16-APR-2026","PAYTM","ONE 97 COMMUNICATIONS LTD","303"
"16-APR-2026","PCBL","PCBL LIMITED","2"
"16-APR-2026","PFC","POWER FIN CORP LTD.","116"
"16-APR-2026","PGEL","PG ELECTROPLAST LTD","25"
"16-APR-2026","POLYCAB","POLYCAB INDIA LIMITED","6"
"16-APR-2026","POWERINDIA","ABB POWER PRO N SYS IND L","2"
"16-APR-2026","PREMEXPLN","PREMIER EXPLOSIVES LTD","1"
"16-APR-2026","QPOWER","QUALITY POWER ELEC EQUP L","40"
"16-APR-2026","RAILTEL","RAILTEL","5"
"16-APR-2026","RAYMOND","RAYMOND LIMITED","1"
"16-APR-2026","RELIANCE","RELIANCE INDUSTRIES LTD","12"
"16-APR-2026","RELIGARE","RELIGARE ENTERPRISES LIMITED","3,166"
"16-APR-2026","RVNL","RVNL","174"
"16-APR-2026","SAIL","STEEL AUTHORITY OF INDIA","100"
"16-APR-2026","SCI","SHIPPING CORP OF INDIA LT","205"
"16-APR-2026","SDL26BEES","RELCAPAMC-NETFSDL26","25"
"16-APR-2026","SENCO","SENCO GOLD LIMITED","5"
"16-APR-2026","SIEMENS","SIEMENS LTD","50"
"16-APR-2026","SJVN","SJVN","42"
"16-APR-2026","SKIPPER","SKIPPER LIMITED","200"
"16-APR-2026","SUNPHARMA","SUN PHARMACEUTICALS IND.","4"
"16-APR-2026","SUZLON","SUZLON ENERGY LIMITED","7,713"
"16-APR-2026","TATAPOWER","TATA POWER CO LTD","2,334"
"16-APR-2026","TATASTEEL","TATA STEEL LIMITED","1,260"
"16-APR-2026","TCS","TATA CONSULTANCY SERV LT","5,371"
"16-APR-2026","TECHM","TECH MAHINDRA LIMITED","3"
"16-APR-2026","TEJASNET","TEJAS NETWORKS LIMITED","100"
"16-APR-2026","TEXRAIL","TEXMACO RAIL & ENG. LTD. ","1"
"16-APR-2026","TMCV","TATA MOTORS LIMITED","1,200"
"16-APR-2026","TVSMOTOR","TVS MOTOR COMPANY  LTD","10"
"16-APR-2026","VBL","VARUN BEVERAGES LIMITED    ","100"
"16-APR-2026","VEDL","VEDANTA LIMITED","11"
"16-APR-2026","WAAREERTL","WAAREE RENEWABLE TECH LTD","57"
"16-APR-2026","WABAG","VA TECH WABAG LTD        ","8"
"16-APR-2026","WIPRO","WIPRO LTD","5,61,020"
"16-APR-2026","YESBANK","YES BANK LIMITED","1,400"
"17-APR-2026","ADANIENSOL","ADANI ENERGY SOLUTION LTD","86"
"17-APR-2026","ADANIENT","ADANI ENTERPRISES LIMITED","121"
"17-APR-2026","ADANIGREEN","ADANI GREEN ENERGY LTD","1"
"17-APR-2026","ADANIPORTS","ADANI PORT & SEZ LTD","27"
"17-APR-2026","ADANIPOWER","ADANI POWER LTD","280"
"17-APR-2026","AETHER","AETHER INDUSTRIES LIMITED","1"
"17-APR-2026","AMBER","AMBER ENTERPRISES (I) LTD","418"
"17-APR-2026","ANGELONE","ANGEL ONE LTD","761"
"17-APR-2026","APOLLO","APOLLO MICRO SYSTEMS LTD","587"
"17-APR-2026","APOLLOHOSP","APOLLO HOSPITALS ENTERPRISE LIMITED","18"
"17-APR-2026","APTUS","APTUS VALUE HSG FIN I LTD","1"
"17-APR-2026","ASIANPAINT","ASIAN PAINTS LIMITED","3"
"17-APR-2026","ATGL","ADANI TOTAL GAS LIMITED","93"
"17-APR-2026","AXISBANK","AXIS BANK LIMITED","133"
"17-APR-2026","BAJAJCON","BAJAJ CONSUMER CARE LTD","301"
"17-APR-2026","BAJFINANCE","BAJAJ FINANCE LIMITED","110"
"17-APR-2026","BANKINDIA","BANK OF INDIA","100"
"17-APR-2026","BEL","BHARAT ELECTRONICS LTD","22"
"17-APR-2026","BELRISE","BELRISE INDUSTRIES LTD","2"
"17-APR-2026","BHARATFORG","BHARAT FORGE LTD","3,000"
"17-APR-2026","BHEL","BHEL","50"
"17-APR-2026","BLUESTARCO","BLUE STAR LIMITED","975"
"17-APR-2026","BSE","BSE LIMITED","189"
"17-APR-2026","CGPOWER","CG POWER AND INDUSTRIAL SOLUTIONS LIMITED","266"
"17-APR-2026","COCHINSHIP","COCHIN SHIPYARD LIMITED","27"
"17-APR-2026","COLPAL","COLGATE PALMOLIVE LTD.","3"
"17-APR-2026","CPPLUS","ADITYA INFOTECH LIMITED","19"
"17-APR-2026","CUPID","CUPID LIMITED","5,000"
"17-APR-2026","DBREALTY","D B REALTY LIMITED","2,000"
"17-APR-2026","DEEPAKFERT","DEEPAK FERTILIZERS AND PETROCHEMICALS CORPORATION LIMITED","10"
"17-APR-2026","DIACABS","DIAMOND POWER INFRA LTD","85"
"17-APR-2026","DLF","DLF LIMITED","323"
"17-APR-2026","DMART","AVENUE SUPERMARTS LIMITED","15"
"17-APR-2026","EMAMILTD","EMAMI LIMITED","15"
"17-APR-2026","ENGINERSIN","ENGINEERS INDIA LTD","500"
"17-APR-2026","FIVESTAR","FIVE-STAR BUS FIN LTD","1"
"17-APR-2026","FORCEMOT","FORCE MOTORS LIMITED","25"
"17-APR-2026","GALLANTT","GALLANTT ISPAT LIMITED","1,625"
"17-APR-2026","GICRE","GENERAL INSURANCE CORPORATION OF INDIA","300"
"17-APR-2026","GMDCLTD","GUJARAT MINERAL DEV CORP","15,116"
"17-APR-2026","GODFRYPHLP","GODFREY PHILLIPS INDIA LT","3,425"
"17-APR-2026","GTLINFRA","GTL INFRA.LTD","100"
"17-APR-2026","HCLTECH","HCL TECHNOLOGIES LTD","46,550"
"17-APR-2026","HDFCAMC","HDFC AMC LIMITED","11"
"17-APR-2026","HFCL","HIMACHAL FUTURISTIC COMMUNICATIONS LIMITED","4,063"
"17-APR-2026","HINDUNILVR","HINDUSTAN UNILEVER LTD.","47"
"17-APR-2026","HOMEFIRST","HOMEFIRST","1"
"17-APR-2026","HYUNDAI","HYUNDAI MOTOR INDIA LTD","37,953"
"17-APR-2026","ICICIBANK","ICICI BANK LTD.","35"
"17-APR-2026","IDEA","Vodafone Idea Limited","1"
"17-APR-2026","INDUSINDBK","INDUSIND BANK LIMITED","4"
"17-APR-2026","IRFC","IRFC","285"
"17-APR-2026","ITC","ITC LTD","241"
"17-APR-2026","JINDALSAW","JINDAL SAW LIMITED","100"
"17-APR-2026","JKTYRE","JK TYRE & INDUSTRIES LTD","1"
"17-APR-2026","KEI","KEI INDUSTRIES LTD.      ","313"
"17-APR-2026","KIRLOSENG","KIRLOSENG","92"
"17-APR-2026","LATENTVIEW","LATENT VIEW ANALYTICS LTD","1"
"17-APR-2026","LODHA","LODHA","50"
"17-APR-2026","LUPIN","LUPIN LIMITED","165"
"17-APR-2026","M&M","MAHINDRA & MAHINDRA LTD","3"
"17-APR-2026","MANINDS","MAN INDUSTRIES (I) LTD.  ","100"
"17-APR-2026","MASPTOP50","MIRAEAMC - MASPTOP50","296"
"17-APR-2026","MAZDOCK","MAZAGON DOCK SHIPBUIL LTD","6"
"17-APR-2026","MCX","MULTI COMMODITY EXCHANGE OF INDIA LIMITED","7"
"17-APR-2026","MEDPLUS","MEDPLUS HEALTH SERV LTD","4"
"17-APR-2026","MIDHANI","MIDHANI","5"
"17-APR-2026","MON100","MOTILAL OS NASDAQ100 ETF","167"
"17-APR-2026","MONQ50","MOTILALAMC - MONQ50","825"
"17-APR-2026","MOSCHIP","MOSCHIP TECHNOLOGIES LTD","1"
"17-APR-2026","MOTILALOFS","MOTILAL OSWAL FIN LTD   ","25"
"17-APR-2026","NAUKRI","INFO EDGE (I) LTD","45"
"17-APR-2026","NESCO","NESCO LTD","35"
"17-APR-2026","NIFTYBEES","GOLDMAN SACHS NIFTY EXCHANGE TRADED SCHEME","99"
"17-APR-2026","NMDC","NMDC LTD.","102"
"17-APR-2026","PARAS","PARAS DEF AND SPCE TECH L","22"
"17-APR-2026","PAYTM","ONE 97 COMMUNICATIONS LTD","937"
"17-APR-2026","PFC","POWER FIN CORP LTD.","329"
"17-APR-2026","PFOCUS","PRIME FOCUS LIMITED","25"
"17-APR-2026","POLICYBZR","PB FINTECH LIMITED","13"
"17-APR-2026","POLYCAB","POLYCAB INDIA LIMITED","146"
"17-APR-2026","POWERGRID","POWER GRID CORP. LTD.","1"
"17-APR-2026","POWERINDIA","ABB POWER PRO N SYS IND L","60"
"17-APR-2026","PRAKASH","PRAKASH INDUSTRIES LIMITED","1,000"
"17-APR-2026","PRECWIRE","PRECISION WIRES INDIA LTD","2"
"17-APR-2026","PRICOLLTD","PRICOL LIMITED","5"
"17-APR-2026","PSUBNKIETF","ICICIPRAMC - PSUBANKICI","50"
"17-APR-2026","RAYMOND","RAYMOND LIMITED","4"
"17-APR-2026","RECLTD","RURAL ELEC CORP. LTD.","95"
"17-APR-2026","RELIANCE","RELIANCE INDUSTRIES LTD","15"
"17-APR-2026","RVNL","RVNL","1,625"
"17-APR-2026","SAIL","STEEL AUTHORITY OF INDIA","200"
"17-APR-2026","SHAKTIPUMP","SHAKTI PUMPS (I) LTD","1"
"17-APR-2026","SIEMENS","SIEMENS LTD","65"
"17-APR-2026","SUDARSCHEM","SUDARSHAN CHEMICAL INDS L","5"
"17-APR-2026","SUNPHARMA","SUN PHARMACEUTICALS IND.","2"
"17-APR-2026","SUZLON","SUZLON ENERGY LIMITED","351"
"17-APR-2026","SYRMA","SYRMA SGS TECHNOLOGY LTD","2"
"17-APR-2026","TATAPOWER","TATA POWER CO LTD","48"
"17-APR-2026","TCS","TATA CONSULTANCY SERV LT","9,629"
"17-APR-2026","TECHM","TECH MAHINDRA LIMITED","5"
"17-APR-2026","TEJASNET","TEJAS NETWORKS LIMITED","150"
"17-APR-2026","TMCV","TATA MOTORS LIMITED","266"
"17-APR-2026","UPL","UPL LIMITED","15"
"17-APR-2026","VEDL","VEDANTA LIMITED","200"
"17-APR-2026","VIKRAMSOLR","VIKRAM SOLAR LIMITED","5"
"17-APR-2026","WAAREERTL","WAAREE RENEWABLE TECH LTD","1,029"
"17-APR-2026","WIPRO","WIPRO LTD","7,28,997"
"17-APR-2026","YESBANK","YES BANK LIMITED","3,51,000"
"17-APR-2026","ZEEL","ZEE ENTERTAINMENT ENT LTD","6"
"20-APR-2026","ABB","ABB LTD.","3,375"
"20-APR-2026","ABSLBANETF","BIRLASLAMC - ABSLBANETF","1,000"
"20-APR-2026","ADANIGREEN","ADANI GREEN ENERGY LTD","100"
"20-APR-2026","ADANIPORTS","ADANI PORT & SEZ LTD","100"
"20-APR-2026","AMBER","AMBER ENTERPRISES (I) LTD","157"
"20-APR-2026","ANGELONE","ANGEL ONE LTD","50"
"20-APR-2026","APLAPOLLO","APL APOLLO TUBES LTD","90"
"20-APR-2026","ASIANPAINT","ASIAN PAINTS LIMITED","2"
"20-APR-2026","ATHERENERG","ATHER ENERGY LIMITED","2"
"20-APR-2026","AURIONPRO","AURIONPRO SOLN LTD","5,698"
"20-APR-2026","BAJFINANCE","BAJAJ FINANCE LIMITED","344"
"20-APR-2026","BEL","BHARAT ELECTRONICS LTD","35"
"20-APR-2026","BHEL","BHEL","1,100"
"20-APR-2026","BLUESTARCO","BLUE STAR LIMITED","325"
"20-APR-2026","BSE","BSE LIMITED","299"
"20-APR-2026","CAMS","COMPUTER AGE MGMT SER LTD","3"
"20-APR-2026","CDSL","CENTRAL DEPOSITORY SERVICES (INDIA) LIMITED","4,222"
"20-APR-2026","CGPOWER","CG POWER AND INDUSTRIAL SOLUTIONS LIMITED","40"
"20-APR-2026","CHENNPETRO","CHENNAI PETROLEUM CORP LT","100"
"20-APR-2026","COALINDIA","COALINDIA","10"
"20-APR-2026","CROMPTON","CROMPT GREA CON ELEC LTD  ","2"
"20-APR-2026","CUMMINSIND","CUMMINS INDIA LTD","10"
"20-APR-2026","DBL","DILIP BUILDCON LIMITED","562"
"20-APR-2026","DRREDDY","DR. REDDY'S LABORATORIES","11,250"
"20-APR-2026","EICHERMOT","EICHER MOTORS LIMITED","6"
"20-APR-2026","EMCURE","EMCURE PHARMACEUTICALS L","3"
"20-APR-2026","ENGINERSIN","ENGINEERS INDIA LTD","100"
"20-APR-2026","GALLANTT","GALLANTT ISPAT LIMITED","7,200"
"20-APR-2026","GMDCLTD","GUJARAT MINERAL DEV CORP","101"
"20-APR-2026","GODFRYPHLP","GODFREY PHILLIPS INDIA LT","2,750"
"20-APR-2026","HAL","HINDUSTAN AERONAUTICS LTD","635"
"20-APR-2026","HCLTECH","HCL TECHNOLOGIES LTD","9,100"
"20-APR-2026","HDFCBANK","HDFC BANK LTD","8,250"
"20-APR-2026","HDFCLIFE","HDFC STANDARD LIFE INSURANCE COMPANY LIMITED","510"
"20-APR-2026","HINDUNILVR","HINDUSTAN UNILEVER LTD.","75"
"20-APR-2026","HINDZINC","HINDUSTAN ZINC LIMITED","200"
"20-APR-2026","ICICIBANK","ICICI BANK LTD.","1"
"20-APR-2026","IEX","INDIAN ENERGY EXCHANGE LIMITED","1,420"
"20-APR-2026","INFY","INFOSYS TECHNOLOGIES LTD","6"
"20-APR-2026","JINDALSTEL","JINDAL STEEL & POWER LTD","6"
"20-APR-2026","JIOFIN","JIO FIN SERVICES LTD","1"
"20-APR-2026","JSWSTEEL","JSW STEEL LIMITED","49"
"20-APR-2026","JUBLFOOD","JUBILANT FOODWORKS LTD","1,250"
"20-APR-2026","KTKBANK","KARNATAKA BANK LIMITED","501"
"20-APR-2026","LIQUID","MIRAEAMC - LIQUID","1"
"20-APR-2026","LT","LARSEN & TOUBRO LTD.","718"
"20-APR-2026","LTM","LTIMINDTREE LIMITED","19,500"
"20-APR-2026","MAHABANK","MAHABANK","50"
"20-APR-2026","MAHKTECH","MIRAEAMC - MAHKTECH","2,854"
"20-APR-2026","MANKIND","MANKIND PHARMA LIMITED","6"
"20-APR-2026","MAXHEALTH","MAX HEALTHCARE INS LTD","20"
"20-APR-2026","MON100","MOTILAL OS NASDAQ100 ETF","121"
"20-APR-2026","MOTILALOFS","MOTILAL OSWAL FIN LTD   ","3"
"20-APR-2026","MSTCLTD","MSTC LIMITED","3"
"20-APR-2026","MUTHOOTFIN","MUTHOOT FINANCE LIMITED","15"
"20-APR-2026","NLCINDIA","NLC INDIA LIMITED","501"
"20-APR-2026","NTPC","NTPC LTD","1"
"20-APR-2026","NTPCGREEN","NTPC GREEN ENERGY LIMITED","100"
"20-APR-2026","PARAGMILK","PARAG MILK FOODS LTD.   ","11"
"20-APR-2026","PFC","POWER FIN CORP LTD.","100"
"20-APR-2026","POLYCAB","POLYCAB INDIA LIMITED","35"
"20-APR-2026","POWERINDIA","ABB POWER PRO N SYS IND L","20"
"20-APR-2026","QPOWER","QUALITY POWER ELEC EQUP L","25,000"
"20-APR-2026","RAIN","RAIN INDUSTRIES LIMITED","1"
"20-APR-2026","RBLBANK","RBL BANK LIMITED    ","100"
"20-APR-2026","RECLTD","RURAL ELEC CORP. LTD.","145"
"20-APR-2026","REFEX","REFEX INDUSTRIES LIMITED","178"
"20-APR-2026","RELIANCE","RELIANCE INDUSTRIES LTD","5,156"
"20-APR-2026","RELIGARE","RELIGARE ENTERPRISES LIMITED","2,500"
"20-APR-2026","RVNL","RVNL","28,875"
"20-APR-2026","SAGILITY","SAGILITY INDIA LIMITED","200"
"20-APR-2026","SAMMAANCAP","SAMMAAN CAPITAL LIMITED","1,700"
"20-APR-2026","SBIN","STATE BANK OF INDIA","3,950"
"20-APR-2026","SHRIRAMFIN","SHRIRAM FINANCE LIMITED","2"
"20-APR-2026","STLTECH","STERLITE TECHNOLOGIES","3"
"20-APR-2026","SUNPHARMA","SUN PHARMACEUTICALS IND.","25"
"20-APR-2026","SUNTECK","SUNTECK REALTY LIMITED","5"
"20-APR-2026","SUZLON","SUZLON ENERGY LIMITED","2"
"20-APR-2026","TCS","TATA CONSULTANCY SERV LT","2,975"
"20-APR-2026","UTKARSHBNK","UTKARSH SMALL FIN BANK L","5"
"20-APR-2026","WIPRO","WIPRO LTD","25"
"21-APR-2026","ABB","ABB LTD.","2,250"
"21-APR-2026","ADANIENSOL","ADANI ENERGY SOLUTION LTD","70"
"21-APR-2026","ALIVUS","ALIVUS LIFE SCIENCES LTD","120"
"21-APR-2026","AMBER","AMBER ENTERPRISES (I) LTD","100"
"21-APR-2026","APOLLO","APOLLO MICRO SYSTEMS LTD","25"
"21-APR-2026","APOLLOHOSP","APOLLO HOSPITALS ENTERPRISE LIMITED","10"
"21-APR-2026","ASTRAMICRO","ASTRAMICRO","100"
"21-APR-2026","AUBANK","AU SMALL FINANCE BANK LIMITED","26"
"21-APR-2026","BAJFINANCE","BAJAJ FINANCE LIMITED","250"
"21-APR-2026","BANKBARODA","BANK OF BARODA","1"
"21-APR-2026","BANKBEES","GOLDMAN SACHS BANKING INDEX EXCHANGE TRADED SCHEME","75"
"21-APR-2026","BDL","BHARAT DYNAMICS LIMITED","350"
"21-APR-2026","BHARATFORG","BHARAT FORGE LTD","30"
"21-APR-2026","BHEL","BHEL","165"
"21-APR-2026","BLUESTARCO","BLUE STAR LIMITED","9,750"
"21-APR-2026","BPCL","BHARAT PETROLEUM CORP  LT","25"
"21-APR-2026","BSE","BSE LIMITED","9,433"
"21-APR-2026","CANBK","CANARA BANK","902"
"21-APR-2026","CDSL","CENTRAL DEPOSITORY SERVICES (INDIA) LIMITED","9,976"
"21-APR-2026","CUPID","CUPID LIMITED","1,000"
"21-APR-2026","DBREALTY","D B REALTY LIMITED","5"
"21-APR-2026","DIXON","DIXON TECHNO (INDIA) LTD","400"
"21-APR-2026","GROWW","BILLIONBRAINS GARAGE VN L","4,709"
"21-APR-2026","GRSE","GARDEN REACH SHIP&ENG LTD","3"
"21-APR-2026","HAVELLS","HAVELLS INDIA LIMITED","3"
"21-APR-2026","HCLTECH","HCL TECHNOLOGIES LTD","43,750"
"21-APR-2026","HDFCBANK","HDFC BANK LTD","100"
"21-APR-2026","HDFCLIFE","HDFC STANDARD LIFE INSURANCE COMPANY LIMITED","10"
"21-APR-2026","HEG","HEG LIMITED","2,900"
"21-APR-2026","HFCL","HIMACHAL FUTURISTIC COMMUNICATIONS LIMITED","50"
"21-APR-2026","HINDCOPPER","HINDUSTAN COPPER LIMITED","100"
"21-APR-2026","HINDUNILVR","HINDUSTAN UNILEVER LTD.","283"
"21-APR-2026","HINDZINC","HINDUSTAN ZINC LIMITED","25"
"21-APR-2026","ICICIBANK","ICICI BANK LTD.","60"
"21-APR-2026","ITC","ITC LTD","22"
"21-APR-2026","JSWSTEEL","JSW STEEL LIMITED","6"
"21-APR-2026","JYOTICNC","JYOTI CNC AUTOMATION LTD","301"
"21-APR-2026","KIRLOSENG","KIRLOSENG","1"
"21-APR-2026","LICHSGFIN","LIC HOUSING FINANCE LTD","15"
"21-APR-2026","MAHABANK","MAHABANK","990"
"21-APR-2026","MEESHO","MEESHO LIMITED","6,308"
"21-APR-2026","MOTHERSON","SAMVRDHNA MTHRSN INT","500"
"21-APR-2026","NAM-INDIA","NIPPON L I A M LTD","3,125"
"21-APR-2026","NESCO","NESCO LTD","12"
"21-APR-2026","NESTLEIND","NESTLE INDIA LIMITED","390"
"21-APR-2026","NLCINDIA","NLC INDIA LIMITED","2"
"21-APR-2026","NTPC","NTPC LTD","1"
"21-APR-2026","PERSISTENT","PERSISTENT SYSTEMS LTD","3"
"21-APR-2026","PHOENIXLTD","THE PHOENIX MILLS LIMITED","3"
"21-APR-2026","PNBHOUSING","PNB HOUSING FIN LTD.   ","279"
"21-APR-2026","POCL","PONDY OXIDES & CHEM LTD","19"
"21-APR-2026","POWERINDIA","ABB POWER PRO N SYS IND L","50"
"21-APR-2026","PRESTIGE","PRESTIGE ESTATES PROJECTS LIMITED","33"
"21-APR-2026","PVRINOX","PVR INOX Limited","145"
"21-APR-2026","RAYMOND","RAYMOND LIMITED","1"
"21-APR-2026","RBLBANK","RBL BANK LIMITED    ","85"
"21-APR-2026","REFEX","REFEX INDUSTRIES LIMITED","128"
"21-APR-2026","RELIGARE","RELIGARE ENTERPRISES LIMITED","1,000"
"21-APR-2026","SAIL","STEEL AUTHORITY OF INDIA","100"
"21-APR-2026","SBICARD","SBI CARDS & PAY SER LTD","342"
"21-APR-2026","SBILIFE","SBI LIFE INSURANCE COMPANY LIMITED","60"
"21-APR-2026","SBIN","STATE BANK OF INDIA","1"
"21-APR-2026","SHAREINDIA","SHARE IND. SECURITIES LTD","10,000"
"21-APR-2026","SOLARINDS","SOLAR INDUSTRIES (I) LTD","100"
"21-APR-2026","SUBROS","SUBROS LIMITED","9"
"21-APR-2026","SUNTECK","SUNTECK REALTY LIMITED","5"
"21-APR-2026","TARIL","TRANS & RECTI. LTD","2"
"21-APR-2026","TATACHEM","TATA CHEMICALS LTD","10"
"21-APR-2026","TATASTEEL","TATA STEEL LIMITED","10"
"21-APR-2026","TCS","TATA CONSULTANCY SERV LT","2,450"
"21-APR-2026","TRENT","TRENT LIMITED","25"
"21-APR-2026","UGROCAP","UGRO CAPITAL LIMITED","1"
"21-APR-2026","ULTRACEMCO","ULTRATECH CEMENT LIMITED","5"
"21-APR-2026","VEDL","VEDANTA LIMITED","1"
"21-APR-2026","VTL","VARDHMAN TEXTILES LIMITED    ","1,100"
"21-APR-2026","WIPRO","WIPRO LTD","25"
"21-APR-2026","ZEEL","ZEE ENTERTAINMENT ENT LTD","233"
"21-APR-2026","ZENSARTECH","ZENSAR TECHNOLOGIES  LTD ","50"
"22-APR-2026","AARTIIND","AARTI INDUSTRIES LTD","2"
"22-APR-2026","ABCAPITAL","ADITYA BIRLA CAPITAL LIMITED","24"
"22-APR-2026","ADANIENT","ADANI ENTERPRISES LIMITED","30"
"22-APR-2026","ADANIGREEN","ADANI GREEN ENERGY LTD","13"
"22-APR-2026","ADANIPOWER","ADANI POWER LTD","672"
"22-APR-2026","AMBUJACEM","AMBUJA CEMENTS LTD","441"
"22-APR-2026","ANGELONE","ANGEL ONE LTD","1,000"
"22-APR-2026","ARE&M","AMARA RAJA ENERGY MOB","1"
"22-APR-2026","AUBANK","AU SMALL FINANCE BANK LIMITED","5"
"22-APR-2026","AUROPHARMA","AUROBINDO PHARMA LTD","1"
"22-APR-2026","AVANTIFEED","AVANTI FEEDS LIMITED","1,100"
"22-APR-2026","AXISBANK","AXIS BANK LIMITED","5"
"22-APR-2026","AZAD","AZAD ENGINEERING LIMITED","56"
"22-APR-2026","BAJFINANCE","BAJAJ FINANCE LIMITED","110"
"22-APR-2026","BANKINDIA","BANK OF INDIA","1,000"
"22-APR-2026","BHARATFORG","BHARAT FORGE LTD","3"
"22-APR-2026","BHEL","BHEL","50"
"22-APR-2026","BIKAJI","BIKAJI FOODS INTERN LTD","1"
"22-APR-2026","BLUESTARCO","BLUE STAR LIMITED","1,625"
"22-APR-2026","BOMDYEING","BOMBAY DYEING & MFG. CO L","4"
"22-APR-2026","BSE","BSE LIMITED","40"
"22-APR-2026","CANHLIFE","CANARA HSBC LIFE INS CO L","1"
"22-APR-2026","CGPOWER","CG POWER AND INDUSTRIAL SOLUTIONS LIMITED","427"
"22-APR-2026","COHANCE","COHANCE LIFESCIENCES LTD","24"
"22-APR-2026","COLPAL","COLGATE PALMOLIVE LTD.","2,475"
"22-APR-2026","DATAPATTNS","DATA PATTERNS INDIA LTD","20"
"22-APR-2026","DELHIVERY","DELHIVERY LIMITED","500"
"22-APR-2026","DIXON","DIXON TECHNO (INDIA) LTD","234"
"22-APR-2026","EXIDEIND","EXIDE INDUSTRIES LTD","1"
"22-APR-2026","FSL","FIRSTSOURCE SOLU. LTD.","200"
"22-APR-2026","GMRAIRPORT","GMR AIRPORTS LIMITED","10"
"22-APR-2026","GODREJPROP","GODREJ PROPERTIES LTD","1,001"
"22-APR-2026","GOKULAGRO","GOKUL AGRO RESOURCES LTD","303"
"22-APR-2026","GROWW","BILLIONBRAINS GARAGE VN L","7"
"22-APR-2026","GRSE","GARDEN REACH SHIP&ENG LTD","205"
"22-APR-2026","HAL","HINDUSTAN AERONAUTICS LTD","9"
"22-APR-2026","HAVELLS","HAVELLS INDIA LIMITED","7"
"22-APR-2026","HCLTECH","HCL TECHNOLOGIES LTD","20,456"
"22-APR-2026","HEG","HEG LIMITED","300"
"22-APR-2026","HFCL","HIMACHAL FUTURISTIC COMMUNICATIONS LIMITED","100"
"22-APR-2026","HINDALCO","HINDALCO  INDUSTRIES  LTD","101"
"22-APR-2026","HINDUNILVR","HINDUSTAN UNILEVER LTD.","251"
"22-APR-2026","HONASA","HONASA CONSUMER LIMITED","1"
"22-APR-2026","HYUNDAI","HYUNDAI MOTOR INDIA LTD","825"
"22-APR-2026","IDEAFORGE","IDEAFORGE TECHNO LTD","1,000"
"22-APR-2026","IFCI","IFCI LTD","150"
"22-APR-2026","INDUSINDBK","INDUSIND BANK LIMITED","201"
"22-APR-2026","INFY","INFOSYS TECHNOLOGIES LTD","558"
"22-APR-2026","INOXWIND","INOX WIND LIMITED        ","200"
"22-APR-2026","IREDA","INDIAN RENEWABLE ENERGY","1"
"22-APR-2026","ITC","ITC LTD","3"
"22-APR-2026","ITI","ITI LTD","11,000"
"22-APR-2026","JINDALSAW","JINDAL SAW LIMITED","1,200"
"22-APR-2026","JINDALSTEL","JINDAL STEEL & POWER LTD","100"
"22-APR-2026","JSFB","JANA SMALL FIN BANK LTD","66"
"22-APR-2026","JSWENERGY","JSW ENERGY LIMITED","3"
"22-APR-2026","JYOTHYLAB","JYOTHY LABORATORIES LIMITED","165"
"22-APR-2026","JYOTICNC","JYOTI CNC AUTOMATION LTD","300"
"22-APR-2026","KAYNES","KAYNES TECHNOLOGY IND LTD","2,300"
"22-APR-2026","KFINTECH","KFIN TECHNOLOGIES LIMITED","1"
"22-APR-2026","KOTAKBANK","KOTAK MAHINDRA BANK LTD","400"
"22-APR-2026","LEMONTREE","LEMON TREE HOTELS LTD","500"
"22-APR-2026","LGEINDIA","LG ELECTRONICS INDIA LTD","4"
"22-APR-2026","LTF","L&T FINANCE LIMITED","10"
"22-APR-2026","MAHABANK","MAHABANK","250"
"22-APR-2026","MAHLOG","MAHLOG","7"
"22-APR-2026","MANINDS","MAN INDUSTRIES (I) LTD.  ","150"
"22-APR-2026","MARUTI","MARUTI SUZUKI INDIA LTD.","1"
"22-APR-2026","MAZDOCK","MAZAGON DOCK SHIPBUIL LTD","31"
"22-APR-2026","MON100","MOTILAL OS NASDAQ100 ETF","2,152"
"22-APR-2026","MONQ50","MOTILALAMC - MONQ50","10"
"22-APR-2026","NAM-INDIA","NIPPON L I A M LTD","8,125"
"22-APR-2026","NAVINFLUOR","NAVIN FLUORINE INT. LTD","1"
"22-APR-2026","NESTLEIND","NESTLE INDIA LIMITED","662"
"22-APR-2026","NTPC","NTPC LTD","1"
"22-APR-2026","OFSS","Oracle Financial Services Software Limited","75"
"22-APR-2026","ORIENTELEC","ORIENT ELECTRIC LTD","15"
"22-APR-2026","POLYCAB","POLYCAB INDIA LIMITED","5"
"22-APR-2026","POWERGRID","POWER GRID CORP. LTD.","175"
"22-APR-2026","POWERINDIA","ABB POWER PRO N SYS IND L","20"
"22-APR-2026","PVRINOX","PVR INOX Limited","145"
"22-APR-2026","RELIANCE","RELIANCE INDUSTRIES LTD","66"
"22-APR-2026","RVNL","RVNL","101"
"22-APR-2026","SAGILITY","SAGILITY INDIA LIMITED","1"
"22-APR-2026","SKIPPER","SKIPPER LIMITED","50"
"22-APR-2026","SNXT50BETA","UTIAMC-SNXT50BETA","10"
"22-APR-2026","SOLARINDS","SOLAR INDUSTRIES (I) LTD","27"
"22-APR-2026","SUZLON","SUZLON ENERGY LIMITED","150"
"22-APR-2026","TARIL","TRANS & RECTI. LTD","2,000"
"22-APR-2026","TATACONSUM","TATA CONSUMER PRODUCT","11"
"22-APR-2026","TATAELXSI","TATA ELXSI LIMITED       ","800"
"22-APR-2026","TECHM","TECH MAHINDRA LIMITED","100"
"22-APR-2026","TECHNOE","TECHNOE","499"
"22-APR-2026","TRIVENI","TRIVENI ENGG. & INDS. LTD","1"
"22-APR-2026","UNIONBANK","UNION BANK OF INDIA","1,125"
"22-APR-2026","VBL","VARUN BEVERAGES LIMITED    ","100"
"22-APR-2026","VIMTALABS","VIMTA LABS LIMITED","1"
"22-APR-2026","VOLTAS","VOLTAS LTD","300"
"22-APR-2026","WEBELSOLAR","WEBSOL ENERGY SYSTEM LTD","1,87,046"
"22-APR-2026","WELCORP","WELSPUN CORP LIMITED","1"
"22-APR-2026","WIPRO","WIPRO LTD","5,84,000"
"22-APR-2026","YESBANK","YES BANK LIMITED","10,000"
"22-APR-2026","ZEEL","ZEE ENTERTAINMENT ENT LTD","999"
"23-APR-2026","ABCAPITAL","ADITYA BIRLA CAPITAL LIMITED","12"
"23-APR-2026","ABSLAMC","ADIT BIRL SUN LIF AMC LTD","900"
"23-APR-2026","ADANIGREEN","ADANI GREEN ENERGY LTD","25"
"23-APR-2026","ADANIPORTS","ADANI PORT & SEZ LTD","2"
"23-APR-2026","ADANIPOWER","ADANI POWER LTD","3,307"
"23-APR-2026","AONELIQUID","AONEAMC - AONELIQUID","95"
"23-APR-2026","APOLLO","APOLLO MICRO SYSTEMS LTD","20"
"23-APR-2026","ARE&M","AMARA RAJA ENERGY MOB","25"
"23-APR-2026","ASTRAL","ASTRAL POLY TECHNIK LIMITED","12"
"23-APR-2026","ASTRAMICRO","ASTRAMICRO","50"
"23-APR-2026","AUBANK","AU SMALL FINANCE BANK LIMITED","4"
"23-APR-2026","BBTC","BOMBAY BURMAH TRADING COR","100"
"23-APR-2026","BDL","BHARAT DYNAMICS LIMITED","2"
"23-APR-2026","BECTORFOOD","MRS BECTORS FOOD SPE LTD","34,075"
"23-APR-2026","BEML","BEML LIMITED","42"
"23-APR-2026","CAMLINFINE","CAMLIN FINE SCIENCES LTD ","11"
"23-APR-2026","CAMS","COMPUTER AGE MGMT SER LTD","2"
"23-APR-2026","CDSL","CENTRAL DEPOSITORY SERVICES (INDIA) LIMITED","245"
"23-APR-2026","CGPOWER","CG POWER AND INDUSTRIAL SOLUTIONS LIMITED","691"
"23-APR-2026","CIPLA","CIPLA LTD","32"
"23-APR-2026","DATAPATTNS","DATA PATTERNS INDIA LTD","15"
"23-APR-2026","DIXON","DIXON TECHNO (INDIA) LTD","4,746"
"23-APR-2026","DRREDDY","DR. REDDY'S LABORATORIES","25,001"
"23-APR-2026","FORCEMOT","FORCE MOTORS LIMITED","472"
"23-APR-2026","GLAND","GLAND PHARMA LIMITED","19"
"23-APR-2026","GLENMARK","GLENMARK PHARMACEUTICALS LIMITED","1,000"
"23-APR-2026","GRSE","GARDEN REACH SHIP&ENG LTD","100"
"23-APR-2026","HAVELLS","HAVELLS INDIA LIMITED","2,532"
"23-APR-2026","HEG","HEG LIMITED","200"
"23-APR-2026","HFCL","HIMACHAL FUTURISTIC COMMUNICATIONS LIMITED","3,000"
"23-APR-2026","HINDPETRO","HINDUSTAN PETROLEUM CORP","500"
"23-APR-2026","HINDUNILVR","HINDUSTAN UNILEVER LTD.","175"
"23-APR-2026","HYUNDAI","HYUNDAI MOTOR INDIA LTD","5"
"23-APR-2026","ICICIBANK","ICICI BANK LTD.","702"
"23-APR-2026","IDEAFORGE","IDEAFORGE TECHNO LTD","1"
"23-APR-2026","IIFL","IIFL HOLDINGS LIMITED","2,000"
"23-APR-2026","INDUSTOWER","INDUS","517"
"23-APR-2026","INFY","INFOSYS TECHNOLOGIES LTD","1,251"
"23-APR-2026","IOC","INDIAN OIL CORP LTD","40"
"23-APR-2026","IRFC","IRFC","34,000"
"23-APR-2026","ITC","ITC LTD","22"
"23-APR-2026","ITI","ITI LTD","40"
"23-APR-2026","JIOFIN","JIO FIN SERVICES LTD","6,805"
"23-APR-2026","JSWENERGY","JSW ENERGY LIMITED","2"
"23-APR-2026","JUBLFOOD","JUBILANT FOODWORKS LTD","1,280"
"23-APR-2026","JUBLINGREA","JUBLINGREA","100"
"23-APR-2026","KAYNES","KAYNES TECHNOLOGY IND LTD","5"
"23-APR-2026","KIMS","KRISHNA INST OF MED SCI L","2,030"
"23-APR-2026","LAURUSLABS","LAURUS LABS LIMITED","117"
"23-APR-2026","LIQUID","MIRAEAMC - LIQUID","103"
"23-APR-2026","LIQUIDADD","DSPAMC - LIQUIDADD","2"
"23-APR-2026","LT","LARSEN & TOUBRO LTD.","5"
"23-APR-2026","MANINFRA","MAN INFRA LTD","2"
"23-APR-2026","MEESHO","MEESHO LIMITED","1"
"23-APR-2026","MID150CASE","ZERODHAAMC - MID150CASE","365"
"23-APR-2026","MON100","MOTILAL OS NASDAQ100 ETF","228"
"23-APR-2026","MSCIINDIA","KOTAKMAMC - MSCIINDIA","25"
"23-APR-2026","NTPC","NTPC LTD","7"
"23-APR-2026","OFSS","Oracle Financial Services Software Limited","551"
"23-APR-2026","ONESOURCE","ONESOURCE SPECL PHARMA L","3"
"23-APR-2026","PAGEIND","PAGE INDUSTRIES LTD","1"
"23-APR-2026","PARAS","PARAS DEF AND SPCE TECH L","10"
"23-APR-2026","PAYTM","ONE 97 COMMUNICATIONS LTD","50"
"23-APR-2026","PHARMABEES","NIPPONAMC - NETFPHARMA","150"
"23-APR-2026","PIDILITIND","PIDILITE INDUSTRIES LIMITED","25"
"23-APR-2026","PNBHOUSING","PNB HOUSING FIN LTD.   ","1"
"23-APR-2026","POWERINDIA","ABB POWER PRO N SYS IND L","120"
"23-APR-2026","PRAJIND","PRAJ INDUSTRIES LTD","20"
"23-APR-2026","SHAILY","SHAILY ENG PLASTICS LTD","252"
"23-APR-2026","SHREECEM","SHREE CEMENTS LTD","275"
"23-APR-2026","SOLARINDS","SOLAR INDUSTRIES (I) LTD","5"
"23-APR-2026","STARCEMENT","STARCEMENT","362"
"23-APR-2026","SUDARSCHEM","SUDARSHAN CHEMICAL INDS L","1"
"23-APR-2026","TATACOMM","TATA COMMUNICATIONS LTD","50"
"23-APR-2026","TATAELXSI","TATA ELXSI LIMITED       ","110"
"23-APR-2026","THERMAX","THERMAX LTD","5"
"23-APR-2026","TORNTPOWER","TORRENT POWER LTD","75"
"23-APR-2026","TRENT","TRENT LIMITED","10,200"
"23-APR-2026","TVSMOTOR","TVS MOTOR COMPANY  LTD","2"
"23-APR-2026","ULTRACEMCO","ULTRATECH CEMENT LIMITED","400"
"23-APR-2026","UNIONBANK","UNION BANK OF INDIA","48,675"
"23-APR-2026","UNOMINDA","UNO MINDA LIMITED","72"
"23-APR-2026","VBL","VARUN BEVERAGES LIMITED    ","2,265"
"23-APR-2026","WEBELSOLAR","WEBSOL ENERGY SYSTEM LTD","2,14,366"
"23-APR-2026","ZEEL","ZEE ENTERTAINMENT ENT LTD","1,434"
"23-APR-2026","ZENTEC","ZEN TECHNOLOGIES LIMITED","5"
"24-APR-2026","ABCAPITAL","ADITYA BIRLA CAPITAL LIMITED","328"
"24-APR-2026","ABDL","ALLIED BLEND N DISTILS L","260"
"24-APR-2026","ADANIENSOL","ADANI ENERGY SOLUTION LTD","206"
"24-APR-2026","ADANIGREEN","ADANI GREEN ENERGY LTD","200"
"24-APR-2026","ADANIPOWER","ADANI POWER LTD","1"
"24-APR-2026","AEGISLOG","AEGIS LOGISTICS LIMITED","210"
"24-APR-2026","AEGISVOPAK","AEGIS VOPAK TERMINALS LTD","351"
"24-APR-2026","AIIL","AUTHUM INVEST & INFRA LTD","92"
"24-APR-2026","ALIVUS","ALIVUS LIFE SCIENCES LTD","9"
"24-APR-2026","APOLLOHOSP","APOLLO HOSPITALS ENTERPRISE LIMITED","1"
"24-APR-2026","ARE&M","AMARA RAJA ENERGY MOB","3"
"24-APR-2026","ASIANPAINT","ASIAN PAINTS LIMITED","10"
"24-APR-2026","ASTRAMICRO","ASTRAMICRO","20"
"24-APR-2026","AUBANK","AU SMALL FINANCE BANK LIMITED","15"
"24-APR-2026","AUTOIETF","ICICIPRAMC - ICICIAUTO","688"
"24-APR-2026","AVALON","AVALON TECHNOLOGIES LTD","21"
"24-APR-2026","AWL","ADANI WILMAR LIMITED","141"
"24-APR-2026","BAJAJ-AUTO","BAJAJ AUTO LIMITED","2"
"24-APR-2026","BAJAJHFL","BAJAJ HOUSING FINANCE LTD","1,617"
"24-APR-2026","BALKRISIND","BALKRISHNA IND. LTD      ","67"
"24-APR-2026","BANDHANBNK","BANDHAN BANK LIMITED","609"
"24-APR-2026","BANKIETF","ICICIPRAMC - IPRU5008","1"
"24-APR-2026","BAYERCROP","BAYER CROPSCIENCE LTD    ","10"
"24-APR-2026","BDL","BHARAT DYNAMICS LIMITED","5,950"
"24-APR-2026","BELRISE","BELRISE INDUSTRIES LTD","3"
"24-APR-2026","BERGEPAINT","BERGER PAINTS (I) LIMITED","38"
"24-APR-2026","BHARATFORG","BHARAT FORGE LTD","107"
"24-APR-2026","BHEL","BHEL","3"
"24-APR-2026","BIRLACORPN","BIRLA CORPORATION LTD","27"
"24-APR-2026","BOSCHLTD","BOSCH LIMITED","3"
"24-APR-2026","BRIGADE","BRIGADE ENTER. LTD","194"
"24-APR-2026","BRITANNIA","BRITANNIA INDUSTRIES LIMITED","9"
"24-APR-2026","BSE","BSE LIMITED","10"
"24-APR-2026","BSOFT","BIRLASOFT LIMITED","19"
"24-APR-2026","CAMS","COMPUTER AGE MGMT SER LTD","750"
"24-APR-2026","CANBK","CANARA BANK","626"
"24-APR-2026","CCAVENUE","AVENUESAI LIMITED","10,718"
"24-APR-2026","CDSL","CENTRAL DEPOSITORY SERVICES (INDIA) LIMITED","1,900"
"24-APR-2026","CELLO","CELLO WORLD LIMITED","52"
"24-APR-2026","CGPOWER","CG POWER AND INDUSTRIAL SOLUTIONS LIMITED","20"
"24-APR-2026","CIEINDIA","CIE AUTOMOTIV","325"
"24-APR-2026","CIGNITITEC","CIGNITI TECHNOLOGIES LTD","1"
"24-APR-2026","CIPLA","CIPLA LTD","3"
"24-APR-2026","COALINDIA","COALINDIA","86,400"
"24-APR-2026","COCHINSHIP","COCHIN SHIPYARD LIMITED","92"
"24-APR-2026","COLPAL","COLGATE PALMOLIVE LTD.","675"
"24-APR-2026","CREDITACC","CREDITACCESS GRAMEEN LTD","91"
"24-APR-2026","CUMMINSIND","CUMMINS INDIA LTD","410"
"24-APR-2026","DATAPATTNS","DATA PATTERNS INDIA LTD","50"
"24-APR-2026","DBL","DILIP BUILDCON LIMITED","20"
"24-APR-2026","DCBBANK","DCB BANK LIMITED","454"
"24-APR-2026","DIXON","DIXON TECHNO (INDIA) LTD","150"
"24-APR-2026","DRREDDY","DR. REDDY'S LABORATORIES","9,377"
"24-APR-2026","ECLERX","ECLERX SERVICES LTD ","52"
"24-APR-2026","ENGINERSIN","ENGINEERS INDIA LTD","25"
"24-APR-2026","ENRIN","SIEMENS ENERGY INDIA LTD","157"
"24-APR-2026","EPIGRAL","EPIGRAL LIMITED","34"
"24-APR-2026","FEDERALBNK","FEDERAL BANK LTD","4"
"24-APR-2026","FIEMIND","FIEM INDUSTRIES LIMITED","14"
"24-APR-2026","FINIETF","ICICIPRAMC-ICICIFIN","200"
"24-APR-2026","FORCEMOT","FORCE MOTORS LIMITED","250"
"24-APR-2026","FORTIS","FORTIS HEALTHCARE (I) LTD","93"
"24-APR-2026","GANESHHOU","GANESH HOUSING LIMITED","109"
"24-APR-2026","GLENMARK","GLENMARK PHARMACEUTICALS LIMITED","1,000"
"24-APR-2026","GODIGIT","GO DIGIT GENERAL INS LTD","469"
"24-APR-2026","GODREJAGRO","GODREJ AGROVET LIMITED","55"
"24-APR-2026","GOKULAGRO","GOKUL AGRO RESOURCES LTD","822"
"24-APR-2026","GOODLUCK","GOODLUCK INDIA LIMITED","96"
"24-APR-2026","GRAPHITE","GRAPHITE INDIA LIMITED","114"
"24-APR-2026","GRAVITA","GRAVITA INDIA LIMITED","2"
"24-APR-2026","GVT&D","GE VERNOVA T&D INDIA LTD","900"
"24-APR-2026","HAL","HINDUSTAN AERONAUTICS LTD","40"
"24-APR-2026","HAPPSTMNDS","HAPPIEST MINDS TECHNO LTD","3"
"24-APR-2026","HCG","HEALTHCARE GLOB. ENT. LTD","41"
"24-APR-2026","HDFCMID150","HDFCAMC - HDFCMID150","283"
"24-APR-2026","HDFCNIFIT","HDFCAMC - HDFCNIFIT","442"
"24-APR-2026","HDFCNIFTY","HDFCAMC - HDFCNIFTY","61"
"24-APR-2026","HDFCSENSEX","HDFCAMC - HDFCSENSEX","666"
"24-APR-2026","HEG","HEG LIMITED","222"
"24-APR-2026","HINDALCO","HINDALCO  INDUSTRIES  LTD","109"
"24-APR-2026","HINDUNILVR","HINDUSTAN UNILEVER LTD.","50"
"24-APR-2026","HINDZINC","HINDUSTAN ZINC LIMITED","214"
"24-APR-2026","HONASA","HONASA CONSUMER LIMITED","432"
"24-APR-2026","HSCL","HIMADRI SPECIALITY CHEMICAL LIMITED","1,005"
"24-APR-2026","HYUNDAI","HYUNDAI MOTOR INDIA LTD","59"
"24-APR-2026","ICICIPRULI","ICICI PRU LIFE INS CO LTD ","291"
"24-APR-2026","IDBI","IDBI Bank Limited","8"
"24-APR-2026","IEX","INDIAN ENERGY EXCHANGE LIMITED","1,218"
"24-APR-2026","IFCI","IFCI LTD","2,525"
"24-APR-2026","IGIL","INTERNATIO GEMM INS (I) L","20"
"24-APR-2026","IIFL","IIFL HOLDINGS LIMITED","1,857"
"24-APR-2026","IKS","INVENTURUS KNOWLEDGE SO L","902"
"24-APR-2026","IMFA","INDIAN METALS & FERRO","2"
"24-APR-2026","INDIACEM","THE INDIA CEMENTS LIMITED","33"
"24-APR-2026","INDIAGLYCO","INDIA GLYCOLS LTD","50"
"24-APR-2026","INDIASHLTR","INDIA SHELTER FIN CORP L","93"
"24-APR-2026","INFY","INFOSYS TECHNOLOGIES LTD","10,098"
"24-APR-2026","INOXWIND","INOX WIND LIMITED        ","1,059"
"24-APR-2026","INTERARCH","INTERARCH BLDNG SOLTN LTD","7"
"24-APR-2026","IPCALAB","IPCA LABORATORIES LIMITED","100"
"24-APR-2026","ITC","ITC LTD","12"
"24-APR-2026","ITI","ITI LTD","504"
"24-APR-2026","JBMA","JBM AUTO LIMITED","245"
"24-APR-2026","JMFINANCIL","JM FINANCIAL LIMITED    ","200"
"24-APR-2026","JPPOWER","JAIPRAKASH POWER VEN. LTD","906"
"24-APR-2026","JSWHL","JSW HOLDINGS LIMITED","6"
"24-APR-2026","JUBLFOOD","JUBILANT FOODWORKS LTD","227"
"24-APR-2026","JUBLPHARMA","JUBLPHARMA","45"
"24-APR-2026","JYOTHYLAB","JYOTHY LABORATORIES LIMITED","93"
"24-APR-2026","KARURVYSYA","KARUR VYSYA BANK LIMITED","120"
"24-APR-2026","KAYNES","KAYNES TECHNOLOGY IND LTD","1,700"
"24-APR-2026","KFINTECH","KFIN TECHNOLOGIES LIMITED","147"
"24-APR-2026","KIRLOSENG","KIRLOSENG","58"
"24-APR-2026","KITEX","KITEX GARMENTS LTD       ","298"
"24-APR-2026","LICI","LIFE INSURA CORP OF INDIA","185"
"24-APR-2026","LLOYDSENGG","LLOYDS ENGG WORK LIMITED","5"
"24-APR-2026","LODHA","LODHA","162"
"24-APR-2026","LT","LARSEN & TOUBRO LTD.","5"
"24-APR-2026","LTGILTBEES","NIP IND ETF LONGTERM GILT","5,153"
"24-APR-2026","LTTS","L&T TECHNOLOGY SER. LTD","42"
"24-APR-2026","LUMAXIND","LUMAX INDUSTRIES LTD","20"
"24-APR-2026","M&M","MAHINDRA & MAHINDRA LTD","125"
"24-APR-2026","MAHABANK","MAHABANK","400"
"24-APR-2026","MAHLIFE","MAHINDRA LIFESPACE DEVLTD","441"
"24-APR-2026","MANKIND","MANKIND PHARMA LIMITED","60"
"24-APR-2026","MANYAVAR","VEDANT FASHIONS LIMITED","121"
"24-APR-2026","MARICO","MARICO LIMITED","112"
"24-APR-2026","MASPTOP50","MIRAEAMC - MASPTOP50","733"
"24-APR-2026","MASTEK","MASTEK LTD               ","8"
"24-APR-2026","MAZDOCK","MAZAGON DOCK SHIPBUIL LTD","56"
"24-APR-2026","MCX","MULTI COMMODITY EXCHANGE OF INDIA LIMITED","10"
"24-APR-2026","MEESHO","MEESHO LIMITED","728"
"24-APR-2026","MIDSMALL","MIRAEAMC - MIDSMALL","1,190"
"24-APR-2026","MNC","KOTAKMAMC - KOTAKMNC","5"
"24-APR-2026","MONQ50","MOTILALAMC - MONQ50","100"
"24-APR-2026","MOTHERSON","SAMVRDHNA MTHRSN INT","790"
"24-APR-2026","MRF","MRF LTD","1"
"24-APR-2026","MRPL","MRPL","429"
"24-APR-2026","MSUMI","MOTHERSON SUMI WRNG IND L","2,509"
"24-APR-2026","NATIONALUM","NATIONAL ALUMINIUM CO LTD","200"
"24-APR-2026","NEXT50IETF","ICICIPRAMC - ICICINXT50","126"
"24-APR-2026","NIACL","THE NEW INDIA ASSU CO LTD","571"
"24-APR-2026","NIF100IETF","ICICI PRUD NIFTY 100 ET","237"
"24-APR-2026","NIFTY1","KOTAK NIFTY ETF","251"
"24-APR-2026","NMDC","NMDC LTD.","150"
"24-APR-2026","NOCIL","NOCIL LIMITED            ","3"
"24-APR-2026","NORTHARC","NORTHERN ARC CAPITAL LTD","25"
"24-APR-2026","NRBBEARING","NRB BEARING LIMITED","355"
"24-APR-2026","NTPC","NTPC LTD","10"
"24-APR-2026","NUVOCO","NUVOCO VISTAS CORP LTD","25"
"24-APR-2026","NV20IETF","ICICI PRUDENTIAL NV20 ETF","10"
"24-APR-2026","OFSS","Oracle Financial Services Software Limited","830"
"24-APR-2026","OIL","OIL INDIA LTD","316"
"24-APR-2026","OLAELEC","OLA ELECTRIC MOBILITY LTD","38"
"24-APR-2026","PAISALO","PAISALO DIGITAL LIMITED","6"
"24-APR-2026","PARADEEP","PARADEEP PHOSPHATES LTD","594"
"24-APR-2026","PARAS","PARAS DEF AND SPCE TECH L","99"
"24-APR-2026","PATELENG","PATEL ENGINEERING LTD.","500"
"24-APR-2026","PERSISTENT","PERSISTENT SYSTEMS LTD","10"
"24-APR-2026","PFC","POWER FIN CORP LTD.","865"
"24-APR-2026","PFIZER","PFIZER LIMITED","2"
"24-APR-2026","PICCADIL","PICCADILY AGRO INDUSTRI L","239"
"24-APR-2026","PINELABS","PINE LABS LIMITED","768"
"24-APR-2026","PIRAMALFIN","PIRAMAL FINANCE LIMITED","80"
"24-APR-2026","PNB","PUNJAB NATIONAL BANK","834"
"24-APR-2026","PNCINFRA","PNC INFRATECH LTD.","228"
"24-APR-2026","POCL","PONDY OXIDES & CHEM LTD","123"
"24-APR-2026","POLYPLEX","POLYPLEX CORPORATION LTD","126"
"24-APR-2026","POWERINDIA","ABB POWER PRO N SYS IND L","30"
"24-APR-2026","PPLPHARMA","PIRAMAL PHARMA LIMITED","125"
"24-APR-2026","PRAKASH","PRAKASH INDUSTRIES LIMITED","554"
"24-APR-2026","PRSMJOHNSN","PRISM JOHNSON LIMITED","7"
"24-APR-2026","PRUDENT","PRUDENT CORP ADV SER LTD","8"
"24-APR-2026","PSUBNKIETF","ICICIPRAMC - PSUBANKICI","418"
"24-APR-2026","PTCIL","PTC INDUSTRIES LIMITED","9"
"24-APR-2026","QPOWER","QUALITY POWER ELEC EQUP L","107"
"24-APR-2026","RADICO","RADICO KHAITAN LIMITED","2"
"24-APR-2026","RATEGAIN","RATEGAIN TRAVEL TECHN LTD","257"
"24-APR-2026","RATNAMANI","RATNAMANI","39"
"24-APR-2026","RPOWER","RELIANCE POWER LTD.","666"
"24-APR-2026","RRKABEL","R R KABEL LIMITED","104"
"24-APR-2026","RSYSTEMS","R SYS INTERNATIONAL LTD","30"
"24-APR-2026","RVNL","RVNL","1"
"24-APR-2026","SAGILITY","SAGILITY INDIA LIMITED","3,629"
"24-APR-2026","SAMMAANCAP","SAMMAAN CAPITAL LIMITED","1,037"
"24-APR-2026","SAREGAMA","SAREGAMA INDIA LIMITED","1"
"24-APR-2026","SBFC","SBFC FINANCE LIMITED","938"
"24-APR-2026","SBIBPB","SBIAMC - SBIBPB","49"
"24-APR-2026","SBIN","STATE BANK OF INDIA","2"
"24-APR-2026","SCI","SHIPPING CORP OF INDIA LT","100"
"24-APR-2026","SENSEXIETF","ICICI PRUD SENSEX ETF","29"
"24-APR-2026","SETFNIF50","SBI-ETF NIFTY 50","536"
"24-APR-2026","SGFIN","SG FINSERVE LIMITED","101"
"24-APR-2026","SHAILY","SHAILY ENG PLASTICS LTD","1"
"24-APR-2026","SJS","SJS ENTERPRISES LIMITED","93"
"24-APR-2026","SKYGOLD","SKY GOLD AND DIAMONDS LTD","6"
"24-APR-2026","SMLMAH","SML Mahindra Limited","36"
"24-APR-2026","SOUTHBANK","THE SOUTH INDIAN BANK LTD","2,733"
"24-APR-2026","SRF","SRF LTD","110"
"24-APR-2026","STARHEALTH","STAR HEALTH & AL INS CO L","50"
"24-APR-2026","SUNTECK","SUNTECK REALTY LIMITED","433"
"24-APR-2026","SUPRIYA","SUPRIYA LIFESCIENCE LTD","172"
"24-APR-2026","TARC","TARC LIMITED","1,096"
"24-APR-2026","TATAINVEST","TATA INVESTMENT CORPORATION LIMITED","170"
"24-APR-2026","TATAPOWER","TATA POWER CO LTD","1"
"24-APR-2026","TATATECH","TATA TECHNOLOGIES LIMITED","1,500"
"24-APR-2026","TBOTEK","TBO TEK LIMITED","117"
"24-APR-2026","TFCILTD","TOURISM FINANCE CORP.","2,058"
"24-APR-2026","THELEELA","SCHLOSS BANGALORE LIMITED","260"
"24-APR-2026","TOP100CASE","ZERODHAAMC - TOP100CASE","480"
"24-APR-2026","TRANSRAILL","TRANSRAIL LIGHTING LTD","260"
"24-APR-2026","TRENT","TRENT LIMITED","13,500"
"24-APR-2026","TTML","TATA TELESERV(MAHARASTRA)","2"
"24-APR-2026","UBL","UNITED BREWERIES LIMITED","101"
"24-APR-2026","UCOBANK","UCO BANK","1"
"24-APR-2026","UGROCAP","UGRO CAPITAL LIMITED","730"
"24-APR-2026","UPL","UPL LIMITED","4"
"24-APR-2026","VAL30IETF","ICICIPRAMC - VAL30IETF","2,011"
"24-APR-2026","VARROC","VARROC ENGINEERING LTD.","146"
"24-APR-2026","VBL","VARUN BEVERAGES LIMITED    ","201"
"24-APR-2026","VENUSPIPES","VENUS PIPES & TUBES LTD","42"
"24-APR-2026","VIYASH","VIYASH SCIENTIFIC LIMITED","160"
"24-APR-2026","VOLTAS","VOLTAS LTD","10"
"24-APR-2026","WAAREEENER","WAAREE ENERGIES LIMITED","45"
"24-APR-2026","WEBELSOLAR","WEBSOL ENERGY SYSTEM LTD","4,596"
"24-APR-2026","WELCORP","WELSPUN CORP LIMITED","41"
"24-APR-2026","WELSPUNLIV","WELSPUN LIVING LIMITED","172"
"24-APR-2026","WIPRO","WIPRO LTD","43,744"
"24-APR-2026","ZAGGLE","ZAGGLE PREPA OCEAN SER L","48"
"24-APR-2026","ZEEL","ZEE ENTERTAINMENT ENT LTD","1"
"24-APR-2026","ZENTEC","ZEN TECHNOLOGIES LIMITED","95"
"27-APR-2026","AARTIIND","AARTI INDUSTRIES LTD","1"
"27-APR-2026","AAVAS","AAVAS FINANCIERS LIMITED","3"
"27-APR-2026","ABSLAMC","ADIT BIRL SUN LIF AMC LTD","60"
"27-APR-2026","ADANIGREEN","ADANI GREEN ENERGY LTD","19"
"27-APR-2026","ADANIPORTS","ADANI PORT & SEZ LTD","55"
"27-APR-2026","ALKEM","ALKEM LABORATORIES LTD.","5"
"27-APR-2026","AMBER","AMBER ENTERPRISES (I) LTD","5"
"27-APR-2026","AMBUJACEM","AMBUJA CEMENTS LTD","100"
"27-APR-2026","ATGL","ADANI TOTAL GAS LIMITED","1"
"27-APR-2026","AUROPHARMA","AUROBINDO PHARMA LTD","123"
"27-APR-2026","BAJFINANCE","BAJAJ FINANCE LIMITED","74"
"27-APR-2026","BECTORFOOD","MRS BECTORS FOOD SPE LTD","1"
"27-APR-2026","BEL","BHARAT ELECTRONICS LTD","1"
"27-APR-2026","BHARATFORG","BHARAT FORGE LTD","1"
"27-APR-2026","BHEL","BHEL","200"
"27-APR-2026","BLUEJET","BLUE JET HEALTHCARE LTD","3,417"
"27-APR-2026","BOSCHLTD","BOSCH LIMITED","4"
"27-APR-2026","BPCL","BHARAT PETROLEUM CORP  LT","73"
"27-APR-2026","BSE","BSE LIMITED","50"
"27-APR-2026","CAMLINFINE","CAMLIN FINE SCIENCES LTD ","48"
"27-APR-2026","CGPOWER","CG POWER AND INDUSTRIAL SOLUTIONS LIMITED","5"
"27-APR-2026","COCHINSHIP","COCHIN SHIPYARD LIMITED","52"
"27-APR-2026","COHANCE","COHANCE LIFESCIENCES LTD","3,47,799"
"27-APR-2026","COLPAL","COLGATE PALMOLIVE LTD.","1"
"27-APR-2026","DALBHARAT","DALMIA BHARAT LIMITED","32"
"27-APR-2026","DCBBANK","DCB BANK LIMITED","345"
"27-APR-2026","DIVISLAB","DIVI'S LABORATORIES LTD","4"
"27-APR-2026","DIXON","DIXON TECHNO (INDIA) LTD","16"
"27-APR-2026","ELECTCAST","ELECTROSTEEL CASTINGS LTD","149"
"27-APR-2026","EPACK","EPACK DURABLE LIMITED","130"
"27-APR-2026","FINPIPE","FINOLEX INDUSTRIES LTD","50"
"27-APR-2026","FORCEMOT","FORCE MOTORS LIMITED","125"
"27-APR-2026","GMDCLTD","GUJARAT MINERAL DEV CORP","200"
"27-APR-2026","GRASIM","GRASIM INDUSTRIES LTD","14"
"27-APR-2026","GRSE","GARDEN REACH SHIP&ENG LTD","50"
"27-APR-2026","GTLINFRA","GTL INFRA.LTD","1,23,571"
"27-APR-2026","HCC","HINDUSTAN CONSTRUCTION CO","50"
"27-APR-2026","HCLTECH","HCL TECHNOLOGIES LTD","13"
"27-APR-2026","HDFCNIFTY","HDFCAMC - HDFCNIFTY","20"
"27-APR-2026","HEG","HEG LIMITED","734"
"27-APR-2026","HEROMOTOCO","HERO MOTOCORP LTD","1"
"27-APR-2026","HINDALCO","HINDALCO  INDUSTRIES  LTD","35"
"27-APR-2026","HINDPETRO","HINDUSTAN PETROLEUM CORP","50"
"27-APR-2026","HINDZINC","HINDUSTAN ZINC LIMITED","302"
"27-APR-2026","HNGSNGBEES","HNGSNGBEES","60"
"27-APR-2026","HUDCO","HOUSING & URBAN DEVELOPMENT CORPORATION LIMITED","100"
"27-APR-2026","HYUNDAI","HYUNDAI MOTOR INDIA LTD","2"
"27-APR-2026","ICICIPRULI","ICICI PRU LIFE INS CO LTD ","2,086"
"27-APR-2026","IDEA","Vodafone Idea Limited","39"
"27-APR-2026","IDFCFIRSTB","IDFC FIRST BANK LIMI","30"
"27-APR-2026","IFCI","IFCI LTD","7,599"
"27-APR-2026","INDHOTEL","THE INDIAN HOTELS CO. LTD","10"
"27-APR-2026","INDIACEM","THE INDIA CEMENTS LIMITED","275"
"27-APR-2026","INOXWIND","INOX WIND LIMITED        ","2"
"27-APR-2026","IRFC","IRFC","200"
"27-APR-2026","ITC","ITC LTD","100"
"27-APR-2026","JAIBALAJI","JAI BALAJI INDUSTRIES LTD","5"
"27-APR-2026","JINDALSAW","JINDAL SAW LIMITED","609"
"27-APR-2026","JIOFIN","JIO FIN SERVICES LTD","200"
"27-APR-2026","JPPOWER","JAIPRAKASH POWER VEN. LTD","400"
"27-APR-2026","JSWENERGY","JSW ENERGY LIMITED","5"
"27-APR-2026","JSWSTEEL","JSW STEEL LIMITED","25"
"27-APR-2026","JUBLFOOD","JUBILANT FOODWORKS LTD","25"
"27-APR-2026","JWL","JUPITER WAGONS LIMITED","602"
"27-APR-2026","KERNEX","KERNEX MICROSYS(I) LTD","159"
"27-APR-2026","KIMS","KRISHNA INST OF MED SCI L","250"
"27-APR-2026","LTM","LTIMINDTREE LIMITED","402"
"27-APR-2026","MAHABANK","MAHABANK","85"
"27-APR-2026","MANINDS","MAN INDUSTRIES (I) LTD.  ","100"
"27-APR-2026","MON100","MOTILAL OS NASDAQ100 ETF","734"
"27-APR-2026","MONQ50","MOTILALAMC - MONQ50","396"
"27-APR-2026","MOSCHIP","MOSCHIP TECHNOLOGIES LTD","1,233"
"27-APR-2026","MOTILALOFS","MOTILAL OSWAL FIN LTD   ","1"
"27-APR-2026","MPHASIS","MPHASIS LIMITED","23"
"27-APR-2026","NATIONALUM","NATIONAL ALUMINIUM CO LTD","100"
"27-APR-2026","NLCINDIA","NLC INDIA LIMITED","100"
"27-APR-2026","NMDC","NMDC LTD.","150"
"27-APR-2026","NTPC","NTPC LTD","3"
"27-APR-2026","OFSS","Oracle Financial Services Software Limited","765"
"27-APR-2026","PATANJALI","PATANJALI FOODS LIMITED","1"
"27-APR-2026","PAYTM","ONE 97 COMMUNICATIONS LTD","280"
"27-APR-2026","PIIND","PI INDUSTRIES LTD        ","175"
"27-APR-2026","PNBHOUSING","PNB HOUSING FIN LTD.   ","4"
"27-APR-2026","PRAJIND","PRAJ INDUSTRIES LTD","100"
"27-APR-2026","PSUBNKBEES","GOLDMAN SACHS PSU BNK ETF","17"
"27-APR-2026","PSUBNKIETF","ICICIPRAMC - PSUBANKICI","110"
"27-APR-2026","RADICO","RADICO KHAITAN LIMITED","1"
"27-APR-2026","RATNAMANI","RATNAMANI","10"
"27-APR-2026","RELIANCE","RELIANCE INDUSTRIES LTD","1,729"
"27-APR-2026","RELIGARE","RELIGARE ENTERPRISES LIMITED","2,000"
"27-APR-2026","SAIL","STEEL AUTHORITY OF INDIA","250"
"27-APR-2026","SBICARD","SBI CARDS & PAY SER LTD","3"
"27-APR-2026","SBILIFE","SBI LIFE INSURANCE COMPANY LIMITED","6"
"27-APR-2026","SHARDACROP","SHARDA CROPCHEM LTD.","1"
"27-APR-2026","SJS","SJS ENTERPRISES LIMITED","60"
"27-APR-2026","STLTECH","STERLITE TECHNOLOGIES","1,57,979"
"27-APR-2026","SUNPHARMA","SUN PHARMACEUTICALS IND.","10"
"27-APR-2026","SUZLON","SUZLON ENERGY LIMITED","701"
"27-APR-2026","TANLA","TANLA PLATFORMS LIMITED","2,56,103"
"27-APR-2026","TATAINVEST","TATA INVESTMENT CORPORATION LIMITED","50"
"27-APR-2026","TATAPOWER","TATA POWER CO LTD","700"
"27-APR-2026","TATASTEEL","TATA STEEL LIMITED","5"
"27-APR-2026","TEJASNET","TEJAS NETWORKS LIMITED","9,550"
"27-APR-2026","TRENT","TRENT LIMITED","19,900"
"27-APR-2026","UTIAMC","UTI ASSET MNGMT CO LTD","2"
"27-APR-2026","VBL","VARUN BEVERAGES LIMITED    ","2"
"27-APR-2026","WEBELSOLAR","WEBSOL ENERGY SYSTEM LTD","18,363"
"27-APR-2026","WIPRO","WIPRO LTD","3,440"
"27-APR-2026","ZEEL","ZEE ENTERTAINMENT ENT LTD","833"
"27-APR-2026","ZENSARTECH","ZENSAR TECHNOLOGIES  LTD ","3"
"28-APR-2026","ABB","ABB LTD.","250"
"28-APR-2026","ABCAPITAL","ADITYA BIRLA CAPITAL LIMITED","3,100"
"28-APR-2026","ADANIENSOL","ADANI ENERGY SOLUTION LTD","4,725"
"28-APR-2026","ADANIENT","ADANI ENTERPRISES LIMITED","18,527"
"28-APR-2026","ADANIGREEN","ADANI GREEN ENERGY LTD","5,425"
"28-APR-2026","ADANIPORTS","ADANI PORT & SEZ LTD","7,549"
"28-APR-2026","ADANIPOWER","ADANI POWER LTD","1,35,308"
"28-APR-2026","AGI","AGI GREENPAC LIMITED","4,618"
"28-APR-2026","ALKEM","ALKEM LABORATORIES LTD.","875"
"28-APR-2026","AMBER","AMBER ENTERPRISES (I) LTD","1,085"
"28-APR-2026","AMBUJACEM","AMBUJA CEMENTS LTD","6,300"
"28-APR-2026","ANGELONE","ANGEL ONE LTD","25,000"
"28-APR-2026","ANTHEM","ANTHEM BIOSCIENCES LTD","27"
"28-APR-2026","APLAPOLLO","APL APOLLO TUBES LTD","7,700"
"28-APR-2026","APOLLO","APOLLO MICRO SYSTEMS LTD","300"
"28-APR-2026","APOLLOHOSP","APOLLO HOSPITALS ENTERPRISE LIMITED","751"
"28-APR-2026","APTUS","APTUS VALUE HSG FIN I LTD","1"
"28-APR-2026","ARE&M","AMARA RAJA ENERGY MOB","999"
"28-APR-2026","ASHOKLEY","ASHOK LEYLAND LTD","20,000"
"28-APR-2026","ASIANPAINT","ASIAN PAINTS LIMITED","2,940"
"28-APR-2026","AUBANK","AU SMALL FINANCE BANK LIMITED","3,021"
"28-APR-2026","AUROPHARMA","AUROBINDO PHARMA LTD","3,390"
"28-APR-2026","AXISBANK","AXIS BANK LIMITED","6,815"
"28-APR-2026","BAJAJ-AUTO","BAJAJ AUTO LIMITED","5,893"
"28-APR-2026","BAJAJCON","BAJAJ CONSUMER CARE LTD","1"
"28-APR-2026","BAJAJFINSV","BAJAJ FINSERV LIMITED","645"
"28-APR-2026","BAJAJHLDNG","BAJAJ HOLDINGS & INVS LTD","50"
"28-APR-2026","BAJFINANCE","BAJAJ FINANCE LIMITED","4,470"
"28-APR-2026","BANDHANBNK","BANDHAN BANK LIMITED","9,239"
"28-APR-2026","BANKBARODA","BANK OF BARODA","5,850"
"28-APR-2026","BANKINDIA","BANK OF INDIA","15,600"
"28-APR-2026","BDL","BHARAT DYNAMICS LIMITED","2,600"
"28-APR-2026","BEL","BHARAT ELECTRONICS LTD","1,425"
"28-APR-2026","BHARATFORG","BHARAT FORGE LTD","4,500"
"28-APR-2026","BHARTIARTL","BHARTI AIRTEL LIMITED","7,607"
"28-APR-2026","BHEL","BHEL","55,128"
"28-APR-2026","BIOCON","BIOCON LIMITED.","7,500"
"28-APR-2026","BLUESTARCO","BLUE STAR LIMITED","650"
"28-APR-2026","BOSCHLTD","BOSCH LIMITED","25"
"28-APR-2026","BPCL","BHARAT PETROLEUM CORP  LT","27,150"
"28-APR-2026","BRITANNIA","BRITANNIA INDUSTRIES LIMITED","111"
"28-APR-2026","BSE","BSE LIMITED","16,408"
"28-APR-2026","CAMS","COMPUTER AGE MGMT SER LTD","2,250"
"28-APR-2026","CANBK","CANARA BANK","13,518"
"28-APR-2026","CDSL","CENTRAL DEPOSITORY SERVICES (INDIA) LIMITED","11,123"
"28-APR-2026","CGPOWER","CG POWER AND INDUSTRIAL SOLUTIONS LIMITED","16,150"
"28-APR-2026","CHOLAFIN","CHOLAMANDALAM IN & FIN CO","406"
"28-APR-2026","CIPLA","CIPLA LTD","375"
"28-APR-2026","CLEAN","CLEAN SCIENCE & TECH LTD","37"
"28-APR-2026","COALINDIA","COALINDIA","40,875"
"28-APR-2026","COCHINSHIP","COCHIN SHIPYARD LIMITED","1,800"
"28-APR-2026","COFORGE","COFORGE LIMITED","5,250"
"28-APR-2026","COHANCE","COHANCE LIFESCIENCES LTD","1,211"
"28-APR-2026","COLPAL","COLGATE PALMOLIVE LTD.","1,125"
"28-APR-2026","CONCOR","CONTAINER CORP OF IND LTD","1,250"
"28-APR-2026","CROMPTON","CROMPT GREA CON ELEC LTD  ","7,200"
"28-APR-2026","CUB","CITY UNION BANK LTD      ","86"
"28-APR-2026","CUMMINSIND","CUMMINS INDIA LTD","400"
"28-APR-2026","DABUR","DABUR INDIA LTD","2,500"
"28-APR-2026","DELHIVERY","DELHIVERY LIMITED","3,875"
"28-APR-2026","DIVISLAB","DIVI'S LABORATORIES LTD","300"
"28-APR-2026","DIXON","DIXON TECHNO (INDIA) LTD","1,150"
"28-APR-2026","DLF","DLF LIMITED","2,440"
"28-APR-2026","DMART","AVENUE SUPERMARTS LIMITED","1,349"
"28-APR-2026","DRREDDY","DR. REDDY'S LABORATORIES","3,125"
"28-APR-2026","EICHERMOT","EICHER MOTORS LIMITED","2,200"
"28-APR-2026","EMMVEE","EMMVEE PHOTOVOLTAIC PWR L","4"
"28-APR-2026","EPACK","EPACK DURABLE LIMITED","140"
"28-APR-2026","ETERNAL","ETERNAL LIMITED","2,29,410"
"28-APR-2026","EXIDEIND","EXIDE INDUSTRIES LTD","3,005"
"28-APR-2026","FEDERALBNK","FEDERAL BANK LTD","30,000"
"28-APR-2026","FORCEMOT","FORCE MOTORS LIMITED","155"
"28-APR-2026","FORTIS","FORTIS HEALTHCARE (I) LTD","775"
"28-APR-2026","GAIL","GAIL (INDIA) LTD","28,150"
"28-APR-2026","GLENMARK","GLENMARK PHARMACEUTICALS LIMITED","768"
"28-APR-2026","GMDCLTD","GUJARAT MINERAL DEV CORP","550"
"28-APR-2026","GMRAIRPORT","GMR AIRPORTS LIMITED","58,449"
"28-APR-2026","GODREJPROP","GODREJ PROPERTIES LTD","1,644"
"28-APR-2026","GRASIM","GRASIM INDUSTRIES LTD","500"
"28-APR-2026","GROWW","BILLIONBRAINS GARAGE VN L","1,500"
"28-APR-2026","GRSE","GARDEN REACH SHIP&ENG LTD","2"
"28-APR-2026","HAL","HINDUSTAN AERONAUTICS LTD","4,878"
"28-APR-2026","HAVELLS","HAVELLS INDIA LIMITED","8,000"
"28-APR-2026","HCC","HINDUSTAN CONSTRUCTION CO","1,000"
"28-APR-2026","HCLTECH","HCL TECHNOLOGIES LTD","28,700"
"28-APR-2026","HDFCAMC","HDFC AMC LIMITED","9,600"
"28-APR-2026","HDFCBANK","HDFC BANK LTD","9,259"
"28-APR-2026","HDFCLIFE","HDFC STANDARD LIFE INSURANCE COMPANY LIMITED","3,300"
"28-APR-2026","HEG","HEG LIMITED","100"
"28-APR-2026","HEROMOTOCO","HERO MOTOCORP LTD","1,035"
"28-APR-2026","HINDALCO","HINDALCO  INDUSTRIES  LTD","11,055"
"28-APR-2026","HINDPETRO","HINDUSTAN PETROLEUM CORP","4,062"
"28-APR-2026","HINDUNILVR","HINDUSTAN UNILEVER LTD.","1,518"
"28-APR-2026","HINDZINC","HINDUSTAN ZINC LIMITED","100"
"28-APR-2026","HSCL","HIMADRI SPECIALITY CHEMICAL LIMITED","5"
"28-APR-2026","HUDCO","HOUSING & URBAN DEVELOPMENT CORPORATION LIMITED","1,588"
"28-APR-2026","HYUNDAI","HYUNDAI MOTOR INDIA LTD","550"
"28-APR-2026","ICICIBANK","ICICI BANK LTD.","700"
"28-APR-2026","ICICIPRULI","ICICI PRU LIFE INS CO LTD ","18,500"
"28-APR-2026","IDEA","Vodafone Idea Limited","7,82,809"
"28-APR-2026","IDFCFIRSTB","IDFC FIRST BANK LIMI","1,57,675"
"28-APR-2026","IEX","INDIAN ENERGY EXCHANGE LIMITED","15,000"
"28-APR-2026","IFCI","IFCI LTD","323"
"28-APR-2026","INDHOTEL","THE INDIAN HOTELS CO. LTD","2,005"
"28-APR-2026","INDIGO","INTERGLOBE AVIATION LTD  ","3,811"
"28-APR-2026","INDUSINDBK","INDUSIND BANK LIMITED","6,050"
"28-APR-2026","INDUSTOWER","INDUS","3,400"
"28-APR-2026","INFY","INFOSYS TECHNOLOGIES LTD","4,320"
"28-APR-2026","INOXWIND","INOX WIND LIMITED        ","44,375"
"28-APR-2026","IOC","INDIAN OIL CORP LTD","87,630"
"28-APR-2026","IREDA","INDIAN RENEWABLE ENERGY","27,600"
"28-APR-2026","IRFC","IRFC","8,843"
"28-APR-2026","ITC","ITC LTD","27,045"
"28-APR-2026","JAIBALAJI","JAI BALAJI INDUSTRIES LTD","10"
"28-APR-2026","JINDALSTEL","JINDAL STEEL & POWER LTD","4,706"
"28-APR-2026","JIOFIN","JIO FIN SERVICES LTD","2,475"
"28-APR-2026","JSWSTEEL","JSW STEEL LIMITED","1,360"
"28-APR-2026","JUBLFOOD","JUBILANT FOODWORKS LTD","10,025"
"28-APR-2026","KALYANKJIL","KALYAN JEWELLERS IND LTD","4,700"
"28-APR-2026","KAYNES","KAYNES TECHNOLOGY IND LTD","5,445"
"28-APR-2026","KEI","KEI INDUSTRIES LTD.      ","175"
"28-APR-2026","KFINTECH","KFIN TECHNOLOGIES LIMITED","500"
"28-APR-2026","KOTAKBANK","KOTAK MAHINDRA BANK LTD","24,188"
"28-APR-2026","KPITTECH","KPIT TECHNOLOGIES LTD","375"
"28-APR-2026","LATENTVIEW","LATENT VIEW ANALYTICS LTD","1"
"28-APR-2026","LAURUSLABS","LAURUS LABS LIMITED","1,699"
"28-APR-2026","LICHSGFIN","LIC HOUSING FINANCE LTD","4,000"
"28-APR-2026","LIQUID","MIRAEAMC - LIQUID","206"
"28-APR-2026","LODHA","LODHA","4,545"
"28-APR-2026","LT","LARSEN & TOUBRO LTD.","6,474"
"28-APR-2026","LTF","L&T FINANCE LIMITED","36,220"
"28-APR-2026","LTM","LTIMINDTREE LIMITED","600"
"28-APR-2026","M&M","MAHINDRA & MAHINDRA LTD","1,004"
"28-APR-2026","MANAPPURAM","MANAPPURAM FINANCE LTD","12,000"
"28-APR-2026","MANKIND","MANKIND PHARMA LIMITED","1,125"
"28-APR-2026","MARICO","MARICO LIMITED","1,200"
"28-APR-2026","MARUTI","MARUTI SUZUKI INDIA LTD.","1,340"
"28-APR-2026","MASPTOP50","MIRAEAMC - MASPTOP50","100"
"28-APR-2026","MAZDOCK","MAZAGON DOCK SHIPBUIL LTD","4,699"
"28-APR-2026","MCX","MULTI COMMODITY EXCHANGE OF INDIA LIMITED","13,064"
"28-APR-2026","MEESHO","MEESHO LIMITED","1"
"28-APR-2026","MFSL","MAX FINANCIAL SERV LTD","780"
"28-APR-2026","MIDHANI","MIDHANI","100"
"28-APR-2026","MIDQ50ADD","DSPAMC - DSPQ50ETF","50"
"28-APR-2026","MON100","MOTILAL OS NASDAQ100 ETF","573"
"28-APR-2026","MOTHERSON","SAMVRDHNA MTHRSN INT","18,450"
"28-APR-2026","MOTILALOFS","MOTILAL OSWAL FIN LTD   ","8,525"
"28-APR-2026","MPHASIS","MPHASIS LIMITED","825"
"28-APR-2026","MUTHOOTFIN","MUTHOOT FINANCE LIMITED","275"
"28-APR-2026","NAM-INDIA","NIPPON L I A M LTD","3,750"
"28-APR-2026","NATIONALUM","NATIONAL ALUMINIUM CO LTD","54,610"
"28-APR-2026","NAUKRI","INFO EDGE (I) LTD","375"
"28-APR-2026","NBCC","NATIONAL BUILDINGS LTD   ","13,000"
"28-APR-2026","NESTLEIND","NESTLE INDIA LIMITED","20,060"
"28-APR-2026","NEWGEN","NEWGEN","2"
"28-APR-2026","NHPC","NHPC LTD","64,000"
"28-APR-2026","NMDC","NMDC LTD.","1,48,550"
"28-APR-2026","NTPC","NTPC LTD","3,002"
"28-APR-2026","NTPCGREEN","NTPC GREEN ENERGY LIMITED","552"
"28-APR-2026","OBEROIRLTY","OBEROI REALTY LIMITED","1,750"
"28-APR-2026","OFSS","Oracle Financial Services Software Limited","4,073"
"28-APR-2026","OIL","OIL INDIA LTD","10,374"
"28-APR-2026","ONGC","OIL AND NATURAL GAS CORP.","75,872"
"28-APR-2026","ORISSAMINE","ORISSA MIN DEV CO LTD","1"
"28-APR-2026","PAGEIND","PAGE INDUSTRIES LTD","283"
"28-APR-2026","PATANJALI","PATANJALI FOODS LIMITED","900"
"28-APR-2026","PAYTM","ONE 97 COMMUNICATIONS LTD","21,013"
"28-APR-2026","PERSISTENT","PERSISTENT SYSTEMS LTD","600"
"28-APR-2026","PETRONET","PETRONET LNG LIMITED","21,700"
"28-APR-2026","PFC","POWER FIN CORP LTD.","26,605"
"28-APR-2026","PGEL","PG ELECTROPLAST LTD","2,820"
"28-APR-2026","PIIND","PI INDUSTRIES LTD        ","6,925"
"28-APR-2026","PIRAMALFIN","PIRAMAL FINANCE LIMITED","10"
"28-APR-2026","PNBHOUSING","PNB HOUSING FIN LTD.   ","15,702"
"28-APR-2026","POLICYBZR","PB FINTECH LIMITED","3,850"
"28-APR-2026","POLYCAB","POLYCAB INDIA LIMITED","5,704"
"28-APR-2026","POWERGRID","POWER GRID CORP. LTD.","3,800"
"28-APR-2026","POWERINDIA","ABB POWER PRO N SYS IND L","320"
"28-APR-2026","PPLPHARMA","PIRAMAL PHARMA LIMITED","2,625"
"28-APR-2026","PRECWIRE","PRECISION WIRES INDIA LTD","50"
"28-APR-2026","PREMIERENE","PREMIER ENERGIES LIMITED","31,050"
"28-APR-2026","PRESTIGE","PRESTIGE ESTATES PROJECTS LIMITED","568"
"28-APR-2026","PSUBNKBEES","GOLDMAN SACHS PSU BNK ETF","5"
"28-APR-2026","RBLBANK","RBL BANK LIMITED    ","3,175"
"28-APR-2026","RECLTD","RURAL ELEC CORP. LTD.","20,367"
"28-APR-2026","RELIANCE","RELIANCE INDUSTRIES LTD","19,421"
"28-APR-2026","RELIGARE","RELIGARE ENTERPRISES LIMITED","2,005"
"28-APR-2026","RRKABEL","R R KABEL LIMITED","55"
"28-APR-2026","RVNL","RVNL","57,950"
"28-APR-2026","SAIL","STEEL AUTHORITY OF INDIA","1,28,600"
"28-APR-2026","SBICARD","SBI CARDS & PAY SER LTD","1,532"
"28-APR-2026","SBIN","STATE BANK OF INDIA","13,495"
"28-APR-2026","SHREECEM","SHREE CEMENTS LTD","50"
"28-APR-2026","SHRIRAMFIN","SHRIRAM FINANCE LIMITED","2,475"
"28-APR-2026","SIEMENS","SIEMENS LTD","1,724"
"28-APR-2026","SOLARINDS","SOLAR INDUSTRIES (I) LTD","150"
"28-APR-2026","SONACOMS","SONA BLW PRECISION FRGS L","14,700"
"28-APR-2026","SRF","SRF LTD","400"
"28-APR-2026","SUNPHARMA","SUN PHARMACEUTICALS IND.","7,360"
"28-APR-2026","SUZLON","SUZLON ENERGY LIMITED","3,79,671"
"28-APR-2026","SWIGGY","SWIGGY LIMITED","2,713"
"28-APR-2026","SWSOLAR","STERLING & WILSON SO LTD","2,000"
"28-APR-2026","TANLA","TANLA PLATFORMS LIMITED","2,465"
"28-APR-2026","TATACHEM","TATA CHEMICALS LTD","16"
"28-APR-2026","TATACONSUM","TATA CONSUMER PRODUCT","1,650"
"28-APR-2026","TATAPOWER","TATA POWER CO LTD","36,661"
"28-APR-2026","TATASTEEL","TATA STEEL LIMITED","80,448"
"28-APR-2026","TATATECH","TATA TECHNOLOGIES LIMITED","800"
"28-APR-2026","TCS","TATA CONSULTANCY SERV LT","56,257"
"28-APR-2026","TECHM","TECH MAHINDRA LIMITED","3,768"
"28-APR-2026","TIINDIA","TUBE INVEST OF INDIA LTD","400"
"28-APR-2026","TITAN","TITAN INDUSTRIES LTD","175"
"28-APR-2026","TMPV","TATA MOTORS PASS VEH LTD","11,065"
"28-APR-2026","TORNTPOWER","TORRENT POWER LTD","425"
"28-APR-2026","TRENT","TRENT LIMITED","2,450"
"28-APR-2026","TVSMOTOR","TVS MOTOR COMPANY  LTD","525"
"28-APR-2026","ULTRACEMCO","ULTRATECH CEMENT LIMITED","150"
"28-APR-2026","UNIONBANK","UNION BANK OF INDIA","4,425"
"28-APR-2026","UNITDSPR","UNITED SPIRITS LIMITED","2,000"
"28-APR-2026","UNOMINDA","UNO MINDA LIMITED","1,100"
"28-APR-2026","UPL","UPL LIMITED","2,710"
"28-APR-2026","VOLTAS","VOLTAS LTD","50,795"
"28-APR-2026","WAAREEENER","WAAREE ENERGIES LIMITED","176"
"28-APR-2026","WEBELSOLAR","WEBSOL ENERGY SYSTEM LTD","19,985"
"28-APR-2026","WIPRO","WIPRO LTD","77,433"
"28-APR-2026","YESBANK","YES BANK LIMITED","1,24,418"
"28-APR-2026","ZEEL","ZEE ENTERTAINMENT ENT LTD","1,753"
"28-APR-2026","ZYDUSLIFE","ZYDUS LIFESCIENCES","7,200"
"29-APR-2026","ABCAPITAL","ADITYA BIRLA CAPITAL LIMITED","1,609"
"29-APR-2026","ADANIENSOL","ADANI ENERGY SOLUTION LTD","3"
"29-APR-2026","ADANIENT","ADANI ENTERPRISES LIMITED","1,020"
"29-APR-2026","ADANIGREEN","ADANI GREEN ENERGY LTD","118"
"29-APR-2026","ADANIPORTS","ADANI PORT & SEZ LTD","1,124"
"29-APR-2026","ADANIPOWER","ADANI POWER LTD","4,091"
"29-APR-2026","AMBER","AMBER ENTERPRISES (I) LTD","87"
"29-APR-2026","APARINDS","APAR INDUSTRIES LTD.","2"
"29-APR-2026","ASHOKLEY","ASHOK LEYLAND LTD","10"
"29-APR-2026","AXISBANK","AXIS BANK LIMITED","205"
"29-APR-2026","BAJAJ-AUTO","BAJAJ AUTO LIMITED","133"
"29-APR-2026","BAJFINANCE","BAJAJ FINANCE LIMITED","50"
"29-APR-2026","BANDHANBNK","BANDHAN BANK LIMITED","3,315"
"29-APR-2026","BDL","BHARAT DYNAMICS LIMITED","1,417"
"29-APR-2026","BEL","BHARAT ELECTRONICS LTD","200"
"29-APR-2026","BHARATFORG","BHARAT FORGE LTD","566"
"29-APR-2026","BHARTIARTL","BHARTI AIRTEL LIMITED","41"
"29-APR-2026","BHEL","BHEL","1,788"
"29-APR-2026","BIOCON","BIOCON LIMITED.","236"
"29-APR-2026","BLUESTARCO","BLUE STAR LIMITED","1,614"
"29-APR-2026","BPCL","BHARAT PETROLEUM CORP  LT","1,620"
"29-APR-2026","BSE","BSE LIMITED","936"
"29-APR-2026","CANBK","CANARA BANK","99"
"29-APR-2026","CASTROLIND","CASTROL INDIA LIMITED","100"
"29-APR-2026","CDSL","CENTRAL DEPOSITORY SERVICES (INDIA) LIMITED","460"
"29-APR-2026","CGPOWER","CG POWER AND INDUSTRIAL SOLUTIONS LIMITED","9,294"
"29-APR-2026","COALINDIA","COALINDIA","7,273"
"29-APR-2026","COCHINSHIP","COCHIN SHIPYARD LIMITED","35"
"29-APR-2026","COFORGE","COFORGE LIMITED","92"
"29-APR-2026","COHANCE","COHANCE LIFESCIENCES LTD","10"
"29-APR-2026","COLPAL","COLGATE PALMOLIVE LTD.","154"
"29-APR-2026","CROMPTON","CROMPT GREA CON ELEC LTD  ","24"
"29-APR-2026","DABUR","DABUR INDIA LTD","2,275"
"29-APR-2026","DEEPAKNTR","DEEPAK NITRITE LIMITED","2"
"29-APR-2026","DIVISLAB","DIVI'S LABORATORIES LTD","65"
"29-APR-2026","DIXON","DIXON TECHNO (INDIA) LTD","33"
"29-APR-2026","DLF","DLF LIMITED","153"
"29-APR-2026","DMART","AVENUE SUPERMARTS LIMITED","29"
"29-APR-2026","DRREDDY","DR. REDDY'S LABORATORIES","91,581"
"29-APR-2026","EASEMYTRIP","EASY TRIP PLANNERS LTD","3,000"
"29-APR-2026","EMMVEE","EMMVEE PHOTOVOLTAIC PWR L","500"
"29-APR-2026","ETERNAL","ETERNAL LIMITED","2,695"
"29-APR-2026","EXIDEIND","EXIDE INDUSTRIES LTD","720"
"29-APR-2026","FEDERALBNK","FEDERAL BANK LTD","1,622"
"29-APR-2026","FORCEMOT","FORCE MOTORS LIMITED","108"
"29-APR-2026","GAIL","GAIL (INDIA) LTD","12,198"
"29-APR-2026","GLENMARK","GLENMARK PHARMACEUTICALS LIMITED","226"
"29-APR-2026","GMDCLTD","GUJARAT MINERAL DEV CORP","526"
"29-APR-2026","GMRAIRPORT","GMR AIRPORTS LIMITED","3,692"
"29-APR-2026","GODREJCP","GODREJ CONSUMER PRODUCTS LIMITED","11"
"29-APR-2026","GODREJPROP","GODREJ PROPERTIES LTD","47"
"29-APR-2026","GRASIM","GRASIM INDUSTRIES LTD","100"
"29-APR-2026","GRSE","GARDEN REACH SHIP&ENG LTD","1"
"29-APR-2026","HAL","HINDUSTAN AERONAUTICS LTD","1"
"29-APR-2026","HDFCBANK","HDFC BANK LTD","1,067"
"29-APR-2026","HEG","HEG LIMITED","300"
"29-APR-2026","HINDALCO","HINDALCO  INDUSTRIES  LTD","900"
"29-APR-2026","HINDUNILVR","HINDUSTAN UNILEVER LTD.","191"
"29-APR-2026","HUDCO","HOUSING & URBAN DEVELOPMENT CORPORATION LIMITED","5"
"29-APR-2026","IDEA","Vodafone Idea Limited","1,10,253"
"29-APR-2026","IDFCFIRSTB","IDFC FIRST BANK LIMI","12,642"
"29-APR-2026","IEX","INDIAN ENERGY EXCHANGE LIMITED","211"
"29-APR-2026","IIFL","IIFL HOLDINGS LIMITED","3,000"
"29-APR-2026","INDHOTEL","THE INDIAN HOTELS CO. LTD","10"
"29-APR-2026","INDIANB","INDIAN BANK","13"
"29-APR-2026","INDIGO","INTERGLOBE AVIATION LTD  ","24"
"29-APR-2026","INDUSINDBK","INDUSIND BANK LIMITED","2,516"
"29-APR-2026","INFY","INFOSYS TECHNOLOGIES LTD","280"
"29-APR-2026","IOC","INDIAN OIL CORP LTD","301"
"29-APR-2026","IREDA","INDIAN RENEWABLE ENERGY","500"
"29-APR-2026","ITC","ITC LTD","758"
"29-APR-2026","JAIBALAJI","JAI BALAJI INDUSTRIES LTD","4"
"29-APR-2026","JAINREC","JAIN RESOURCE RECYCLING L","5"
"29-APR-2026","JINDALSTEL","JINDAL STEEL & POWER LTD","2"
"29-APR-2026","JSWSTEEL","JSW STEEL LIMITED","1"
"29-APR-2026","JUBLFOOD","JUBILANT FOODWORKS LTD","540"
"29-APR-2026","JYOTICNC","JYOTI CNC AUTOMATION LTD","320"
"29-APR-2026","KAYNES","KAYNES TECHNOLOGY IND LTD","341"
"29-APR-2026","KEI","KEI INDUSTRIES LTD.      ","77"
"29-APR-2026","LICHSGFIN","LIC HOUSING FINANCE LTD","205"
"29-APR-2026","LICI","LIFE INSURA CORP OF INDIA","4,767"
"29-APR-2026","LIQUID","MIRAEAMC - LIQUID","1,310"
"29-APR-2026","LODHA","LODHA","4"
"29-APR-2026","LT","LARSEN & TOUBRO LTD.","281"
"29-APR-2026","M&M","MAHINDRA & MAHINDRA LTD","104"
"29-APR-2026","M&MFIN","MAHINDRA & MAHINDRA FINANCIAL SERVICES LIMITED","4"
"29-APR-2026","MAHABANK","MAHABANK","16"
"29-APR-2026","MANINFRA","MAN INFRA LTD","30"
"29-APR-2026","MANKIND","MANKIND PHARMA LIMITED","92"
"29-APR-2026","MARUTI","MARUTI SUZUKI INDIA LTD.","341"
"29-APR-2026","MAZDOCK","MAZAGON DOCK SHIPBUIL LTD","843"
"29-APR-2026","MCX","MULTI COMMODITY EXCHANGE OF INDIA LIMITED","316"
"29-APR-2026","MTARTECH","MTAR TECHNOLOGIES LIMITED","1"
"29-APR-2026","NATIONALUM","NATIONAL ALUMINIUM CO LTD","8,032"
"29-APR-2026","NESTLEIND","NESTLE INDIA LIMITED","507"
"29-APR-2026","NHPC","NHPC LTD","8,306"
"29-APR-2026","NMDC","NMDC LTD.","500"
"29-APR-2026","NTPC","NTPC LTD","120"
"29-APR-2026","OBEROIRLTY","OBEROI REALTY LIMITED","380"
"29-APR-2026","OFSS","Oracle Financial Services Software Limited","8,441"
"29-APR-2026","OLAELEC","OLA ELECTRIC MOBILITY LTD","312"
"29-APR-2026","OLECTRA","OLECTRA GREENTECH LIMITED","1"
"29-APR-2026","ONGC","OIL AND NATURAL GAS CORP.","5,607"
"29-APR-2026","ORISSAMINE","ORISSA MIN DEV CO LTD","66"
"29-APR-2026","PATELENG","PATEL ENGINEERING LTD.","500"
"29-APR-2026","PAYTM","ONE 97 COMMUNICATIONS LTD","317"
"29-APR-2026","PETRONET","PETRONET LNG LIMITED","788"
"29-APR-2026","PFC","POWER FIN CORP LTD.","412"
"29-APR-2026","PICCADIL","PICCADILY AGRO INDUSTRI L","51"
"29-APR-2026","PIIND","PI INDUSTRIES LTD        ","170"
"29-APR-2026","PNB","PUNJAB NATIONAL BANK","500"
"29-APR-2026","PNBHOUSING","PNB HOUSING FIN LTD.   ","1,031"
"29-APR-2026","POLYCAB","POLYCAB INDIA LIMITED","348"
"29-APR-2026","POWERGRID","POWER GRID CORP. LTD.","1,000"
"29-APR-2026","POWERINDIA","ABB POWER PRO N SYS IND L","102"
"29-APR-2026","PREMEXPLN","PREMIER EXPLOSIVES LTD","5"
"29-APR-2026","PREMIERENE","PREMIER ENERGIES LIMITED","100"
"29-APR-2026","RBLBANK","RBL BANK LIMITED    ","1"
"29-APR-2026","RELIANCE","RELIANCE INDUSTRIES LTD","519"
"29-APR-2026","RELIGARE","RELIGARE ENTERPRISES LIMITED","2,250"
"29-APR-2026","RKFORGE","RAMKRISHNA FORGINGS LTD","1"
"29-APR-2026","RRKABEL","R R KABEL LIMITED","4"
"29-APR-2026","RVNL","RVNL","5,476"
"29-APR-2026","SAIL","STEEL AUTHORITY OF INDIA","2,100"
"29-APR-2026","SAMMAANCAP","SAMMAAN CAPITAL LIMITED","4,400"
"29-APR-2026","SAPPHIRE","SAPPHIRE FOODS INDIA LTD","1,86,366"
"29-APR-2026","SBIN","STATE BANK OF INDIA","1,332"
"29-APR-2026","SCI","SHIPPING CORP OF INDIA LT","10"
"29-APR-2026","SHAKTIPUMP","SHAKTI PUMPS (I) LTD","50"
"29-APR-2026","SHREECEM","SHREE CEMENTS LTD","100"
"29-APR-2026","SHRIRAMFIN","SHRIRAM FINANCE LIMITED","75"
"29-APR-2026","SIEMENS","SIEMENS LTD","90"
"29-APR-2026","SKIPPER","SKIPPER LIMITED","11"
"29-APR-2026","SKYGOLD","SKY GOLD AND DIAMONDS LTD","40"
"29-APR-2026","SOLARINDS","SOLAR INDUSTRIES (I) LTD","46"
"29-APR-2026","SONACOMS","SONA BLW PRECISION FRGS L","851"
"29-APR-2026","SRF","SRF LTD","207"
"29-APR-2026","STLTECH","STERLITE TECHNOLOGIES","400"
"29-APR-2026","SUNPHARMA","SUN PHARMACEUTICALS IND.","1,466"
"29-APR-2026","SUZLON","SUZLON ENERGY LIMITED","27,371"
"29-APR-2026","TATACONSUM","TATA CONSUMER PRODUCT","8"
"29-APR-2026","TATAPOWER","TATA POWER CO LTD","275"
"29-APR-2026","TATASTEEL","TATA STEEL LIMITED","11,161"
"29-APR-2026","TCS","TATA CONSULTANCY SERV LT","21,525"
"29-APR-2026","TECHM","TECH MAHINDRA LIMITED","13,857"
"29-APR-2026","TEJASNET","TEJAS NETWORKS LIMITED","125"
"29-APR-2026","TIINDIA","TUBE INVEST OF INDIA LTD","79"
"29-APR-2026","TRENT","TRENT LIMITED","54"
"29-APR-2026","TVSMOTOR","TVS MOTOR COMPANY  LTD","99"
"29-APR-2026","ULTRACEMCO","ULTRATECH CEMENT LIMITED","21"
"29-APR-2026","UNIONBANK","UNION BANK OF INDIA","1,522"
"29-APR-2026","UNOMINDA","UNO MINDA LIMITED","268"
"29-APR-2026","VOLTAS","VOLTAS LTD","385"
"29-APR-2026","WAAREEENER","WAAREE ENERGIES LIMITED","5"
"29-APR-2026","WEBELSOLAR","WEBSOL ENERGY SYSTEM LTD","429"
"29-APR-2026","WIPRO","WIPRO LTD","33,879"
"29-APR-2026","YESBANK","YES BANK LIMITED","2"
"29-APR-2026","ZEEL","ZEE ENTERTAINMENT ENT LTD","4"
"29-APR-2026","ZYDUSLIFE","ZYDUS LIFESCIENCES","204"
"30-APR-2026","360ONE","360 ONE WAM LIMITED","5"
"30-APR-2026","AADHARHFC","AADHAR HOUSING FINANCE L","189"
"30-APR-2026","ACC","ACC LIMITED","1"
"30-APR-2026","ADANIENT","ADANI ENTERPRISES LIMITED","87"
"30-APR-2026","ADANIPORTS","ADANI PORT & SEZ LTD","1"
"30-APR-2026","ADANIPOWER","ADANI POWER LTD","124"
"30-APR-2026","AFFLE","AFFLE (INDIA) LIMITED","10"
"30-APR-2026","APOLLO","APOLLO MICRO SYSTEMS LTD","1"
"30-APR-2026","ASKAUTOLTD","ASK AUTOMOTIVE LIMITED","250"
"30-APR-2026","BAJAJ-AUTO","BAJAJ AUTO LIMITED","25"
"30-APR-2026","BAJAJFINSV","BAJAJ FINSERV LIMITED","10"
"30-APR-2026","BAJFINANCE","BAJAJ FINANCE LIMITED","245"
"30-APR-2026","BALUFORGE","BALU FORGE INDUSTRIES LTD","1"
"30-APR-2026","BANDHANBNK","BANDHAN BANK LIMITED","1,931"
"30-APR-2026","BAYERCROP","BAYER CROPSCIENCE LTD    ","126"
"30-APR-2026","BHEL","BHEL","200"
"30-APR-2026","BIKAJI","BIKAJI FOODS INTERN LTD","14"
"30-APR-2026","BLUESTARCO","BLUE STAR LIMITED","663"
"30-APR-2026","CEMPRO","CEMINDIA PROJECTS LIMITED","3,95,466"
"30-APR-2026","COALINDIA","COALINDIA","25"
"30-APR-2026","COCHINSHIP","COCHIN SHIPYARD LIMITED","15"
"30-APR-2026","CPPLUS","ADITYA INFOTECH LIMITED","9"
"30-APR-2026","DALBHARAT","DALMIA BHARAT LIMITED","1"
"30-APR-2026","DLF","DLF LIMITED","10"
"30-APR-2026","DRREDDY","DR. REDDY'S LABORATORIES","61,260"
"30-APR-2026","FORCEMOT","FORCE MOTORS LIMITED","475"
"30-APR-2026","GMDCLTD","GUJARAT MINERAL DEV CORP","240"
"30-APR-2026","GODFRYPHLP","GODFREY PHILLIPS INDIA LT","75"
"30-APR-2026","GUJGASLTD","GUJARAT GAS LIMITED","1,000"
"30-APR-2026","HCLTECH","HCL TECHNOLOGIES LTD","24,850"
"30-APR-2026","HDFCBANK","HDFC BANK LTD","158"
"30-APR-2026","HEG","HEG LIMITED","500"
"30-APR-2026","HINDCOPPER","HINDUSTAN COPPER LIMITED","371"
"30-APR-2026","HINDUNILVR","HINDUSTAN UNILEVER LTD.","80"
"30-APR-2026","IDEA","Vodafone Idea Limited","75"
"30-APR-2026","IEX","INDIAN ENERGY EXCHANGE LIMITED","90"
"30-APR-2026","IKS","INVENTURUS KNOWLEDGE SO L","150"
"30-APR-2026","INDIANB","INDIAN BANK","5"
"30-APR-2026","INDUSINDBK","INDUSIND BANK LIMITED","1"
"30-APR-2026","INFY","INFOSYS TECHNOLOGIES LTD","17,299"
"30-APR-2026","KFINTECH","KFIN TECHNOLOGIES LIMITED","44,610"
"30-APR-2026","LICI","LIFE INSURA CORP OF INDIA","11,200"
"30-APR-2026","LIQUID","MIRAEAMC - LIQUID","280"
"30-APR-2026","LODHA","LODHA","50"
"30-APR-2026","MEESHO","MEESHO LIMITED","200"
"30-APR-2026","MTARTECH","MTAR TECHNOLOGIES LIMITED","256"
"30-APR-2026","NATIONALUM","NATIONAL ALUMINIUM CO LTD","3,752"
"30-APR-2026","NAVINFLUOR","NAVIN FLUORINE INT. LTD","25"
"30-APR-2026","NAZARA","NAZARA TECHNOLOGIES LTD","2"
"30-APR-2026","NHPC","NHPC LTD","25,600"
"30-APR-2026","NMDC","NMDC LTD.","6,150"
"30-APR-2026","OFSS","Oracle Financial Services Software Limited","51"
"30-APR-2026","PAGEIND","PAGE INDUSTRIES LTD","1"
"30-APR-2026","PAYTM","ONE 97 COMMUNICATIONS LTD","10"
"30-APR-2026","PNB","PUNJAB NATIONAL BANK","1"
"30-APR-2026","POWERGRID","POWER GRID CORP. LTD.","1,900"
"30-APR-2026","POWERINDIA","ABB POWER PRO N SYS IND L","101"
"30-APR-2026","RBLBANK","RBL BANK LIMITED    ","25"
"30-APR-2026","RELIANCE","RELIANCE INDUSTRIES LTD","35"
"30-APR-2026","RPOWER","RELIANCE POWER LTD.","1"
"30-APR-2026","RSYSTEMS","R SYS INTERNATIONAL LTD","100"
"30-APR-2026","SAGILITY","SAGILITY INDIA LIMITED","1"
"30-APR-2026","SAPPHIRE","SAPPHIRE FOODS INDIA LTD","517"
"30-APR-2026","SHAILY","SHAILY ENG PLASTICS LTD","100"
"30-APR-2026","SHAKTIPUMP","SHAKTI PUMPS (I) LTD","50"
"30-APR-2026","SHREECEM","SHREE CEMENTS LTD","125"
"30-APR-2026","SOLARINDS","SOLAR INDUSTRIES (I) LTD","10"
"30-APR-2026","SPARC","SUN PHARMA ADV.RES.CO.LTD","250"
"30-APR-2026","STLTECH","STERLITE TECHNOLOGIES","2"
"30-APR-2026","SUNPHARMA","SUN PHARMACEUTICALS IND.","1,000"
"30-APR-2026","TATATECH","TATA TECHNOLOGIES LIMITED","50"
"30-APR-2026","TCS","TATA CONSULTANCY SERV LT","81,727"
"30-APR-2026","TMPV","TATA MOTORS PASS VEH LTD","1"
"30-APR-2026","TRENT","TRENT LIMITED","300"
"30-APR-2026","UJJIVANSFB","UJJIVAN SMALL FINANC BANK","9"
"30-APR-2026","URBANCO","URBAN COMPANY LIMITED","1,000"
"30-APR-2026","WIPRO","WIPRO LTD","33,000"
"30-APR-2026","ZEEL","ZEE ENTERTAINMENT ENT LTD","500"
"04-MAY-2026","ACC","ACC LIMITED","1"
"04-MAY-2026","ACI","ARCHEAN CHEMICAL IND LTD","1"
"04-MAY-2026","ADANIENSOL","ADANI ENERGY SOLUTION LTD","15"
"04-MAY-2026","ADANIENT","ADANI ENTERPRISES LIMITED","92"
"04-MAY-2026","ADANIPORTS","ADANI PORT & SEZ LTD","34"
"04-MAY-2026","AMBUJACEM","AMBUJA CEMENTS LTD","75"
"04-MAY-2026","AUBANK","AU SMALL FINANCE BANK LIMITED","324"
"04-MAY-2026","BAJAJ-AUTO","BAJAJ AUTO LIMITED","25"
"04-MAY-2026","BAJFINANCE","BAJAJ FINANCE LIMITED","220"
"04-MAY-2026","BALRAMCHIN","BALRAMPUR CHINI MILLS LTD","1"
"04-MAY-2026","BHEL","BHEL","205"
"04-MAY-2026","CANBK","CANARA BANK","1"
"04-MAY-2026","CDSL","CENTRAL DEPOSITORY SERVICES (INDIA) LIMITED","6"
"04-MAY-2026","CEMPRO","CEMINDIA PROJECTS LIMITED","3,182"
"04-MAY-2026","CESC","CESC LTD","300"
"04-MAY-2026","COHANCE","COHANCE LIFESCIENCES LTD","400"
"04-MAY-2026","DALBHARAT","DALMIA BHARAT LIMITED","1"
"04-MAY-2026","DBREALTY","D B REALTY LIMITED","1,03,097"
"04-MAY-2026","DIXON","DIXON TECHNO (INDIA) LTD","1"
"04-MAY-2026","DLF","DLF LIMITED","25"
"04-MAY-2026","DMART","AVENUE SUPERMARTS LIMITED","5,250"
"04-MAY-2026","EMCURE","EMCURE PHARMACEUTICALS L","14"
"04-MAY-2026","EMMVEE","EMMVEE PHOTOVOLTAIC PWR L","1"
"04-MAY-2026","ETERNAL","ETERNAL LIMITED","69"
"04-MAY-2026","FEDERALBNK","FEDERAL BANK LTD","18"
"04-MAY-2026","GAIL","GAIL (INDIA) LTD","150"
"04-MAY-2026","GODREJCP","GODREJ CONSUMER PRODUCTS LIMITED","5"
"04-MAY-2026","GRSE","GARDEN REACH SHIP&ENG LTD","4"
"04-MAY-2026","GUJGASLTD","GUJARAT GAS LIMITED","10,000"
"04-MAY-2026","HAL","HINDUSTAN AERONAUTICS LTD","25"
"04-MAY-2026","HDFCBANK","HDFC BANK LTD","50"
"04-MAY-2026","HDFCLIFE","HDFC STANDARD LIFE INSURANCE COMPANY LIMITED","12"
"04-MAY-2026","HEG","HEG LIMITED","775"
"04-MAY-2026","HINDALCO","HINDALCO  INDUSTRIES  LTD","968"
"04-MAY-2026","HSCL","HIMADRI SPECIALITY CHEMICAL LIMITED","5,000"
"04-MAY-2026","HUBTOWN","HUBTOWN LIMITED","9"
"04-MAY-2026","IDEA","Vodafone Idea Limited","416"
"04-MAY-2026","IDEAFORGE","IDEAFORGE TECHNO LTD","2,64,897"
"04-MAY-2026","IIFL","IIFL HOLDINGS LIMITED","11,500"
"04-MAY-2026","INDHOTEL","THE INDIAN HOTELS CO. LTD","10"
"04-MAY-2026","IRCON","IRCON","1,137"
"04-MAY-2026","IREDA","INDIAN RENEWABLE ENERGY","300"
"04-MAY-2026","ITC","ITC LTD","375"
"04-MAY-2026","JINDALSTEL","JINDAL STEEL & POWER LTD","123"
"04-MAY-2026","JIOFIN","JIO FIN SERVICES LTD","135"
"04-MAY-2026","JISLJALEQS","JAIN IRRIGATION SYSTEMS","172"
"04-MAY-2026","KOTAKBANK","KOTAK MAHINDRA BANK LTD","10"
"04-MAY-2026","KTKBANK","KARNATAKA BANK LIMITED","2"
"04-MAY-2026","LICI","LIFE INSURA CORP OF INDIA","672"
"04-MAY-2026","LIQUID","MIRAEAMC - LIQUID","30"
"04-MAY-2026","LUPIN","LUPIN LIMITED","734"
"04-MAY-2026","MANAPPURAM","MANAPPURAM FINANCE LTD","1"
"04-MAY-2026","MCX","MULTI COMMODITY EXCHANGE OF INDIA LIMITED","30"
"04-MAY-2026","MEESHO","MEESHO LIMITED","2"
"04-MAY-2026","METALIETF","ICICIPRAMC - METALIETF","17,64,842"
"04-MAY-2026","MTARTECH","MTAR TECHNOLOGIES LIMITED","50"
"04-MAY-2026","NAZARA","NAZARA TECHNOLOGIES LTD","13"
"04-MAY-2026","NIF100BEES","NIP IND ETF NIFTY 100","1"
"04-MAY-2026","NIFTYETF","MIRAEAMC - MAN50ETF","50"
"04-MAY-2026","NMDC","NMDC LTD.","400"
"04-MAY-2026","OFSS","Oracle Financial Services Software Limited","901"
"04-MAY-2026","PCBL","PCBL LIMITED","250"
"04-MAY-2026","PCJEWELLER","PC JEWELLER LTD          ","24"
"04-MAY-2026","POLYCAB","POLYCAB INDIA LIMITED","7"
"04-MAY-2026","PPLPHARMA","PIRAMAL PHARMA LIMITED","60"
"04-MAY-2026","PREMIERENE","PREMIER ENERGIES LIMITED","50"
"04-MAY-2026","RELIANCE","RELIANCE INDUSTRIES LTD","49"
"04-MAY-2026","RUBICON","RUBICON RESEARCH LIMITED","150"
"04-MAY-2026","RVNL","RVNL","20"
"04-MAY-2026","SAGILITY","SAGILITY INDIA LIMITED","37"
"04-MAY-2026","SAIL","STEEL AUTHORITY OF INDIA","60"
"04-MAY-2026","SAMMAANCAP","SAMMAAN CAPITAL LIMITED","11,006"
"04-MAY-2026","SHRIPISTON","SHRIRAM PIST. & RING LTD","6"
"04-MAY-2026","SHRIRAMFIN","SHRIRAM FINANCE LIMITED","39"
"04-MAY-2026","STLTECH","STERLITE TECHNOLOGIES","17,962"
"04-MAY-2026","TARIL","TRANS & RECTI. LTD","33"
"04-MAY-2026","TATAPOWER","TATA POWER CO LTD","44"
"04-MAY-2026","TECHM","TECH MAHINDRA LIMITED","2"
"04-MAY-2026","TEXRAIL","TEXMACO RAIL & ENG. LTD. ","52"
"04-MAY-2026","TITAN","TITAN INDUSTRIES LTD","6"
"04-MAY-2026","UPL","UPL LIMITED","110"
"04-MAY-2026","USHAMART","USHA MARTIN LTD.","1,500"
"04-MAY-2026","VEDL","VEDANTA LIMITED","15,645"
"04-MAY-2026","VISHNU","VISHNU CHEMICALS LIMITED","21"
"04-MAY-2026","WEBELSOLAR","WEBSOL ENERGY SYSTEM LTD","6,758"
"04-MAY-2026","WIPRO","WIPRO LTD","34,012"
"04-MAY-2026","ZEEL","ZEE ENTERTAINMENT ENT LTD","233"
"05-MAY-2026","ABCAPITAL","ADITYA BIRLA CAPITAL LIMITED","200"
"05-MAY-2026","ABFRL","ADITYA BIRLA FASHION & RT","5"
"05-MAY-2026","ADANIENSOL","ADANI ENERGY SOLUTION LTD","15"
"05-MAY-2026","ADANIENT","ADANI ENTERPRISES LIMITED","9"
"05-MAY-2026","ADANIGREEN","ADANI GREEN ENERGY LTD","28"
"05-MAY-2026","ADANIPORTS","ADANI PORT & SEZ LTD","1"
"05-MAY-2026","ADANIPOWER","ADANI POWER LTD","17"
"05-MAY-2026","AMBER","AMBER ENTERPRISES (I) LTD","3"
"05-MAY-2026","ANGELONE","ANGEL ONE LTD","296"
"05-MAY-2026","APOLLO","APOLLO MICRO SYSTEMS LTD","328"
"05-MAY-2026","ATHERENERG","ATHER ENERGY LIMITED","1"
"05-MAY-2026","AVANTIFEED","AVANTI FEEDS LIMITED","325"
"05-MAY-2026","AXISBANK","AXIS BANK LIMITED","522"
"05-MAY-2026","BAJAJELEC","BAJAJ ELECT.LTD","25"
"05-MAY-2026","BAJFINANCE","BAJAJ FINANCE LIMITED","102"
"05-MAY-2026","BANDHANBNK","BANDHAN BANK LIMITED","52"
"05-MAY-2026","BEL","BHARAT ELECTRONICS LTD","54"
"05-MAY-2026","BELRISE","BELRISE INDUSTRIES LTD","11"
"05-MAY-2026","BHARTIARTL","BHARTI AIRTEL LIMITED","24"
"05-MAY-2026","BHEL","BHEL","89"
"05-MAY-2026","BIOCON","BIOCON LIMITED.","800"
"05-MAY-2026","BPCL","BHARAT PETROLEUM CORP  LT","333"
"05-MAY-2026","BSE","BSE LIMITED","100"
"05-MAY-2026","CAMS","COMPUTER AGE MGMT SER LTD","285"
"05-MAY-2026","CGPOWER","CG POWER AND INDUSTRIAL SOLUTIONS LIMITED","14"
"05-MAY-2026","COHANCE","COHANCE LIFESCIENCES LTD","2"
"05-MAY-2026","CUPID","CUPID LIMITED","500"
"05-MAY-2026","CYIENT","CYIENT LIMITED           ","2"
"05-MAY-2026","DABUR","DABUR INDIA LTD","3"
"05-MAY-2026","DBREALTY","D B REALTY LIMITED","1,703"
"05-MAY-2026","DRREDDY","DR. REDDY'S LABORATORIES","44,165"
"05-MAY-2026","ETERNAL","ETERNAL LIMITED","236"
"05-MAY-2026","GMDCLTD","GUJARAT MINERAL DEV CORP","50"
"05-MAY-2026","GMRAIRPORT","GMR AIRPORTS LIMITED","800"
"05-MAY-2026","GROWW","BILLIONBRAINS GARAGE VN L","217"
"05-MAY-2026","GUJGASLTD","GUJARAT GAS LIMITED","5,000"
"05-MAY-2026","HAL","HINDUSTAN AERONAUTICS LTD","33"
"05-MAY-2026","HDFCAMC","HDFC AMC LIMITED","1"
"05-MAY-2026","HDFCBANK","HDFC BANK LTD","51"
"05-MAY-2026","HFCL","HIMACHAL FUTURISTIC COMMUNICATIONS LIMITED","5,002"
"05-MAY-2026","HINDCOPPER","HINDUSTAN COPPER LIMITED","50"
"05-MAY-2026","HINDZINC","HINDUSTAN ZINC LIMITED","123"
"05-MAY-2026","IDEA","Vodafone Idea Limited","500"
"05-MAY-2026","IDEAFORGE","IDEAFORGE TECHNO LTD","28,888"
"05-MAY-2026","INDIAGLYCO","INDIA GLYCOLS LTD","25"
"05-MAY-2026","INDUSTOWER","INDUS","5"
"05-MAY-2026","JINDALSTEL","JINDAL STEEL & POWER LTD","41"
"05-MAY-2026","JPPOWER","JAIPRAKASH POWER VEN. LTD","200"
"05-MAY-2026","JSWENERGY","JSW ENERGY LIMITED","18"
"05-MAY-2026","JWL","JUPITER WAGONS LIMITED","25"
"05-MAY-2026","KOTAKBANK","KOTAK MAHINDRA BANK LTD","3"
"05-MAY-2026","KSCL","KAVERI SEED CO. LTD.","748"
"05-MAY-2026","LIQUID","MIRAEAMC - LIQUID","7"
"05-MAY-2026","LLOYDSME","LLOYDS METALS N ENERGY L","44"
"05-MAY-2026","LT","LARSEN & TOUBRO LTD.","52"
"05-MAY-2026","LTF","L&T FINANCE LIMITED","2"
"05-MAY-2026","M&M","MAHINDRA & MAHINDRA LTD","104"
"05-MAY-2026","MANAPPURAM","MANAPPURAM FINANCE LTD","60"
"05-MAY-2026","MAZDOCK","MAZAGON DOCK SHIPBUIL LTD","42"
"05-MAY-2026","MEESHO","MEESHO LIMITED","9"
"05-MAY-2026","MON100","MOTILAL OS NASDAQ100 ETF","1,840"
"05-MAY-2026","NATIONALUM","NATIONAL ALUMINIUM CO LTD","13"
"05-MAY-2026","NESTLEIND","NESTLE INDIA LIMITED","20"
"05-MAY-2026","NETWEB","NETWEB TECH INDIA LTD","1"
"05-MAY-2026","NHPC","NHPC LTD","38,400"
"05-MAY-2026","NLCINDIA","NLC INDIA LIMITED","94"
"05-MAY-2026","NUVAMA","NUVAMA WEALTH MANAGE LTD","1"
"05-MAY-2026","PERSISTENT","PERSISTENT SYSTEMS LTD","7"
"05-MAY-2026","PETRONET","PETRONET LNG LIMITED","204"
"05-MAY-2026","PIIND","PI INDUSTRIES LTD        ","1,750"
"05-MAY-2026","PNB","PUNJAB NATIONAL BANK","2,000"
"05-MAY-2026","POWERINDIA","ABB POWER PRO N SYS IND L","20"
"05-MAY-2026","QUESS","QUESS CORP LIMITED","1"
"05-MAY-2026","REFEX","REFEX INDUSTRIES LIMITED","500"
"05-MAY-2026","RELIANCE","RELIANCE INDUSTRIES LTD","1,503"
"05-MAY-2026","RELIGARE","RELIGARE ENTERPRISES LIMITED","2,745"
"05-MAY-2026","RHIM","RHI MAGNESITA INDIA LTD","1"
"05-MAY-2026","RRKABEL","R R KABEL LIMITED","100"
"05-MAY-2026","RVNL","RVNL","200"
"05-MAY-2026","SAMMAANCAP","SAMMAAN CAPITAL LIMITED","5"
"05-MAY-2026","SAREGAMA","SAREGAMA INDIA LIMITED","1"
"05-MAY-2026","SBIN","STATE BANK OF INDIA","52"
"05-MAY-2026","SIEMENS","SIEMENS LTD","35"
"05-MAY-2026","SJVN","SJVN","20"
"05-MAY-2026","STLTECH","STERLITE TECHNOLOGIES","32,831"
"05-MAY-2026","SUMICHEM","SUMITOMO CHEM INDIA LTD","10"
"05-MAY-2026","SURYAROSNI","SURYA ROSHNI LTD","7"
"05-MAY-2026","SUZLON","SUZLON ENERGY LIMITED","5,000"
"05-MAY-2026","SWSOLAR","STERLING & WILSON SO LTD","149"
"05-MAY-2026","TATACHEM","TATA CHEMICALS LTD","359"
"05-MAY-2026","TATAELXSI","TATA ELXSI LIMITED       ","50"
"05-MAY-2026","TATAPOWER","TATA POWER CO LTD","21"
"05-MAY-2026","TCS","TATA CONSULTANCY SERV LT","524"
"05-MAY-2026","TIMKEN","TIMKEN INDIA LTD.","1"
"05-MAY-2026","TRENT","TRENT LIMITED","32"
"05-MAY-2026","UNIONBANK","UNION BANK OF INDIA","1,000"
"05-MAY-2026","VEDL","VEDANTA LIMITED","485"
"05-MAY-2026","VMM","VISHAL MEGA MART LIMITED","4"
"05-MAY-2026","WEBELSOLAR","WEBSOL ENERGY SYSTEM LTD","10,085"
"05-MAY-2026","WIPRO","WIPRO LTD","17,726"
"05-MAY-2026","WOCKPHARMA","WOCKHARDT LIMITED","6,674"
"06-MAY-2026","ABB","ABB LTD.","125"
"06-MAY-2026","ADANIENT","ADANI ENTERPRISES LIMITED","10"
"06-MAY-2026","ADANIGREEN","ADANI GREEN ENERGY LTD","10"
"06-MAY-2026","ADANIPOWER","ADANI POWER LTD","118"
"06-MAY-2026","AEGISVOPAK","AEGIS VOPAK TERMINALS LTD","50"
"06-MAY-2026","AMBER","AMBER ENTERPRISES (I) LTD","67"
"06-MAY-2026","APLAPOLLO","APL APOLLO TUBES LTD","2"
"06-MAY-2026","ASHOKLEY","ASHOK LEYLAND LTD","202"
"06-MAY-2026","ASIANPAINT","ASIAN PAINTS LIMITED","6"
"06-MAY-2026","AUROPHARMA","AUROBINDO PHARMA LTD","1"
"06-MAY-2026","AVANTIFEED","AVANTI FEEDS LIMITED","331"
"06-MAY-2026","BAJAJ-AUTO","BAJAJ AUTO LIMITED","45"
"06-MAY-2026","BAJFINANCE","BAJAJ FINANCE LIMITED","30"
"06-MAY-2026","BANKBARODA","BANK OF BARODA","251"
"06-MAY-2026","BEL","BHARAT ELECTRONICS LTD","3"
"06-MAY-2026","BHEL","BHEL","4,235"
"06-MAY-2026","BIOCON","BIOCON LIMITED.","125"
"06-MAY-2026","BORORENEW","BOROSIL RENEWABLES LTD","1"
"06-MAY-2026","BPCL","BHARAT PETROLEUM CORP  LT","320"
"06-MAY-2026","BSE","BSE LIMITED","49"
"06-MAY-2026","CAMS","COMPUTER AGE MGMT SER LTD","55"
"06-MAY-2026","CANHLIFE","CANARA HSBC LIFE INS CO L","1"
"06-MAY-2026","CDSL","CENTRAL DEPOSITORY SERVICES (INDIA) LIMITED","5"
"06-MAY-2026","CGPOWER","CG POWER AND INDUSTRIAL SOLUTIONS LIMITED","10"
"06-MAY-2026","COFORGE","COFORGE LIMITED","14"
"06-MAY-2026","COHANCE","COHANCE LIFESCIENCES LTD","261"
"06-MAY-2026","CPPLUS","ADITYA INFOTECH LIMITED","1"
"06-MAY-2026","DBREALTY","D B REALTY LIMITED","6"
"06-MAY-2026","DELHIVERY","DELHIVERY LIMITED","10"
"06-MAY-2026","DIVISLAB","DIVI'S LABORATORIES LTD","1"
"06-MAY-2026","DMART","AVENUE SUPERMARTS LIMITED","14"
"06-MAY-2026","DRREDDY","DR. REDDY'S LABORATORIES","1,63,132"
"06-MAY-2026","EIDPARRY","EID PARRY INDIA LTD","1"
"06-MAY-2026","EMMVEE","EMMVEE PHOTOVOLTAIC PWR L","200"
"06-MAY-2026","ETERNAL","ETERNAL LIMITED","1,025"
"06-MAY-2026","GLENMARK","GLENMARK PHARMACEUTICALS LIMITED","11"
"06-MAY-2026","GROWW","BILLIONBRAINS GARAGE VN L","9"
"06-MAY-2026","GUJGASLTD","GUJARAT GAS LIMITED","37,100"
"06-MAY-2026","HAL","HINDUSTAN AERONAUTICS LTD","20"
"06-MAY-2026","HCC","HINDUSTAN CONSTRUCTION CO","1,000"
"06-MAY-2026","HDFCBANK","HDFC BANK LTD","25"
"06-MAY-2026","HDFCLIFE","HDFC STANDARD LIFE INSURANCE COMPANY LIMITED","308"
"06-MAY-2026","HEROMOTOCO","HERO MOTOCORP LTD","1,701"
"06-MAY-2026","HFCL","HIMACHAL FUTURISTIC COMMUNICATIONS LIMITED","835"
"06-MAY-2026","HINDPETRO","HINDUSTAN PETROLEUM CORP","5"
"06-MAY-2026","HINDZINC","HINDUSTAN ZINC LIMITED","450"
"06-MAY-2026","HNGSNGBEES","HNGSNGBEES","6"
"06-MAY-2026","IDEA","Vodafone Idea Limited","2,700"
"06-MAY-2026","IDEAFORGE","IDEAFORGE TECHNO LTD","1,637"
"06-MAY-2026","IDFCFIRSTB","IDFC FIRST BANK LIMI","50"
"06-MAY-2026","INDHOTEL","THE INDIAN HOTELS CO. LTD","16"
"06-MAY-2026","INDIGO","INTERGLOBE AVIATION LTD  ","181"
"06-MAY-2026","INDUSINDBK","INDUSIND BANK LIMITED","5"
"06-MAY-2026","INOXWIND","INOX WIND LIMITED        ","402"
"06-MAY-2026","IOC","INDIAN OIL CORP LTD","1"
"06-MAY-2026","IRFC","IRFC","622"
"06-MAY-2026","JISLJALEQS","JAIN IRRIGATION SYSTEMS","202"
"06-MAY-2026","JPPOWER","JAIPRAKASH POWER VEN. LTD","350"
"06-MAY-2026","KAYNES","KAYNES TECHNOLOGY IND LTD","16"
"06-MAY-2026","KEI","KEI INDUSTRIES LTD.      ","40"
"06-MAY-2026","KOTAKBANK","KOTAK MAHINDRA BANK LTD","3"
"06-MAY-2026","KPIGREEN","KPI GREEN ENERGY LIMITED","200"
"06-MAY-2026","KRN","KRN HEAT EXCHANGE N REF L","10"
"06-MAY-2026","LLOYDSENGG","LLOYDS ENGG WORK LIMITED","313"
"06-MAY-2026","LODHA","LODHA","25"
"06-MAY-2026","LT","LARSEN & TOUBRO LTD.","50"
"06-MAY-2026","LTF","L&T FINANCE LIMITED","130"
"06-MAY-2026","LTM","LTIMINDTREE LIMITED","100"
"06-MAY-2026","LUPIN","LUPIN LIMITED","28"
"06-MAY-2026","M&M","MAHINDRA & MAHINDRA LTD","184"
"06-MAY-2026","MAHABANK","MAHABANK","100"
"06-MAY-2026","MANAPPURAM","MANAPPURAM FINANCE LTD","25"
"06-MAY-2026","MARUTI","MARUTI SUZUKI INDIA LTD.","65"
"06-MAY-2026","MCX","MULTI COMMODITY EXCHANGE OF INDIA LIMITED","640"
"06-MAY-2026","MEESHO","MEESHO LIMITED","4"
"06-MAY-2026","MGL","MAHANAGAR GAS LTD.    ","29"
"06-MAY-2026","MOTHERSON","SAMVRDHNA MTHRSN INT","50"
"06-MAY-2026","MOTILALOFS","MOTILAL OSWAL FIN LTD   ","2"
"06-MAY-2026","NBCC","NATIONAL BUILDINGS LTD   ","2,700"
"06-MAY-2026","NH","NARAYANA HRUDAYALAYA LTD.","300"
"06-MAY-2026","NLCINDIA","NLC INDIA LIMITED","12"
"06-MAY-2026","NTPC","NTPC LTD","1"
"06-MAY-2026","NUVAMA","NUVAMA WEALTH MANAGE LTD","4"
"06-MAY-2026","NYKAA","FSN E COMMERCE VENTURES","10"
"06-MAY-2026","OLAELEC","OLA ELECTRIC MOBILITY LTD","2,000"
"06-MAY-2026","PAGEIND","PAGE INDUSTRIES LTD","1"
"06-MAY-2026","PATANJALI","PATANJALI FOODS LIMITED","4"
"06-MAY-2026","PERSISTENT","PERSISTENT SYSTEMS LTD","7"
"06-MAY-2026","PIDILITIND","PIDILITE INDUSTRIES LIMITED","50"
"06-MAY-2026","PREMIERENE","PREMIER ENERGIES LIMITED","575"
"06-MAY-2026","RAYMONDREL","RAYMOND REALTY LIMITED","1,39,566"
"06-MAY-2026","RPOWER","RELIANCE POWER LTD.","1,900"
"06-MAY-2026","RVNL","RVNL","15,250"
"06-MAY-2026","SAGILITY","SAGILITY INDIA LIMITED","500"
"06-MAY-2026","SBIN","STATE BANK OF INDIA","355"
"06-MAY-2026","SHRIRAMFIN","SHRIRAM FINANCE LIMITED","10"
"06-MAY-2026","SHYAMMETL","SHYAM METALICS AND ENGY L","200"
"06-MAY-2026","SIEMENS","SIEMENS LTD","1"
"06-MAY-2026","SOBHA","SOBHA DEVELOPERS LTD","200"
"06-MAY-2026","SONATSOFTW","SONATA SOFTWARE LIMITED","1"
"06-MAY-2026","SOUTHBANK","THE SOUTH INDIAN BANK LTD","24,700"
"06-MAY-2026","SPANDANA","SPANDANA SPHOORTY FIN LTD","300"
"06-MAY-2026","SRF","SRF LTD","500"
"06-MAY-2026","STLTECH","STERLITE TECHNOLOGIES","6,515"
"06-MAY-2026","STYLAMIND","STYLAM INDUSTRIES LIMITED","48"
"06-MAY-2026","SUNPHARMA","SUN PHARMACEUTICALS IND.","15"
"06-MAY-2026","TMPV","TATA MOTORS PASS VEH LTD","53"
"06-MAY-2026","ULTRACEMCO","ULTRATECH CEMENT LIMITED","1"
"06-MAY-2026","VBL","VARUN BEVERAGES LIMITED    ","667"
"06-MAY-2026","VEDL","VEDANTA LIMITED","383"
"06-MAY-2026","VENTIVE","VENTIVE HOSPITALITY LTD","1"
"06-MAY-2026","VIPIND","VIP INDUSTRIES LTD","2"
"06-MAY-2026","WAAREEENER","WAAREE ENERGIES LIMITED","222"
"06-MAY-2026","WELSPUNLIV","WELSPUN LIVING LIMITED","22"
"06-MAY-2026","WIPRO","WIPRO LTD","48,250"
"06-MAY-2026","WOCKPHARMA","WOCKHARDT LIMITED","20"
"06-MAY-2026","YESBANK","YES BANK LIMITED","660"
"06-MAY-2026","ZEEL","ZEE ENTERTAINMENT ENT LTD","1,333"
"06-MAY-2026","ZYDUSLIFE","ZYDUS LIFESCIENCES","2"
"07-MAY-2026","ABDL","ALLIED BLEND N DISTILS L","2,158"
"07-MAY-2026","ABFRL","ADITYA BIRLA FASHION & RT","32"
"07-MAY-2026","ABLBL","ADITYA BIRLA LIFES BRAN L","3,437"
"07-MAY-2026","AMBER","AMBER ENTERPRISES (I) LTD","2"
"07-MAY-2026","APLAPOLLO","APL APOLLO TUBES LTD","1"
"07-MAY-2026","APOLLO","APOLLO MICRO SYSTEMS LTD","51"
"07-MAY-2026","APOLLOHOSP","APOLLO HOSPITALS ENTERPRISE LIMITED","3"
"07-MAY-2026","ARVIND","ARVIND LIMITED","635"
"07-MAY-2026","AUROPHARMA","AUROBINDO PHARMA LTD","74"
"07-MAY-2026","AVANTIFEED","AVANTI FEEDS LIMITED","230"
"07-MAY-2026","BAJAJCON","BAJAJ CONSUMER CARE LTD","10"
"07-MAY-2026","BANKBARODA","BANK OF BARODA","2"
"07-MAY-2026","BDL","BHARAT DYNAMICS LIMITED","60"
"07-MAY-2026","BEL","BHARAT ELECTRONICS LTD","7"
"07-MAY-2026","BHARATFORG","BHARAT FORGE LTD","86"
"07-MAY-2026","BHEL","BHEL","86"
"07-MAY-2026","BIOCON","BIOCON LIMITED.","103"
"07-MAY-2026","BLUESTARCO","BLUE STAR LIMITED","5"
"07-MAY-2026","BOSCHLTD","BOSCH LIMITED","2"
"07-MAY-2026","BSE","BSE LIMITED","11"
"07-MAY-2026","CGCL","CGCL","2"
"07-MAY-2026","DELHIVERY","DELHIVERY LIMITED","11"
"07-MAY-2026","DLF","DLF LIMITED","50"
"07-MAY-2026","DRREDDY","DR. REDDY'S LABORATORIES","1,50,000"
"07-MAY-2026","ETERNAL","ETERNAL LIMITED","125"
"07-MAY-2026","FSL","FIRSTSOURCE SOLU. LTD.","1"
"07-MAY-2026","GODREJCP","GODREJ CONSUMER PRODUCTS LIMITED","20"
"07-MAY-2026","GODREJIND","GODREJ INDUSTRIES LTD","48,873"
"07-MAY-2026","GOKEX","GOKALDAS EXPORTS LTD.","1"
"07-MAY-2026","GRAVITA","GRAVITA INDIA LIMITED","1"
"07-MAY-2026","GUJGASLTD","GUJARAT GAS LIMITED","50,000"
"07-MAY-2026","GVT&D","GE VERNOVA T&D INDIA LTD","5"
"07-MAY-2026","HAL","HINDUSTAN AERONAUTICS LTD","1"
"07-MAY-2026","HDFCBANK","HDFC BANK LTD","10"
"07-MAY-2026","HDFCLIFE","HDFC STANDARD LIFE INSURANCE COMPANY LIMITED","4"
"07-MAY-2026","HEROMOTOCO","HERO MOTOCORP LTD","729"
"07-MAY-2026","HFCL","HIMACHAL FUTURISTIC COMMUNICATIONS LIMITED","20"
"07-MAY-2026","HUBTOWN","HUBTOWN LIMITED","1"
"07-MAY-2026","ICICIBANK","ICICI BANK LTD.","110"
"07-MAY-2026","IDFCFIRSTB","IDFC FIRST BANK LIMI","15"
"07-MAY-2026","IFCI","IFCI LTD","950"
"07-MAY-2026","INDIAGLYCO","INDIA GLYCOLS LTD","3"
"07-MAY-2026","INDUSINDBK","INDUSIND BANK LIMITED","3,410"
"07-MAY-2026","INFY","INFOSYS TECHNOLOGIES LTD","38"
"07-MAY-2026","IREDA","INDIAN RENEWABLE ENERGY","20"
"07-MAY-2026","IRFC","IRFC","500"
"07-MAY-2026","ITC","ITC LTD","8"
"07-MAY-2026","JAINREC","JAIN RESOURCE RECYCLING L","200"
"07-MAY-2026","JIOFIN","JIO FIN SERVICES LTD","1"
"07-MAY-2026","JISLJALEQS","JAIN IRRIGATION SYSTEMS","2"
"07-MAY-2026","KAYNES","KAYNES TECHNOLOGY IND LTD","11"
"07-MAY-2026","KEC","KEC INTL. LIMITED        ","55"
"07-MAY-2026","KEI","KEI INDUSTRIES LTD.      ","6"
"07-MAY-2026","KERNEX","KERNEX MICROSYS(I) LTD","2"
"07-MAY-2026","KPIGREEN","KPI GREEN ENERGY LIMITED","1"
"07-MAY-2026","KPITTECH","KPIT TECHNOLOGIES LTD","1,701"
"07-MAY-2026","KRN","KRN HEAT EXCHANGE N REF L","5"
"07-MAY-2026","LENSKART","LENSKART SOLUTIONS LTD","2"
"07-MAY-2026","LICI","LIFE INSURA CORP OF INDIA","80"
"07-MAY-2026","LUPIN","LUPIN LIMITED","10"
"07-MAY-2026","M&M","MAHINDRA & MAHINDRA LTD","40"
"07-MAY-2026","MANAPPURAM","MANAPPURAM FINANCE LTD","26"
"07-MAY-2026","MARKSANS","MARKSANS PHARMA LIMITED  ","1"
"07-MAY-2026","MARUTI","MARUTI SUZUKI INDIA LTD.","9"
"07-MAY-2026","MCX","MULTI COMMODITY EXCHANGE OF INDIA LIMITED","316"
"07-MAY-2026","MFSL","MAX FINANCIAL SERV LTD","5"
"07-MAY-2026","MOSCHIP","MOSCHIP TECHNOLOGIES LTD","2"
"07-MAY-2026","MTARTECH","MTAR TECHNOLOGIES LIMITED","49"
"07-MAY-2026","NBCC","NATIONAL BUILDINGS LTD   ","52"
"07-MAY-2026","NETWEB","NETWEB TECH INDIA LTD","6"
"07-MAY-2026","NIVABUPA","NIVA BUPA HEALTH INS CO L","8"
"07-MAY-2026","NLCINDIA","NLC INDIA LIMITED","2"
"07-MAY-2026","NORTHARC","NORTHERN ARC CAPITAL LTD","250"
"07-MAY-2026","NSLNISP","NMDC STEEL LIMITED","1,000"
"07-MAY-2026","OLECTRA","OLECTRA GREENTECH LIMITED","13"
"07-MAY-2026","PAYTM","ONE 97 COMMUNICATIONS LTD","14"
"07-MAY-2026","PGEL","PG ELECTROPLAST LTD","500"
"07-MAY-2026","POLYCAB","POLYCAB INDIA LIMITED","19"
"07-MAY-2026","POWERINDIA","ABB POWER PRO N SYS IND L","150"
"07-MAY-2026","RAYMONDREL","RAYMOND REALTY LIMITED","2,236"
"07-MAY-2026","RBLBANK","RBL BANK LIMITED    ","200"
"07-MAY-2026","SAMMAANCAP","SAMMAAN CAPITAL LIMITED","6,550"
"07-MAY-2026","SBIN","STATE BANK OF INDIA","3"
"07-MAY-2026","SETFNN50","SBI-ETF NIFTY NEXT 50","8"
"07-MAY-2026","SHAKTIPUMP","SHAKTI PUMPS (I) LTD","2"
"07-MAY-2026","SHREECEM","SHREE CEMENTS LTD","4"
"07-MAY-2026","SHRIRAMFIN","SHRIRAM FINANCE LIMITED","5"
"07-MAY-2026","SPARC","SUN PHARMA ADV.RES.CO.LTD","156"
"07-MAY-2026","STLTECH","STERLITE TECHNOLOGIES","2,579"
"07-MAY-2026","STYLAMIND","STYLAM INDUSTRIES LIMITED","2"
"07-MAY-2026","SUNPHARMA","SUN PHARMACEUTICALS IND.","12"
"07-MAY-2026","SUZLON","SUZLON ENERGY LIMITED","1"
"07-MAY-2026","SWIGGY","SWIGGY LIMITED","100"
"07-MAY-2026","TCS","TATA CONSULTANCY SERV LT","1,050"
"07-MAY-2026","TDPOWERSYS","TD POWER SYSTEMS LTD.","1"
"07-MAY-2026","TEJASNET","TEJAS NETWORKS LIMITED","10"
"07-MAY-2026","TENNIND","TENNECO CLEAN AIR INDIA L","26"
"07-MAY-2026","TMCV","TATA MOTORS LIMITED","2"
"07-MAY-2026","VEDL","VEDANTA LIMITED","5"
"07-MAY-2026","VOLTAS","VOLTAS LTD","20"
"07-MAY-2026","WEBELSOLAR","WEBSOL ENERGY SYSTEM LTD","2"
"07-MAY-2026","WIPRO","WIPRO LTD","12,000"
"07-MAY-2026","YESBANK","YES BANK LIMITED","3,360"
"08-MAY-2026","ABB","ABB LTD.","5,000"
"08-MAY-2026","ABDL","ALLIED BLEND N DISTILS L","5"
"08-MAY-2026","ADANIENSOL","ADANI ENERGY SOLUTION LTD","5"
"08-MAY-2026","ADANIPORTS","ADANI PORT & SEZ LTD","475"
"08-MAY-2026","ADANIPOWER","ADANI POWER LTD","50"
"08-MAY-2026","ANANTRAJ","ANANT RAJ LIMITED","1"
"08-MAY-2026","APOLLOHOSP","APOLLO HOSPITALS ENTERPRISE LIMITED","6"
"08-MAY-2026","ASIANPAINT","ASIAN PAINTS LIMITED","14"
"08-MAY-2026","ASTRAMICRO","ASTRAMICRO","50"
"08-MAY-2026","ATHERENERG","ATHER ENERGY LIMITED","463"
"08-MAY-2026","AUBANK","AU SMALL FINANCE BANK LIMITED","5"
"08-MAY-2026","AVALON","AVALON TECHNOLOGIES LTD","1"
"08-MAY-2026","BAJFINANCE","BAJAJ FINANCE LIMITED","100"
"08-MAY-2026","BASF","BASF INDIA LIMITED","25"
"08-MAY-2026","CARTRADE","CARTRADE TECH LIMITED","2"
"08-MAY-2026","CCL","CCL PRODUCTS (I) LTD     ","10"
"08-MAY-2026","CDSL","CENTRAL DEPOSITORY SERVICES (INDIA) LIMITED","10"
"08-MAY-2026","COFORGE","COFORGE LIMITED","1"
"08-MAY-2026","DRREDDY","DR. REDDY'S LABORATORIES","42,500"
"08-MAY-2026","ENGINERSIN","ENGINEERS INDIA LTD","500"
"08-MAY-2026","ESCORTS","ESCORTS INDIA LTD","1"
"08-MAY-2026","ETERNAL","ETERNAL LIMITED","1"
"08-MAY-2026","FSL","FIRSTSOURCE SOLU. LTD.","2,014"
"08-MAY-2026","GLENMARK","GLENMARK PHARMACEUTICALS LIMITED","3"
"08-MAY-2026","GMDCLTD","GUJARAT MINERAL DEV CORP","200"
"08-MAY-2026","GODREJIND","GODREJ INDUSTRIES LTD","222"
"08-MAY-2026","GUJGASLTD","GUJARAT GAS LIMITED","3,000"
"08-MAY-2026","HAL","HINDUSTAN AERONAUTICS LTD","18"
"08-MAY-2026","HDFCNIFTY","HDFCAMC - HDFCNIFTY","200"
"08-MAY-2026","HFCL","HIMACHAL FUTURISTIC COMMUNICATIONS LIMITED","7"
"08-MAY-2026","HSCL","HIMADRI SPECIALITY CHEMICAL LIMITED","5"
"08-MAY-2026","ICICIBANK","ICICI BANK LTD.","29"
"08-MAY-2026","IEX","INDIAN ENERGY EXCHANGE LIMITED","500"
"08-MAY-2026","INDIGO","INTERGLOBE AVIATION LTD  ","5"
"08-MAY-2026","INDUSINDBK","INDUSIND BANK LIMITED","5"
"08-MAY-2026","INTELLECT","INTELLECT DESIGN ARENA   ","641"
"08-MAY-2026","IREDA","INDIAN RENEWABLE ENERGY","100"
"08-MAY-2026","IRFC","IRFC","1,061"
"08-MAY-2026","JAINREC","JAIN RESOURCE RECYCLING L","1"
"08-MAY-2026","JSWINFRA","JSW INFRASTRUCTURE LTD","200"
"08-MAY-2026","JUBLFOOD","JUBILANT FOODWORKS LTD","50"
"08-MAY-2026","KAYNES","KAYNES TECHNOLOGY IND LTD","1,002"
"08-MAY-2026","LENSKART","LENSKART SOLUTIONS LTD","1"
"08-MAY-2026","LTTS","L&T TECHNOLOGY SER. LTD","10"
"08-MAY-2026","MASPTOP50","MIRAEAMC - MASPTOP50","1"
"08-MAY-2026","MCX","MULTI COMMODITY EXCHANGE OF INDIA LIMITED","25"
"08-MAY-2026","METROPOLIS","METROPOLIS HEALTHCARE LIMITED","7,000"
"08-MAY-2026","MOTHERSON","SAMVRDHNA MTHRSN INT","1"
"08-MAY-2026","MSCIINDIA","KOTAKMAMC - MSCIINDIA","3,188"
"08-MAY-2026","MTARTECH","MTAR TECHNOLOGIES LIMITED","1"
"08-MAY-2026","MUTHOOTFIN","MUTHOOT FINANCE LIMITED","3"
"08-MAY-2026","NLCINDIA","NLC INDIA LIMITED","20"
"08-MAY-2026","NTPC","NTPC LTD","480"
"08-MAY-2026","PAGEIND","PAGE INDUSTRIES LTD","1"
"08-MAY-2026","PAYTM","ONE 97 COMMUNICATIONS LTD","84"
"08-MAY-2026","POLICYBZR","PB FINTECH LIMITED","500"
"08-MAY-2026","POLYCAB","POLYCAB INDIA LIMITED","103"
"08-MAY-2026","POONAWALLA","POONAWALLA FINCORP LTD","2"
"08-MAY-2026","POWERGRID","POWER GRID CORP. LTD.","5"
"08-MAY-2026","POWERINDIA","ABB POWER PRO N SYS IND L","4"
"08-MAY-2026","PTC","PTC INDIA LIMITED","20"
"08-MAY-2026","RAYMOND","RAYMOND LIMITED","4"
"08-MAY-2026","RAYMONDREL","RAYMOND REALTY LIMITED","9,000"
"08-MAY-2026","SBIN","STATE BANK OF INDIA","60,000"
"08-MAY-2026","SCI","SHIPPING CORP OF INDIA LT","176"
"08-MAY-2026","SHREECEM","SHREE CEMENTS LTD","1"
"08-MAY-2026","SOLARINDS","SOLAR INDUSTRIES (I) LTD","10"
"08-MAY-2026","SONATSOFTW","SONATA SOFTWARE LIMITED","190"
"08-MAY-2026","SPARC","SUN PHARMA ADV.RES.CO.LTD","322"
"08-MAY-2026","STLTECH","STERLITE TECHNOLOGIES","211"
"08-MAY-2026","SUZLON","SUZLON ENERGY LIMITED","501"
"08-MAY-2026","THYROCARE","THYROCARE TECH LTD","25"
"08-MAY-2026","TITAN","TITAN INDUSTRIES LTD","1"
"08-MAY-2026","UJJIVANSFB","UJJIVAN SMALL FINANC BANK","5,000"
"08-MAY-2026","URBANCO","URBAN COMPANY LIMITED","50"
"08-MAY-2026","VEDL","VEDANTA LIMITED","45"
"08-MAY-2026","VIMTALABS","VIMTA LABS LIMITED","1,400"
"08-MAY-2026","VOLTAS","VOLTAS LTD","2,250"
"08-MAY-2026","VSTIND","VST INDUSTRIES LTD","1,000"
"08-MAY-2026","WEBELSOLAR","WEBSOL ENERGY SYSTEM LTD","1"
"08-MAY-2026","WELSPUNLIV","WELSPUN LIVING LIMITED","9"
"08-MAY-2026","WIPRO","WIPRO LTD","2"
"08-MAY-2026","YESBANK","YES BANK LIMITED","1"
"08-MAY-2026","ZEEL","ZEE ENTERTAINMENT ENT LTD","500"
"08-MAY-2026","ZOTA","ZOTA HEALTH CARE LIMITED","600"
"11-MAY-2026","ABB","ABB LTD.","8,625"
"11-MAY-2026","ADANIPORTS","ADANI PORT & SEZ LTD","3"
"11-MAY-2026","AETHER","AETHER INDUSTRIES LIMITED","46"
"11-MAY-2026","APOLLO","APOLLO MICRO SYSTEMS LTD","700"
"11-MAY-2026","APOLLOHOSP","APOLLO HOSPITALS ENTERPRISE LIMITED","11"
"11-MAY-2026","ATHERENERG","ATHER ENERGY LIMITED","3,000"
"11-MAY-2026","AVANTEL","AVANTEL LIMITED","25"
"11-MAY-2026","BANKBARODA","BANK OF BARODA","385"
"11-MAY-2026","BANKINDIA","BANK OF INDIA","187"
"11-MAY-2026","BHARTIARTL","BHARTI AIRTEL LIMITED","1"
"11-MAY-2026","BHEL","BHEL","100"
"11-MAY-2026","BIOCON","BIOCON LIMITED.","900"
"11-MAY-2026","BLUESTARCO","BLUE STAR LIMITED","29"
"11-MAY-2026","BSE","BSE LIMITED","1"
"11-MAY-2026","CANBK","CANARA BANK","2,000"
"11-MAY-2026","COALINDIA","COALINDIA","50"
"11-MAY-2026","CUMMINSIND","CUMMINS INDIA LTD","15"
"11-MAY-2026","DRREDDY","DR. REDDY'S LABORATORIES","44,375"
"11-MAY-2026","ECAPINSURE","EDELAMC - ECAPINSURE","222"
"11-MAY-2026","EDELWEISS","EDELWEISS FIN SERV LTD","997"
"11-MAY-2026","ETERNAL","ETERNAL LIMITED","46"
"11-MAY-2026","FEDERALBNK","FEDERAL BANK LTD","200"
"11-MAY-2026","GALLANTT","GALLANTT ISPAT LIMITED","3"
"11-MAY-2026","GOLDIAM","GOLDIAM INTERNATIONAL LTD","5"
"11-MAY-2026","GREAVESCOT","GREAVES COTTON LTD","100"
"11-MAY-2026","GUJGASLTD","GUJARAT GAS LIMITED","47,500"
"11-MAY-2026","GVT&D","GE VERNOVA T&D INDIA LTD","50"
"11-MAY-2026","HAVELLS","HAVELLS INDIA LIMITED","5"
"11-MAY-2026","HDFCBANK","HDFC BANK LTD","1"
"11-MAY-2026","HINDZINC","HINDUSTAN ZINC LIMITED","11"
"11-MAY-2026","ICICIBANK","ICICI BANK LTD.","8,626"
"11-MAY-2026","IDEA","Vodafone Idea Limited","159"
"11-MAY-2026","IDEAFORGE","IDEAFORGE TECHNO LTD","9"
"11-MAY-2026","IGL","INDRAPRASTHA GAS LTD","2,500"
"11-MAY-2026","IIFL","IIFL HOLDINGS LIMITED","5,802"
"11-MAY-2026","INDUSTOWER","INDUS","2"
"11-MAY-2026","IRCTC","INDIAN RAIL TOUR CORP LTD","3,500"
"11-MAY-2026","JBMA","JBM AUTO LIMITED","12,300"
"11-MAY-2026","JSWINFRA","JSW INFRASTRUCTURE LTD","47"
"11-MAY-2026","LAURUSLABS","LAURUS LABS LIMITED","932"
"11-MAY-2026","MANINDS","MAN INDUSTRIES (I) LTD.  ","150"
"11-MAY-2026","MONQ50","MOTILALAMC - MONQ50","383"
"11-MAY-2026","MOTILALOFS","MOTILAL OSWAL FIN LTD   ","1"
"11-MAY-2026","NCC","NCC LIMITED","2,700"
"11-MAY-2026","NH","NARAYANA HRUDAYALAYA LTD.","100"
"11-MAY-2026","NRBBEARING","NRB BEARING LIMITED","12"
"11-MAY-2026","ONGC","OIL AND NATURAL GAS CORP.","20"
"11-MAY-2026","PAISALO","PAISALO DIGITAL LIMITED","1"
"11-MAY-2026","PARADEEP","PARADEEP PHOSPHATES LTD","2,500"
"11-MAY-2026","PNB","PUNJAB NATIONAL BANK","2"
"11-MAY-2026","RAILTEL","RAILTEL","500"
"11-MAY-2026","RAIN","RAIN INDUSTRIES LIMITED","357"
"11-MAY-2026","RAYMOND","RAYMOND LIMITED","5"
"11-MAY-2026","RELIGARE","RELIGARE ENTERPRISES LIMITED","2,000"
"11-MAY-2026","RVNL","RVNL","500"
"11-MAY-2026","SAGILITY","SAGILITY INDIA LIMITED","2"
"11-MAY-2026","SBIN","STATE BANK OF INDIA","1,281"
"11-MAY-2026","SCI","SHIPPING CORP OF INDIA LT","5"
"11-MAY-2026","SENCO","SENCO GOLD LIMITED","300"
"11-MAY-2026","SHAILY","SHAILY ENG PLASTICS LTD","1"
"11-MAY-2026","SIEMENS","SIEMENS LTD","5"
"11-MAY-2026","SRF","SRF LTD","1,000"
"11-MAY-2026","STLTECH","STERLITE TECHNOLOGIES","659"
"11-MAY-2026","SUNPHARMA","SUN PHARMACEUTICALS IND.","5"
"11-MAY-2026","SUNTV","SUN TV NETWORK LIMITED","5"
"11-MAY-2026","SWSOLAR","STERLING & WILSON SO LTD","3"
"11-MAY-2026","TCS","TATA CONSULTANCY SERV LT","300"
"11-MAY-2026","TEJASNET","TEJAS NETWORKS LIMITED","50"
"11-MAY-2026","TITAGARH","TITAGARH RAIL SYSTEMS","725"
"11-MAY-2026","TRIDENT","TRIDENT LIMITED","1"
"11-MAY-2026","UPL","UPL LIMITED","100"
"11-MAY-2026","VEDL","VEDANTA LIMITED","1,450"
"11-MAY-2026","VTL","VARDHMAN TEXTILES LIMITED    ","50"
"11-MAY-2026","ZENTEC","ZEN TECHNOLOGIES LIMITED","1"
"12-MAY-2026","ABFRL","ADITYA BIRLA FASHION & RT","82"
"12-MAY-2026","ADANIPOWER","ADANI POWER LTD","2"
"12-MAY-2026","ANTHEM","ANTHEM BIOSCIENCES LTD","10"
"12-MAY-2026","AVANTEL","AVANTEL LIMITED","25"
"12-MAY-2026","BAJFINANCE","BAJAJ FINANCE LIMITED","17"
"12-MAY-2026","BSE","BSE LIMITED","1"
"12-MAY-2026","CANBK","CANARA BANK","1,360"
"12-MAY-2026","CHAMBLFERT","CHAMBAL FERTILIZERS LTD","2"
"12-MAY-2026","CROMPTON","CROMPT GREA CON ELEC LTD  ","2"
"12-MAY-2026","DEEPAKFERT","DEEPAK FERTILIZERS AND PETROCHEMICALS CORPORATION LIMITED","50"
"12-MAY-2026","DIXON","DIXON TECHNO (INDIA) LTD","31"
"12-MAY-2026","DLF","DLF LIMITED","111"
"12-MAY-2026","ENGINERSIN","ENGINEERS INDIA LTD","1,000"
"12-MAY-2026","ETERNAL","ETERNAL LIMITED","1"
"12-MAY-2026","GALLANTT","GALLANTT ISPAT LIMITED","3"
"12-MAY-2026","GILT5YBEES","RELCAPAMC - NETFGILT5Y","1,061"
"12-MAY-2026","GROWW","BILLIONBRAINS GARAGE VN L","7"
"12-MAY-2026","HCLTECH","HCL TECHNOLOGIES LTD","13,300"
"12-MAY-2026","HDFCBANK","HDFC BANK LTD","16"
"12-MAY-2026","HEG","HEG LIMITED","900"
"12-MAY-2026","HEROMOTOCO","HERO MOTOCORP LTD","4"
"12-MAY-2026","HINDCOPPER","HINDUSTAN COPPER LIMITED","150"
"12-MAY-2026","HINDZINC","HINDUSTAN ZINC LIMITED","100"
"12-MAY-2026","IDEA","Vodafone Idea Limited","19,035"
"12-MAY-2026","IFCI","IFCI LTD","790"
"12-MAY-2026","IIFL","IIFL HOLDINGS LIMITED","3,500"
"12-MAY-2026","INDIANB","INDIAN BANK","5"
"12-MAY-2026","INFY","INFOSYS TECHNOLOGIES LTD","1,820"
"12-MAY-2026","IOB","INDIAN OVERSEAS BANK","27"
"12-MAY-2026","LAURUSLABS","LAURUS LABS LIMITED","399"
"12-MAY-2026","LENSKART","LENSKART SOLUTIONS LTD","1"
"12-MAY-2026","LICI","LIFE INSURA CORP OF INDIA","10,395"
"12-MAY-2026","LUPIN","LUPIN LIMITED","610"
"12-MAY-2026","MANAPPURAM","MANAPPURAM FINANCE LTD","19,956"
"12-MAY-2026","MEDIASSIST","MEDI ASSIST HEALTH SER L","327"
"12-MAY-2026","MOTHERSON","SAMVRDHNA MTHRSN INT","1"
"12-MAY-2026","NATIONALUM","NATIONAL ALUMINIUM CO LTD","6"
"12-MAY-2026","NAVINFLUOR","NAVIN FLUORINE INT. LTD","75"
"12-MAY-2026","OFSS","Oracle Financial Services Software Limited","7"
"12-MAY-2026","ONGC","OIL AND NATURAL GAS CORP.","1,000"
"12-MAY-2026","PARAGMILK","PARAG MILK FOODS LTD.   ","100"
"12-MAY-2026","PNB","PUNJAB NATIONAL BANK","100"
"12-MAY-2026","REFEX","REFEX INDUSTRIES LIMITED","478"
"12-MAY-2026","RELIGARE","RELIGARE ENTERPRISES LIMITED","1"
"12-MAY-2026","SAIL","STEEL AUTHORITY OF INDIA","10"
"12-MAY-2026","SBIN","STATE BANK OF INDIA","45,000"
"12-MAY-2026","SONACOMS","SONA BLW PRECISION FRGS L","249"
"12-MAY-2026","SRF","SRF LTD","59"
"12-MAY-2026","STLTECH","STERLITE TECHNOLOGIES","16"
"12-MAY-2026","SUNPHARMA","SUN PHARMACEUTICALS IND.","10"
"12-MAY-2026","TCS","TATA CONSULTANCY SERV LT","10,150"
"12-MAY-2026","TEJASNET","TEJAS NETWORKS LIMITED","7,500"
"12-MAY-2026","V2RETAIL","V2 RETAIL LIMITED","76"
"12-MAY-2026","VEDL","VEDANTA LIMITED","1"
"12-MAY-2026","VIPIND","VIP INDUSTRIES LTD","500"
"12-MAY-2026","VOLTAS","VOLTAS LTD","750"
"12-MAY-2026","WIPRO","WIPRO LTD","51,002"
"12-MAY-2026","ZAGGLE","ZAGGLE PREPA OCEAN SER L","54"
"13-MAY-2026","ABB","ABB LTD.","10"
"13-MAY-2026","ACE","ACTION CONST EQUIP LTD","1"
"13-MAY-2026","ADANIPORTS","ADANI PORT & SEZ LTD","4"
"13-MAY-2026","ANGELONE","ANGEL ONE LTD","200"
"13-MAY-2026","ANTHEM","ANTHEM BIOSCIENCES LTD","500"
"13-MAY-2026","ASIANPAINT","ASIAN PAINTS LIMITED","17"
"13-MAY-2026","AVANTIFEED","AVANTI FEEDS LIMITED","10"
"13-MAY-2026","AXISBANK","AXIS BANK LIMITED","17"
"13-MAY-2026","BANKBARODA","BANK OF BARODA","125"
"13-MAY-2026","BEL","BHARAT ELECTRONICS LTD","1"
"13-MAY-2026","BHARATFORG","BHARAT FORGE LTD","25"
"13-MAY-2026","BHEL","BHEL","2,660"
"13-MAY-2026","CIPLA","CIPLA LTD","19"
"13-MAY-2026","COALINDIA","COALINDIA","101"
"13-MAY-2026","CROMPTON","CROMPT GREA CON ELEC LTD  ","11"
"13-MAY-2026","CUB","CITY UNION BANK LTD      ","711"
"13-MAY-2026","DIXON","DIXON TECHNO (INDIA) LTD","687"
"13-MAY-2026","DRREDDY","DR. REDDY'S LABORATORIES","43"
"13-MAY-2026","FEDFINA","FEDBANK FINANCIAL SER L","1"
"13-MAY-2026","GODFRYPHLP","GODFREY PHILLIPS INDIA LT","152"
"13-MAY-2026","GODREJCP","GODREJ CONSUMER PRODUCTS LIMITED","5"
"13-MAY-2026","GRAPHITE","GRAPHITE INDIA LIMITED","700"
"13-MAY-2026","HATSUN","HATSUN AGRO PRODUCT LIMITED","59"
"13-MAY-2026","HCLTECH","HCL TECHNOLOGIES LTD","4,550"
"13-MAY-2026","HEG","HEG LIMITED","1,600"
"13-MAY-2026","HEROMOTOCO","HERO MOTOCORP LTD","3"
"13-MAY-2026","HFCL","HIMACHAL FUTURISTIC COMMUNICATIONS LIMITED","2,500"
"13-MAY-2026","HINDPETRO","HINDUSTAN PETROLEUM CORP","852"
"13-MAY-2026","HINDUNILVR","HINDUSTAN UNILEVER LTD.","50"
"13-MAY-2026","HUDCO","HOUSING & URBAN DEVELOPMENT CORPORATION LIMITED","20"
"13-MAY-2026","IDEA","Vodafone Idea Limited","4,682"
"13-MAY-2026","IIFL","IIFL HOLDINGS LIMITED","1"
"13-MAY-2026","INDIGO","INTERGLOBE AVIATION LTD  ","5"
"13-MAY-2026","INDUSTOWER","INDUS","746"
"13-MAY-2026","INFY","INFOSYS TECHNOLOGIES LTD","2,000"
"13-MAY-2026","INOXWIND","INOX WIND LIMITED        ","500"
"13-MAY-2026","IRB","IRB INFRA DEV LTD.","1"
"13-MAY-2026","JSWSTEEL","JSW STEEL LIMITED","38"
"13-MAY-2026","KALYANKJIL","KALYAN JEWELLERS IND LTD","40"
"13-MAY-2026","KPITTECH","KPIT TECHNOLOGIES LTD","4"
"13-MAY-2026","KPRMILL","KPRMILL","5"
"13-MAY-2026","LATENTVIEW","LATENT VIEW ANALYTICS LTD","100"
"13-MAY-2026","LTF","L&T FINANCE LIMITED","2,250"
"13-MAY-2026","MANKIND","MANKIND PHARMA LIMITED","225"
"13-MAY-2026","MEESHO","MEESHO LIMITED","3,000"
"13-MAY-2026","MIDHANI","MIDHANI","50"
"13-MAY-2026","MOBIKWIK","ONE MOBIKWIK SYSTEMS LTD","6,000"
"13-MAY-2026","MOTHERSON","SAMVRDHNA MTHRSN INT","1"
"13-MAY-2026","NLCINDIA","NLC INDIA LIMITED","2,364"
"13-MAY-2026","OIL","OIL INDIA LTD","54"
"13-MAY-2026","ONGC","OIL AND NATURAL GAS CORP.","103"
"13-MAY-2026","PARAS","PARAS DEF AND SPCE TECH L","1,000"
"13-MAY-2026","PINELABS","PINE LABS LIMITED","200"
"13-MAY-2026","POCL","PONDY OXIDES & CHEM LTD","25"
"13-MAY-2026","POLICYBZR","PB FINTECH LIMITED","325"
"13-MAY-2026","SAIL","STEEL AUTHORITY OF INDIA","2,972"
"13-MAY-2026","SBIN","STATE BANK OF INDIA","50"
"13-MAY-2026","SENCO","SENCO GOLD LIMITED","922"
"13-MAY-2026","SHAREINDIA","SHARE IND. SECURITIES LTD","1"
"13-MAY-2026","SHRIRAMFIN","SHRIRAM FINANCE LIMITED","340"
"13-MAY-2026","STLTECH","STERLITE TECHNOLOGIES","500"
"13-MAY-2026","SUNPHARMA","SUN PHARMACEUTICALS IND.","15"
"13-MAY-2026","SYRMA","SYRMA SGS TECHNOLOGY LTD","1,500"
"13-MAY-2026","TATAELXSI","TATA ELXSI LIMITED       ","2,600"
"13-MAY-2026","TATASTEEL","TATA STEEL LIMITED","100"
"13-MAY-2026","TATATECH","TATA TECHNOLOGIES LIMITED","100"
"13-MAY-2026","TCS","TATA CONSULTANCY SERV LT","57,533"
"13-MAY-2026","TEXRAIL","TEXMACO RAIL & ENG. LTD. ","50"
"13-MAY-2026","THANGAMAYL","THANGAMAYIL JEWELLERY LTD","1"
"13-MAY-2026","TITAN","TITAN INDUSTRIES LTD","10"
"13-MAY-2026","TMPV","TATA MOTORS PASS VEH LTD","500"
"13-MAY-2026","VEDL","VEDANTA LIMITED","245"
"13-MAY-2026","VMM","VISHAL MEGA MART LIMITED","1"
"13-MAY-2026","VOLTAS","VOLTAS LTD","5"
"13-MAY-2026","ZAGGLE","ZAGGLE PREPA OCEAN SER L","4"
"13-MAY-2026","ZEEL","ZEE ENTERTAINMENT ENT LTD","960"
"14-MAY-2026","360ONE","360 ONE WAM LIMITED","798"
"14-MAY-2026","AADHARHFC","AADHAR HOUSING FINANCE L","34"
"14-MAY-2026","AARTIIND","AARTI INDUSTRIES LTD","352"
"14-MAY-2026","ABB","ABB LTD.","103"
"14-MAY-2026","ABSLAMC","ADIT BIRL SUN LIF AMC LTD","307"
"14-MAY-2026","ACE","ACTION CONST EQUIP LTD","37"
"14-MAY-2026","ADANIENT","ADANI ENTERPRISES LIMITED","346"
"14-MAY-2026","ADANIGREEN","ADANI GREEN ENERGY LTD","50"
"14-MAY-2026","ADANIPORTS","ADANI PORT & SEZ LTD","7"
"14-MAY-2026","ADANIPOWER","ADANI POWER LTD","523"
"14-MAY-2026","AEGISVOPAK","AEGIS VOPAK TERMINALS LTD","332"
"14-MAY-2026","AETHER","AETHER INDUSTRIES LIMITED","105"
"14-MAY-2026","AFFLE","AFFLE (INDIA) LIMITED","1,038"
"14-MAY-2026","AIAENG","AIA ENGINEERING LIMITED","21"
"14-MAY-2026","ALKYLAMINE","ALKYL AMINES CHEM. LTD","5"
"14-MAY-2026","ALPHA","KOTAKMAMC - KOTAKALPHA","183"
"14-MAY-2026","ANURAS","ANUPAM RASAYAN INDIA LTD","233"
"14-MAY-2026","APARINDS","APAR INDUSTRIES LTD.","147"
"14-MAY-2026","APLAPOLLO","APL APOLLO TUBES LTD","1"
"14-MAY-2026","APOLLOTYRE","APOLLO TYRES LTD","992"
"14-MAY-2026","ARVINDFASN","ARVIND FASHIONS LIMITED","404"
"14-MAY-2026","ASAHIINDIA","ASAHI INDIA GLASS LIMITED","60"
"14-MAY-2026","ASHOKLEY","ASHOK LEYLAND LTD","80"
"14-MAY-2026","ASTERDM","ASTER DM HEALTHCARE LTD","1,454"
"14-MAY-2026","ATGL","ADANI TOTAL GAS LIMITED","23"
"14-MAY-2026","ATHERENERG","ATHER ENERGY LIMITED","76"
"14-MAY-2026","AUROPHARMA","AUROBINDO PHARMA LTD","1"
"14-MAY-2026","AZAD","AZAD ENGINEERING LIMITED","50"
"14-MAY-2026","BAJAJHFL","BAJAJ HOUSING FINANCE LTD","2,922"
"14-MAY-2026","BALAMINES","BALAJI AMINIES LIMITED","10,273"
"14-MAY-2026","BANKBEES","GOLDMAN SACHS BANKING INDEX EXCHANGE TRADED SCHEME","72"
"14-MAY-2026","BANKINDIA","BANK OF INDIA","1"
"14-MAY-2026","BBL","BHARAT BIJLEE LTD","44"
"14-MAY-2026","BBOX","BLACK BOX LIMITED","149"
"14-MAY-2026","BBTC","BOMBAY BURMAH TRADING COR","15"
"14-MAY-2026","BERGEPAINT","BERGER PAINTS (I) LIMITED","407"
"14-MAY-2026","BHARTIARTL","BHARTI AIRTEL LIMITED","104"
"14-MAY-2026","BHARTIHEXA","BHARTI HEXACOM LIMITED","28"
"14-MAY-2026","BHEL","BHEL","204"
"14-MAY-2026","BIKAJI","BIKAJI FOODS INTERN LTD","6"
"14-MAY-2026","BIOCON","BIOCON LIMITED.","159"
"14-MAY-2026","BLUESTARCO","BLUE STAR LIMITED","63"
"14-MAY-2026","BRIGADE","BRIGADE ENTER. LTD","53"
"14-MAY-2026","BSE","BSE LIMITED","267"
"14-MAY-2026","CANBK","CANARA BANK","1,972"
"14-MAY-2026","CAPLIPOINT","CAPLIN POINT LABORATORIES LIMITED","103"
"14-MAY-2026","CEMPRO","CEMINDIA PROJECTS LIMITED","1"
"14-MAY-2026","CESC","CESC LTD","644"
"14-MAY-2026","CHALET","CHALET HOTELS LIMITED","6"
"14-MAY-2026","CIPLA","CIPLA LTD","173"
"14-MAY-2026","CMSINFO","CMS INFO SYSTEMS LIMITED","183"
"14-MAY-2026","COFORGE","COFORGE LIMITED","10"
"14-MAY-2026","CONCOR","CONTAINER CORP OF IND LTD","10"
"14-MAY-2026","CPSEETF","GOLDMANAMC - CPSEETF","134"
"14-MAY-2026","CROMPTON","CROMPT GREA CON ELEC LTD  ","100"
"14-MAY-2026","CSBBANK","CSBBANK","760"
"14-MAY-2026","CYIENTDLM","CYIENT DLM LIMITED","27"
"14-MAY-2026","DABUR","DABUR INDIA LTD","545"
"14-MAY-2026","DATAPATTNS","DATA PATTERNS INDIA LTD","2"
"14-MAY-2026","DEEPAKFERT","DEEPAK FERTILIZERS AND PETROCHEMICALS CORPORATION LIMITED","224"
"14-MAY-2026","DIACABS","DIAMOND POWER INFRA LTD","37,801"
"14-MAY-2026","DIVISLAB","DIVI'S LABORATORIES LTD","10"
"14-MAY-2026","DIXON","DIXON TECHNO (INDIA) LTD","10"
"14-MAY-2026","DLF","DLF LIMITED","1"
"14-MAY-2026","ECLERX","ECLERX SERVICES LTD ","635"
"14-MAY-2026","EICHERMOT","EICHER MOTORS LIMITED","6"
"14-MAY-2026","EIDPARRY","EID PARRY INDIA LTD","68"
"14-MAY-2026","EIHOTEL","EIH LIMITED","38"
"14-MAY-2026","ELECTCAST","ELECTROSTEEL CASTINGS LTD","862"
"14-MAY-2026","ELGIEQUIP","ELGI EQUIPMENTS LTD","130"
"14-MAY-2026","EMUDHRA","EMUDHRA LIMITED","69"
"14-MAY-2026","ENGINERSIN","ENGINEERS INDIA LTD","3"
"14-MAY-2026","EPL","EPL","907"
"14-MAY-2026","ERIS","ERIS LIFESCIENCES LIMITED","33"
"14-MAY-2026","ETERNAL","ETERNAL LIMITED","1"
"14-MAY-2026","EUREKAFORB","EUREKA FORBES LIMITED","11"
"14-MAY-2026","FINEORG","FINE ORGANIC IND. LTD","13"
"14-MAY-2026","FLUOROCHEM","FLUOROCHEM","25"
"14-MAY-2026","GABRIEL","GABRIEL INDIA LTD","10"
"14-MAY-2026","GANECOS","GANESHA ECOSPHERE LIMITED","5"
"14-MAY-2026","GESHIP","THE GE SHPG.LTD","44"
"14-MAY-2026","GILLETTE","GILLETTE INDIA LTD       ","27"
"14-MAY-2026","GLAND","GLAND PHARMA LIMITED","27"
"14-MAY-2026","GLENMARK","GLENMARK PHARMACEUTICALS LIMITED","3,000"
"14-MAY-2026","GMRP&UI","GMR POW AND URBAN INFRA L","1,000"
"14-MAY-2026","GODREJAGRO","GODREJ AGROVET LIMITED","1,297"
"14-MAY-2026","GPIL","GPIL","673"
"14-MAY-2026","GPPL","GUJARAT PIPAVAV PORT LTD","811"
"14-MAY-2026","GTLINFRA","GTL INFRA.LTD","2,00,000"
"14-MAY-2026","GUJGASLTD","GUJARAT GAS LIMITED","1"
"14-MAY-2026","GULFOILLUB","GULF OIL LUB. IND. LTD.","26"
"14-MAY-2026","HAPPSTMNDS","HAPPIEST MINDS TECHNO LTD","452"
"14-MAY-2026","HCLTECH","HCL TECHNOLOGIES LTD","55,300"
"14-MAY-2026","HDFCBANK","HDFC BANK LTD","16"
"14-MAY-2026","HDFCSML250","HDFCAMC - HDFCSML250","1,523"
"14-MAY-2026","HEG","HEG LIMITED","400"
"14-MAY-2026","HEROMOTOCO","HERO MOTOCORP LTD","10"
"14-MAY-2026","HFCL","HIMACHAL FUTURISTIC COMMUNICATIONS LIMITED","21"
"14-MAY-2026","HINDALCO","HINDALCO  INDUSTRIES  LTD","362"
"14-MAY-2026","HINDCOPPER","HINDUSTAN COPPER LIMITED","106"
"14-MAY-2026","HOMEFIRST","HOMEFIRST","148"
"14-MAY-2026","HONASA","HONASA CONSUMER LIMITED","745"
"14-MAY-2026","HYUNDAI","HYUNDAI MOTOR INDIA LTD","352"
"14-MAY-2026","IDEA","Vodafone Idea Limited","3,100"
"14-MAY-2026","IDEAFORGE","IDEAFORGE TECHNO LTD","38,422"
"14-MAY-2026","IDFCFIRSTB","IDFC FIRST BANK LIMI","500"
"14-MAY-2026","IIFL","IIFL HOLDINGS LIMITED","11"
"14-MAY-2026","INDGN","INDEGENE LIMITED","391"
"14-MAY-2026","INDIGO","INTERGLOBE AVIATION LTD  ","90"
"14-MAY-2026","INOXINDIA","INOX INDIA LIMITED","70"
"14-MAY-2026","INOXWIND","INOX WIND LIMITED        ","1"
"14-MAY-2026","INTERARCH","INTERARCH BLDNG SOLTN LTD","105"
"14-MAY-2026","IRCON","IRCON","134"
"14-MAY-2026","IRCTC","INDIAN RAIL TOUR CORP LTD","327"
"14-MAY-2026","IRFC","IRFC","21,250"
"14-MAY-2026","ITC","ITC LTD","1,602"
"14-MAY-2026","JINDALSAW","JINDAL SAW LIMITED","206"
"14-MAY-2026","JMFINANCIL","JM FINANCIAL LIMITED    ","886"
"14-MAY-2026","JSFB","JANA SMALL FIN BANK LTD","58"
"14-MAY-2026","JUBLINGREA","JUBLINGREA","168"
"14-MAY-2026","JUBLPHARMA","JUBLPHARMA","161"
"14-MAY-2026","JUNIORBEES","GOLDMAN SACHS NIFTY JUNIOR EXCHANGE TRADED SCHEME","187"
"14-MAY-2026","JUSTDIAL","JUST DIAL LIMITED","26"
"14-MAY-2026","KALYANKJIL","KALYAN JEWELLERS IND LTD","9"
"14-MAY-2026","KAYNES","KAYNES TECHNOLOGY IND LTD","425"
"14-MAY-2026","KFINTECH","KFIN TECHNOLOGIES LIMITED","43"
"14-MAY-2026","KPIL","Kalpataru Project In","127"
"14-MAY-2026","KSB","KSB","68"
"14-MAY-2026","LAURUSLABS","LAURUS LABS LIMITED","700"
"14-MAY-2026","LENSKART","LENSKART SOLUTIONS LTD","7"
"14-MAY-2026","LLOYDSENT","LLOYDS ENTERPRISES LTD","214"
"14-MAY-2026","LLOYDSME","LLOYDS METALS N ENERGY L","706"
"14-MAY-2026","LTF","L&T FINANCE LIMITED","700"
"14-MAY-2026","M&M","MAHINDRA & MAHINDRA LTD","1"
"14-MAY-2026","MAHKTECH","MIRAEAMC - MAHKTECH","7,866"
"14-MAY-2026","MANINDS","MAN INDUSTRIES (I) LTD.  ","100"
"14-MAY-2026","MANINFRA","MAN INFRA LTD","150"
"14-MAY-2026","MANKIND","MANKIND PHARMA LIMITED","99"
"14-MAY-2026","MANYAVAR","VEDANT FASHIONS LIMITED","221"
"14-MAY-2026","MARUTI","MARUTI SUZUKI INDIA LTD.","10"
"14-MAY-2026","MASTEK","MASTEK LTD               ","22"
"14-MAY-2026","MAZDOCK","MAZAGON DOCK SHIPBUIL LTD","157"
"14-MAY-2026","MCX","MULTI COMMODITY EXCHANGE OF INDIA LIMITED","11"
"14-MAY-2026","METROBRAND","METRO BRANDS LIMITED","16"
"14-MAY-2026","MID150BEES","NIP IND ETF MIDCAP 150","730"
"14-MAY-2026","MOBIKWIK","ONE MOBIKWIK SYSTEMS LTD","24"
"14-MAY-2026","MTARTECH","MTAR TECHNOLOGIES LIMITED","2"
"14-MAY-2026","NATIONALUM","NATIONAL ALUMINIUM CO LTD","20"
"14-MAY-2026","NCC","NCC LIMITED","46"
"14-MAY-2026","NETWEB","NETWEB TECH INDIA LTD","53"
"14-MAY-2026","NHPC","NHPC LTD","15"
"14-MAY-2026","NLCINDIA","NLC INDIA LIMITED","730"
"14-MAY-2026","NMDC","NMDC LTD.","1,000"
"14-MAY-2026","OIL","OIL INDIA LTD","923"
"14-MAY-2026","OLAELEC","OLA ELECTRIC MOBILITY LTD","8,351"
"14-MAY-2026","ONGC","OIL AND NATURAL GAS CORP.","3"
"14-MAY-2026","PAISALO","PAISALO DIGITAL LIMITED","50"
"14-MAY-2026","PATELENG","PATEL ENGINEERING LTD.","368"
"14-MAY-2026","PAYTM","ONE 97 COMMUNICATIONS LTD","5"
"14-MAY-2026","PCJEWELLER","PC JEWELLER LTD          ","1"
"14-MAY-2026","PENIND","PENNAR INDUSTRIES LTD","231"
"14-MAY-2026","PFOCUS","PRIME FOCUS LIMITED","5"
"14-MAY-2026","PGIL","PEARL GLOBAL IND LIMITED","53"
"14-MAY-2026","PNB","PUNJAB NATIONAL BANK","100"
"14-MAY-2026","PNGJL","P N GADGIL JEWELLERS LTD","188"
"14-MAY-2026","POLYCAB","POLYCAB INDIA LIMITED","3"
"14-MAY-2026","POWERGRID","POWER GRID CORP. LTD.","289"
"14-MAY-2026","PRUDENT","PRUDENT CORP ADV SER LTD","16"
"14-MAY-2026","QUESS","QUESS CORP LIMITED","244"
"14-MAY-2026","RADICO","RADICO KHAITAN LIMITED","122"
"14-MAY-2026","RAILTEL","RAILTEL","449"
"14-MAY-2026","RAINBOW","RAINBOW CHILDRENS MED LTD","24"
"14-MAY-2026","REFEX","REFEX INDUSTRIES LIMITED","378"
"14-MAY-2026","RVNL","RVNL","250"
"14-MAY-2026","SAFARI","SAFARI IND (INDIA) LTD","64"
"14-MAY-2026","SAIL","STEEL AUTHORITY OF INDIA","300"
"14-MAY-2026","SAREGAMA","SAREGAMA INDIA LIMITED","2,272"
"14-MAY-2026","SBICARD","SBI CARDS & PAY SER LTD","800"
"14-MAY-2026","SENCO","SENCO GOLD LIMITED","684"
"14-MAY-2026","SENORES","SENORES PHARMACEUTICALS L","10"
"14-MAY-2026","SETFNIF50","SBI-ETF NIFTY 50","1,884"
"14-MAY-2026","SHAKTIPUMP","SHAKTI PUMPS (I) LTD","100"
"14-MAY-2026","SHRIPISTON","SHRIRAM PIST. & RING LTD","18"
"14-MAY-2026","SHRIRAMFIN","SHRIRAM FINANCE LIMITED","50"
"14-MAY-2026","SOBHA","SOBHA DEVELOPERS LTD","287"
"14-MAY-2026","SOLARINDS","SOLAR INDUSTRIES (I) LTD","3"
"14-MAY-2026","SONACOMS","SONA BLW PRECISION FRGS L","208"
"14-MAY-2026","STARCEMENT","STARCEMENT","214"
"14-MAY-2026","STLTECH","STERLITE TECHNOLOGIES","7,854"
"14-MAY-2026","SUDARSCHEM","SUDARSHAN CHEMICAL INDS L","5"
"14-MAY-2026","SUNDRMFAST","SUNDRAM FASTENERS LTD    ","146"
"14-MAY-2026","SUNPHARMA","SUN PHARMACEUTICALS IND.","15"
"14-MAY-2026","SUZLON","SUZLON ENERGY LIMITED","200"
"14-MAY-2026","SWIGGY","SWIGGY LIMITED","86"
"14-MAY-2026","SYRMA","SYRMA SGS TECHNOLOGY LTD","76"
"14-MAY-2026","TATASTEEL","TATA STEEL LIMITED","18"
"14-MAY-2026","TCS","TATA CONSULTANCY SERV LT","10,503"
"14-MAY-2026","TEAMLEASE","TEAMLEASE SERVICES LTD","34"
"14-MAY-2026","TENNIND","TENNECO CLEAN AIR INDIA L","180"
"14-MAY-2026","TEXRAIL","TEXMACO RAIL & ENG. LTD. ","500"
"14-MAY-2026","THANGAMAYL","THANGAMAYIL JEWELLERY LTD","11"
"14-MAY-2026","THERMAX","THERMAX LTD","68"
"14-MAY-2026","TIMETECHNO","TIME TECHNOPLAST LIMITED","1,315"
"14-MAY-2026","TIPSMUSIC","TIPS MUSIC LIMITED","190"
"14-MAY-2026","TMB","TAMILNAD MERCA BANK LTD","12"
"14-MAY-2026","TMPV","TATA MOTORS PASS VEH LTD","76"
"14-MAY-2026","TORNTPHARM","TORRENT PHARMACEUTICALS L","17"
"14-MAY-2026","TRITURBINE","TRIVENI TURBINE LIMITED","211"
"14-MAY-2026","TRIVENI","TRIVENI ENGG. & INDS. LTD","133"
"14-MAY-2026","UJJIVANSFB","UJJIVAN SMALL FINANC BANK","450"
"14-MAY-2026","UNIONBANK","UNION BANK OF INDIA","25"
"14-MAY-2026","UPL","UPL LIMITED","5"
"14-MAY-2026","UTIAMC","UTI ASSET MNGMT CO LTD","71"
"14-MAY-2026","VBL","VARUN BEVERAGES LIMITED    ","350"
"14-MAY-2026","VEDL","VEDANTA LIMITED","1,260"
"14-MAY-2026","VIJAYA","VIJAYA DIAGNOSTIC CEN LTD","288"
"14-MAY-2026","VOLTAS","VOLTAS LTD","4,695"
"14-MAY-2026","WIPRO","WIPRO LTD","51,000"
"14-MAY-2026","WOCKPHARMA","WOCKHARDT LIMITED","175"
"14-MAY-2026","YATHARTH","YATHARTH HOSP & TRA C S L","3"
"14-MAY-2026","ZEEL","ZEE ENTERTAINMENT ENT LTD","200"
"15-MAY-2026","AARTIIND","AARTI INDUSTRIES LTD","93"
"15-MAY-2026","ADANIENT","ADANI ENTERPRISES LIMITED","49"
"15-MAY-2026","ADANIPOWER","ADANI POWER LTD","2"
"15-MAY-2026","AFFLE","AFFLE (INDIA) LIMITED","20"
"15-MAY-2026","AMBER","AMBER ENTERPRISES (I) LTD","17"
"15-MAY-2026","APOLLO","APOLLO MICRO SYSTEMS LTD","1,600"
"15-MAY-2026","ASIANPAINT","ASIAN PAINTS LIMITED","3,656"
"15-MAY-2026","AUBANK","AU SMALL FINANCE BANK LIMITED","12"
"15-MAY-2026","BAJAJHLDNG","BAJAJ HOLDINGS & INVS LTD","15"
"15-MAY-2026","BALAMINES","BALAJI AMINIES LIMITED","155"
"15-MAY-2026","BANKINDIA","BANK OF INDIA","600"
"15-MAY-2026","BELRISE","BELRISE INDUSTRIES LTD","1,082"
"15-MAY-2026","BHEL","BHEL","200"
"15-MAY-2026","BIOCON","BIOCON LIMITED.","30"
"15-MAY-2026","CIPLA","CIPLA LTD","1"
"15-MAY-2026","CROMPTON","CROMPT GREA CON ELEC LTD  ","57"
"15-MAY-2026","DIVISLAB","DIVI'S LABORATORIES LTD","5"
"15-MAY-2026","FSL","FIRSTSOURCE SOLU. LTD.","8,000"
"15-MAY-2026","GRAPHITE","GRAPHITE INDIA LIMITED","785"
"15-MAY-2026","HAL","HINDUSTAN AERONAUTICS LTD","1"
"15-MAY-2026","HCLTECH","HCL TECHNOLOGIES LTD","1,750"
"15-MAY-2026","HDFCBANK","HDFC BANK LTD","165"
"15-MAY-2026","HDFCLIFE","HDFC STANDARD LIFE INSURANCE COMPANY LIMITED","2"
"15-MAY-2026","HEG","HEG LIMITED","900"
"15-MAY-2026","HFCL","HIMACHAL FUTURISTIC COMMUNICATIONS LIMITED","2"
"15-MAY-2026","HINDCOPPER","HINDUSTAN COPPER LIMITED","693"
"15-MAY-2026","HINDUNILVR","HINDUSTAN UNILEVER LTD.","50"
"15-MAY-2026","HONASA","HONASA CONSUMER LIMITED","435"
"15-MAY-2026","IDEAFORGE","IDEAFORGE TECHNO LTD","25"
"15-MAY-2026","IDFCFIRSTB","IDFC FIRST BANK LIMI","3,100"
"15-MAY-2026","IGL","INDRAPRASTHA GAS LTD","78"
"15-MAY-2026","INFY","INFOSYS TECHNOLOGIES LTD","82,800"
"15-MAY-2026","IOB","INDIAN OVERSEAS BANK","1,000"
"15-MAY-2026","JINDALSAW","JINDAL SAW LIMITED","206"
"15-MAY-2026","JPPOWER","JAIPRAKASH POWER VEN. LTD","4"
"15-MAY-2026","JSWINFRA","JSW INFRASTRUCTURE LTD","145"
"15-MAY-2026","KARURVYSYA","KARUR VYSYA BANK LIMITED","1,210"
"15-MAY-2026","KAYNES","KAYNES TECHNOLOGY IND LTD","402"
"15-MAY-2026","LICHSGFIN","LIC HOUSING FINANCE LTD","150"
"15-MAY-2026","LT","LARSEN & TOUBRO LTD.","12,775"
"15-MAY-2026","M&M","MAHINDRA & MAHINDRA LTD","400"
"15-MAY-2026","MASPTOP50","MIRAEAMC - MASPTOP50","91"
"15-MAY-2026","MCX","MULTI COMMODITY EXCHANGE OF INDIA LIMITED","33"
"15-MAY-2026","OIL","OIL INDIA LTD","230"
"15-MAY-2026","ONGC","OIL AND NATURAL GAS CORP.","2,250"
"15-MAY-2026","PGIL","PEARL GLOBAL IND LIMITED","20"
"15-MAY-2026","PIIND","PI INDUSTRIES LTD        ","10"
"15-MAY-2026","PINELABS","PINE LABS LIMITED","1"
"15-MAY-2026","PRICOLLTD","PRICOL LIMITED","400"
"15-MAY-2026","PTCIL","PTC INDUSTRIES LIMITED","1"
"15-MAY-2026","REFEX","REFEX INDUSTRIES LIMITED","278"
"15-MAY-2026","RELIANCE","RELIANCE INDUSTRIES LTD","1,604"
"15-MAY-2026","SAPPHIRE","SAPPHIRE FOODS INDIA LTD","5,000"
"15-MAY-2026","SAREGAMA","SAREGAMA INDIA LIMITED","10,200"
"15-MAY-2026","SHILPAMED","SHILPA MEDICARE LTD","250"
"15-MAY-2026","SOLARINDS","SOLAR INDUSTRIES (I) LTD","50"
"15-MAY-2026","SOUTHBANK","THE SOUTH INDIAN BANK LTD","1"
"15-MAY-2026","STLTECH","STERLITE TECHNOLOGIES","6,275"
"15-MAY-2026","TATAELXSI","TATA ELXSI LIMITED       ","2"
"15-MAY-2026","THANGAMAYL","THANGAMAYIL JEWELLERY LTD","50"
"15-MAY-2026","TIINDIA","TUBE INVEST OF INDIA LTD","50"
"15-MAY-2026","TIPSMUSIC","TIPS MUSIC LIMITED","8"
"15-MAY-2026","TMPV","TATA MOTORS PASS VEH LTD","51"
"15-MAY-2026","URBANCO","URBAN COMPANY LIMITED","17"
"15-MAY-2026","VEDL","VEDANTA LIMITED","3"
"15-MAY-2026","VIJAYA","VIJAYA DIAGNOSTIC CEN LTD","100"
"15-MAY-2026","WELSPUNLIV","WELSPUN LIVING LIMITED","18"
"15-MAY-2026","WIPRO","WIPRO LTD","5,10,000"
"15-MAY-2026","YESBANK","YES BANK LIMITED","180"
"18-MAY-2026","ABB","ABB LTD.","2,875"
"18-MAY-2026","ABFRL","ADITYA BIRLA FASHION & RT","124"
"18-MAY-2026","ACUTAAS","ACUTAAS CHEMICALS LIMITED","10"
"18-MAY-2026","AMBER","AMBER ENTERPRISES (I) LTD","98"
"18-MAY-2026","APOLLO","APOLLO MICRO SYSTEMS LTD","210"
"18-MAY-2026","ASHOKLEY","ASHOK LEYLAND LTD","15"
"18-MAY-2026","BAJAJELEC","BAJAJ ELECT.LTD","300"
"18-MAY-2026","BAJAJHFL","BAJAJ HOUSING FINANCE LTD","40"
"18-MAY-2026","BAJFINANCE","BAJAJ FINANCE LIMITED","2,000"
"18-MAY-2026","BANKBARODA","BANK OF BARODA","16,001"
"18-MAY-2026","BHARTIARTL","BHARTI AIRTEL LIMITED","30"
"18-MAY-2026","BIOCON","BIOCON LIMITED.","10"
"18-MAY-2026","BSE","BSE LIMITED","2"
"18-MAY-2026","COFORGE","COFORGE LIMITED","15"
"18-MAY-2026","DLF","DLF LIMITED","375"
"18-MAY-2026","DMART","AVENUE SUPERMARTS LIMITED","1"
"18-MAY-2026","ESCORTS","ESCORTS INDIA LTD","3"
"18-MAY-2026","FINCABLES","FINOLEX CABLES LTD","2,831"
"18-MAY-2026","GESHIP","THE GE SHPG.LTD","385"
"18-MAY-2026","GLAND","GLAND PHARMA LIMITED","353"
"18-MAY-2026","GLENMARK","GLENMARK PHARMACEUTICALS LIMITED","20"
"18-MAY-2026","GMDCLTD","GUJARAT MINERAL DEV CORP","4"
"18-MAY-2026","GRASIM","GRASIM INDUSTRIES LTD","15"
"18-MAY-2026","HAL","HINDUSTAN AERONAUTICS LTD","29"
"18-MAY-2026","HCLTECH","HCL TECHNOLOGIES LTD","5"
"18-MAY-2026","HDFCAMC","HDFC AMC LIMITED","47"
"18-MAY-2026","HDFCBANK","HDFC BANK LTD","65"
"18-MAY-2026","IDEA","Vodafone Idea Limited","1,000"
"18-MAY-2026","IDEAFORGE","IDEAFORGE TECHNO LTD","5"
"18-MAY-2026","IFCI","IFCI LTD","5,200"
"18-MAY-2026","INFY","INFOSYS TECHNOLOGIES LTD","55"
"18-MAY-2026","ITBEES","NIP IND ETF IT","1,000"
"18-MAY-2026","JINDALSTEL","JINDAL STEEL & POWER LTD","2"
"18-MAY-2026","JSWSTEEL","JSW STEEL LIMITED","6"
"18-MAY-2026","KAYNES","KAYNES TECHNOLOGY IND LTD","10"
"18-MAY-2026","KRN","KRN HEAT EXCHANGE N REF L","4"
"18-MAY-2026","LICHSGFIN","LIC HOUSING FINANCE LTD","100"
"18-MAY-2026","LT","LARSEN & TOUBRO LTD.","3"
"18-MAY-2026","LTM","LTIMINDTREE LIMITED","5"
"18-MAY-2026","LUPIN","LUPIN LIMITED","3"
"18-MAY-2026","M&M","MAHINDRA & MAHINDRA LTD","1"
"18-MAY-2026","MARUTI","MARUTI SUZUKI INDIA LTD.","2"
"18-MAY-2026","MCX","MULTI COMMODITY EXCHANGE OF INDIA LIMITED","3"
"18-MAY-2026","MEESHO","MEESHO LIMITED","999"
"18-MAY-2026","METAL","MIRAEAMC - METAL","5,61,623"
"18-MAY-2026","MON100","MOTILAL OS NASDAQ100 ETF","328"
"18-MAY-2026","MONQ50","MOTILALAMC - MONQ50","1"
"18-MAY-2026","MTARTECH","MTAR TECHNOLOGIES LIMITED","3"
"18-MAY-2026","NEXT50","MIRAEAMC - MANXT50","33,907"
"18-MAY-2026","NH","NARAYANA HRUDAYALAYA LTD.","10"
"18-MAY-2026","NIACL","THE NEW INDIA ASSU CO LTD","100"
"18-MAY-2026","NLCINDIA","NLC INDIA LIMITED","10"
"18-MAY-2026","NYKAA","FSN E COMMERCE VENTURES","137"
"18-MAY-2026","OFSS","Oracle Financial Services Software Limited","14"
"18-MAY-2026","OIL","OIL INDIA LTD","34"
"18-MAY-2026","PERSISTENT","PERSISTENT SYSTEMS LTD","23"
"18-MAY-2026","PFC","POWER FIN CORP LTD.","3"
"18-MAY-2026","PINELABS","PINE LABS LIMITED","100"
"18-MAY-2026","QPOWER","QUALITY POWER ELEC EQUP L","120"
"18-MAY-2026","RCF","RASHTRIYA CHEMICALS AND FERTILIZERS LIMITED","200"
"18-MAY-2026","RRKABEL","R R KABEL LIMITED","100"
"18-MAY-2026","RUBICON","RUBICON RESEARCH LIMITED","21"
"18-MAY-2026","SAIL","STEEL AUTHORITY OF INDIA","50"
"18-MAY-2026","SHARDACROP","SHARDA CROPCHEM LTD.","800"
"18-MAY-2026","SONATSOFTW","SONATA SOFTWARE LIMITED","100"
"18-MAY-2026","SRF","SRF LTD","115"
"18-MAY-2026","STARHEALTH","STAR HEALTH & AL INS CO L","80"
"18-MAY-2026","STLTECH","STERLITE TECHNOLOGIES","4,737"
"18-MAY-2026","SWSOLAR","STERLING & WILSON SO LTD","500"
"18-MAY-2026","TATAELXSI","TATA ELXSI LIMITED       ","2"
"18-MAY-2026","TATASTEEL","TATA STEEL LIMITED","101"
"18-MAY-2026","TECHM","TECH MAHINDRA LIMITED","155"
"18-MAY-2026","THERMAX","THERMAX LTD","19"
"18-MAY-2026","UNOMINDA","UNO MINDA LIMITED","1"
"18-MAY-2026","URBANCO","URBAN COMPANY LIMITED","2"
"18-MAY-2026","WAAREEENER","WAAREE ENERGIES LIMITED","25"
"18-MAY-2026","WELCORP","WELSPUN CORP LIMITED","2"
"18-MAY-2026","WIPRO","WIPRO LTD","7,98,000"
"19-MAY-2026","AADHARHFC","AADHAR HOUSING FINANCE L","1"
"19-MAY-2026","ADANIENSOL","ADANI ENERGY SOLUTION LTD","1"
"19-MAY-2026","ADANIENT","ADANI ENTERPRISES LIMITED","18"
"19-MAY-2026","ANGELONE","ANGEL ONE LTD","300"
"19-MAY-2026","BAJFINANCE","BAJAJ FINANCE LIMITED","10"
"19-MAY-2026","BANKBARODA","BANK OF BARODA","20"
"19-MAY-2026","BHEL","BHEL","1"
"19-MAY-2026","BSE","BSE LIMITED","1"
"19-MAY-2026","COCHINSHIP","COCHIN SHIPYARD LIMITED","400"
"19-MAY-2026","DBREALTY","D B REALTY LIMITED","50"
"19-MAY-2026","DIVISLAB","DIVI'S LABORATORIES LTD","10"
"19-MAY-2026","ECLERX","ECLERX SERVICES LTD ","2"
"19-MAY-2026","EPACK","EPACK DURABLE LIMITED","5"
"19-MAY-2026","GLAND","GLAND PHARMA LIMITED","10"
"19-MAY-2026","GMDCLTD","GUJARAT MINERAL DEV CORP","477"
"19-MAY-2026","GNFC","GUJARAT NARMADA FERT. CO","110"
"19-MAY-2026","GRASIM","GRASIM INDUSTRIES LTD","5"
"19-MAY-2026","GRWRHITECH","GARWARE HI-TECH FILMS LTD","150"
"19-MAY-2026","HAL","HINDUSTAN AERONAUTICS LTD","2"
"19-MAY-2026","HCC","HINDUSTAN CONSTRUCTION CO","45"
"19-MAY-2026","HDFCBANK","HDFC BANK LTD","1"
"19-MAY-2026","HEROMOTOCO","HERO MOTOCORP LTD","10"
"19-MAY-2026","HINDPETRO","HINDUSTAN PETROLEUM CORP","20"
"19-MAY-2026","HIRECT","HIND RECTIFIER LIMITED","4"
"19-MAY-2026","IDEA","Vodafone Idea Limited","15,000"
"19-MAY-2026","IIFL","IIFL HOLDINGS LIMITED","1"
"19-MAY-2026","INFY","INFOSYS TECHNOLOGIES LTD","93,156"
"19-MAY-2026","IREDA","INDIAN RENEWABLE ENERGY","13,800"
"19-MAY-2026","IRFC","IRFC","51,000"
"19-MAY-2026","JAIBALAJI","JAI BALAJI INDUSTRIES LTD","801"
"19-MAY-2026","JAMNAAUTO","JAMNA AUTO IND LTD       ","10"
"19-MAY-2026","JKPAPER","JK PAPER LIMITED","100"
"19-MAY-2026","JSWENERGY","JSW ENERGY LIMITED","1"
"19-MAY-2026","KAYNES","KAYNES TECHNOLOGY IND LTD","10"
"19-MAY-2026","KEI","KEI INDUSTRIES LTD.      ","5"
"19-MAY-2026","LATENTVIEW","LATENT VIEW ANALYTICS LTD","500"
"19-MAY-2026","LT","LARSEN & TOUBRO LTD.","64,925"
"19-MAY-2026","MAHKTECH","MIRAEAMC - MAHKTECH","1"
"19-MAY-2026","MARKSANS","MARKSANS PHARMA LIMITED  ","100"
"19-MAY-2026","MOTILALOFS","MOTILAL OSWAL FIN LTD   ","54"
"19-MAY-2026","NAVINFLUOR","NAVIN FLUORINE INT. LTD","9"
"19-MAY-2026","NHPC","NHPC LTD","1,92,000"
"19-MAY-2026","OFSS","Oracle Financial Services Software Limited","14"
"19-MAY-2026","PARADEEP","PARADEEP PHOSPHATES LTD","1"
"19-MAY-2026","PERSISTENT","PERSISTENT SYSTEMS LTD","22"
"19-MAY-2026","PETRONET","PETRONET LNG LIMITED","25"
"19-MAY-2026","PFOCUS","PRIME FOCUS LIMITED","969"
"19-MAY-2026","PNB","PUNJAB NATIONAL BANK","16"
"19-MAY-2026","POWERINDIA","ABB POWER PRO N SYS IND L","21"
"19-MAY-2026","PURVA","PURAVANKARA PROJ. LTD.","28"
"19-MAY-2026","RELIANCE","RELIANCE INDUSTRIES LTD","1"
"19-MAY-2026","RITES","RITES LIMITED","1,000"
"19-MAY-2026","SAIL","STEEL AUTHORITY OF INDIA","102"
"19-MAY-2026","SPARC","SUN PHARMA ADV.RES.CO.LTD","2,000"
"19-MAY-2026","STARHEALTH","STAR HEALTH & AL INS CO L","20"
"19-MAY-2026","STLTECH","STERLITE TECHNOLOGIES","707"
"19-MAY-2026","SUNPHARMA","SUN PHARMACEUTICALS IND.","10"
"19-MAY-2026","TATACHEM","TATA CHEMICALS LTD","15"
"19-MAY-2026","TCS","TATA CONSULTANCY SERV LT","1"
"19-MAY-2026","TECHM","TECH MAHINDRA LIMITED","16,181"
"19-MAY-2026","VEDL","VEDANTA LIMITED","1,01,318"
"19-MAY-2026","WEBELSOLAR","WEBSOL ENERGY SYSTEM LTD","16,756"
"19-MAY-2026","WIPRO","WIPRO LTD","100"
"20-MAY-2026","63MOONS","63 MOONS TECHNOLOGIES LTD","100"
"20-MAY-2026","ABCAPITAL","ADITYA BIRLA CAPITAL LIMITED","5"
"20-MAY-2026","ACUTAAS","ACUTAAS CHEMICALS LIMITED","900"
"20-MAY-2026","ADANIPOWER","ADANI POWER LTD","25"
"20-MAY-2026","APOLLO","APOLLO MICRO SYSTEMS LTD","1,538"
"20-MAY-2026","ASTRAMICRO","ASTRAMICRO","100"
"20-MAY-2026","AURIONPRO","AURIONPRO SOLN LTD","26,896"
"20-MAY-2026","BAJAJ-AUTO","BAJAJ AUTO LIMITED","1"
"20-MAY-2026","BANKBARODA","BANK OF BARODA","100"
"20-MAY-2026","BHEL","BHEL","110"
"20-MAY-2026","BIRLACORPN","BIRLA CORPORATION LTD","20"
"20-MAY-2026","BPCL","BHARAT PETROLEUM CORP  LT","10"
"20-MAY-2026","CGPOWER","CG POWER AND INDUSTRIAL SOLUTIONS LIMITED","33"
"20-MAY-2026","COCHINSHIP","COCHIN SHIPYARD LIMITED","20"
"20-MAY-2026","CUMMINSIND","CUMMINS INDIA LTD","23"
"20-MAY-2026","DIVISLAB","DIVI'S LABORATORIES LTD","1"
"20-MAY-2026","GAIL","GAIL (INDIA) LTD","50"
"20-MAY-2026","GMRAIRPORT","GMR AIRPORTS LIMITED","9"
"20-MAY-2026","GRASIM","GRASIM INDUSTRIES LTD","50"
"20-MAY-2026","GRINDWELL","GRINDWELL","234"
"20-MAY-2026","GROWW","BILLIONBRAINS GARAGE VN L","500"
"20-MAY-2026","HCLTECH","HCL TECHNOLOGIES LTD","1"
"20-MAY-2026","HFCL","HIMACHAL FUTURISTIC COMMUNICATIONS LIMITED","3"
"20-MAY-2026","HSCL","HIMADRI SPECIALITY CHEMICAL LIMITED","1"
"20-MAY-2026","IDEAFORGE","IDEAFORGE TECHNO LTD","1"
"20-MAY-2026","IGIL","INTERNATIO GEMM INS (I) L","184"
"20-MAY-2026","INDIANB","INDIAN BANK","100"
"20-MAY-2026","INFY","INFOSYS TECHNOLOGIES LTD","2,59,173"
"20-MAY-2026","INOXGREEN","INOX GREEN ENERGY SER LTD","1"
"20-MAY-2026","IOC","INDIAN OIL CORP LTD","10"
"20-MAY-2026","IREDA","INDIAN RENEWABLE ENERGY","10,350"
"20-MAY-2026","IRFC","IRFC","17,109"
"20-MAY-2026","JIOFIN","JIO FIN SERVICES LTD","7"
"20-MAY-2026","JUBLFOOD","JUBILANT FOODWORKS LTD","10"
"20-MAY-2026","KRN","KRN HEAT EXCHANGE N REF L","689"
"20-MAY-2026","LAURUSLABS","LAURUS LABS LIMITED","1"
"20-MAY-2026","LENSKART","LENSKART SOLUTIONS LTD","4,000"
"20-MAY-2026","LLOYDSENGG","LLOYDS ENGG WORK LIMITED","5"
"20-MAY-2026","M&M","MAHINDRA & MAHINDRA LTD","20"
"20-MAY-2026","MAHKTECH","MIRAEAMC - MAHKTECH","20"
"20-MAY-2026","MANINDS","MAN INDUSTRIES (I) LTD.  ","200"
"20-MAY-2026","MARUTI","MARUTI SUZUKI INDIA LTD.","5"
"20-MAY-2026","NATIONALUM","NATIONAL ALUMINIUM CO LTD","100"
"20-MAY-2026","NHPC","NHPC LTD","70,400"
"20-MAY-2026","NLCINDIA","NLC INDIA LIMITED","23"
"20-MAY-2026","OFSS","Oracle Financial Services Software Limited","1"
"20-MAY-2026","PGEL","PG ELECTROPLAST LTD","3"
"20-MAY-2026","PIIND","PI INDUSTRIES LTD        ","1,550"
"20-MAY-2026","PNB","PUNJAB NATIONAL BANK","1"
"20-MAY-2026","POLICYBZR","PB FINTECH LIMITED","2,741"
"20-MAY-2026","POWERINDIA","ABB POWER PRO N SYS IND L","38"
"20-MAY-2026","PRESTIGE","PRESTIGE ESTATES PROJECTS LIMITED","4"
"20-MAY-2026","RBLBANK","RBL BANK LIMITED    ","14"
"20-MAY-2026","SAGILITY","SAGILITY INDIA LIMITED","1"
"20-MAY-2026","SAMMAANCAP","SAMMAAN CAPITAL LIMITED","138"
"20-MAY-2026","SAREGAMA","SAREGAMA INDIA LIMITED","69"
"20-MAY-2026","SBIN","STATE BANK OF INDIA","13"
"20-MAY-2026","SHYAMMETL","SHYAM METALICS AND ENGY L","25"
"20-MAY-2026","SIEMENS","SIEMENS LTD","546"
"20-MAY-2026","SKYGOLD","SKY GOLD AND DIAMONDS LTD","861"
"20-MAY-2026","SOLARINDS","SOLAR INDUSTRIES (I) LTD","15"
"20-MAY-2026","SPARC","SUN PHARMA ADV.RES.CO.LTD","76"
"20-MAY-2026","TATAINVEST","TATA INVESTMENT CORPORATION LIMITED","5"
"20-MAY-2026","TCS","TATA CONSULTANCY SERV LT","62,314"
"20-MAY-2026","TECHM","TECH MAHINDRA LIMITED","13,780"
"20-MAY-2026","TIINDIA","TUBE INVEST OF INDIA LTD","439"
"20-MAY-2026","VEDL","VEDANTA LIMITED","6,862"
"20-MAY-2026","VIKRAMSOLR","VIKRAM SOLAR LIMITED","41"
"20-MAY-2026","VIYASH","VIYASH SCIENTIFIC LIMITED","100"
"20-MAY-2026","WABAG","VA TECH WABAG LTD        ","155"
"21-MAY-2026","ABB","ABB LTD.","125"
"21-MAY-2026","ADANIENT","ADANI ENTERPRISES LIMITED","5"
"21-MAY-2026","ADANIPOWER","ADANI POWER LTD","200"
"21-MAY-2026","APOLLO","APOLLO MICRO SYSTEMS LTD","15"
"21-MAY-2026","APOLLOHOSP","APOLLO HOSPITALS ENTERPRISE LIMITED","3"
"21-MAY-2026","ARVIND","ARVIND LIMITED","8"
"21-MAY-2026","ATGL","ADANI TOTAL GAS LIMITED","60"
"21-MAY-2026","AURIONPRO","AURIONPRO SOLN LTD","67"
"21-MAY-2026","AUROPHARMA","AUROBINDO PHARMA LTD","1,200"
"21-MAY-2026","AWL","ADANI WILMAR LIMITED","500"
"21-MAY-2026","BAJAJ-AUTO","BAJAJ AUTO LIMITED","3,102"
"21-MAY-2026","BAJFINANCE","BAJAJ FINANCE LIMITED","3"
"21-MAY-2026","BANKBARODA","BANK OF BARODA","560"
"21-MAY-2026","BDL","BHARAT DYNAMICS LIMITED","1,050"
"21-MAY-2026","BLACKBUCK","ZINKA LOGISTICS SOL LTD","5"
"21-MAY-2026","BSE","BSE LIMITED","5"
"21-MAY-2026","COCHINSHIP","COCHIN SHIPYARD LIMITED","2,000"
"21-MAY-2026","CUMMINSIND","CUMMINS INDIA LTD","10"
"21-MAY-2026","DBREALTY","D B REALTY LIMITED","50"
"21-MAY-2026","DEEPAKFERT","DEEPAK FERTILIZERS AND PETROCHEMICALS CORPORATION LIMITED","60"
"21-MAY-2026","DIVISLAB","DIVI'S LABORATORIES LTD","1"
"21-MAY-2026","EICHERMOT","EICHER MOTORS LIMITED","15"
"21-MAY-2026","ENGINERSIN","ENGINEERS INDIA LTD","1"
"21-MAY-2026","GMDCLTD","GUJARAT MINERAL DEV CORP","200"
"21-MAY-2026","GODFRYPHLP","GODFREY PHILLIPS INDIA LT","223"
"21-MAY-2026","GRASIM","GRASIM INDUSTRIES LTD","47"
"21-MAY-2026","GVT&D","GE VERNOVA T&D INDIA LTD","400"
"21-MAY-2026","HDBFS","HDB FINANCIAL SERVICES L","1"
"21-MAY-2026","HEG","HEG LIMITED","100"
"21-MAY-2026","HEROMOTOCO","HERO MOTOCORP LTD","10"
"21-MAY-2026","HFCL","HIMACHAL FUTURISTIC COMMUNICATIONS LIMITED","1,335"
"21-MAY-2026","HINDALCO","HINDALCO  INDUSTRIES  LTD","10"
"21-MAY-2026","HINDPETRO","HINDUSTAN PETROLEUM CORP","111"
"21-MAY-2026","HIRECT","HIND RECTIFIER LIMITED","1,000"
"21-MAY-2026","HONAUT","HONEYWELL AUTOMATION IND","2"
"21-MAY-2026","IDEAFORGE","IDEAFORGE TECHNO LTD","2"
"21-MAY-2026","INDIANB","INDIAN BANK","77"
"21-MAY-2026","INFY","INFOSYS TECHNOLOGIES LTD","1,81,125"
"21-MAY-2026","IREDA","INDIAN RENEWABLE ENERGY","10,350"
"21-MAY-2026","IRFC","IRFC","59,500"
"21-MAY-2026","J&KBANK","J & K BANK LTD.","3"
"21-MAY-2026","JAIBALAJI","JAI BALAJI INDUSTRIES LTD","1,000"
"21-MAY-2026","JSWCEMENT","JSW CEMENT LIMITED","17,251"
"21-MAY-2026","KAYNES","KAYNES TECHNOLOGY IND LTD","2"
"21-MAY-2026","KIRIINDUS","KIRIINDUS","690"
"21-MAY-2026","KRN","KRN HEAT EXCHANGE N REF L","387"
"21-MAY-2026","LUPIN","LUPIN LIMITED","10"
"21-MAY-2026","M&M","MAHINDRA & MAHINDRA LTD","42"
"21-MAY-2026","MANAPPURAM","MANAPPURAM FINANCE LTD","1"
"21-MAY-2026","MARATHON","MARATHON NXTGEN REALT LTD","121"
"21-MAY-2026","MODEFENCE","MOTILALAMC - MODEFENCE","5,000"
"21-MAY-2026","MON100","MOTILAL OS NASDAQ100 ETF","1"
"21-MAY-2026","MOREPENLAB","MOREPEN LAB. LTD         ","2,500"
"21-MAY-2026","MTARTECH","MTAR TECHNOLOGIES LIMITED","18"
"21-MAY-2026","NHPC","NHPC LTD","1,08,800"
"21-MAY-2026","NIFTY1","KOTAK NIFTY ETF","2"
"21-MAY-2026","OLAELEC","OLA ELECTRIC MOBILITY LTD","50"
"21-MAY-2026","PFOCUS","PRIME FOCUS LIMITED","240"
"21-MAY-2026","PGEL","PG ELECTROPLAST LTD","50"
"21-MAY-2026","PIIND","PI INDUSTRIES LTD        ","525"
"21-MAY-2026","PNBHOUSING","PNB HOUSING FIN LTD.   ","88"
"21-MAY-2026","POWERINDIA","ABB POWER PRO N SYS IND L","21"
"21-MAY-2026","PROTEAN","PROTEAN EGOV TECHNO LTD","11,155"
"21-MAY-2026","QPOWER","QUALITY POWER ELEC EQUP L","500"
"21-MAY-2026","RATEGAIN","RATEGAIN TRAVEL TECHN LTD","50"
"21-MAY-2026","RBLBANK","RBL BANK LIMITED    ","14"
"21-MAY-2026","SAIL","STEEL AUTHORITY OF INDIA","100"
"21-MAY-2026","SAMMAANCAP","SAMMAAN CAPITAL LIMITED","5"
"21-MAY-2026","SANGHVIMOV","SANGHVI MOVERS LTD","2"
"21-MAY-2026","SAPPHIRE","SAPPHIRE FOODS INDIA LTD","3"
"21-MAY-2026","SAREGAMA","SAREGAMA INDIA LIMITED","1"
"21-MAY-2026","SBIN","STATE BANK OF INDIA","25"
"21-MAY-2026","SPARC","SUN PHARMA ADV.RES.CO.LTD","55"
"21-MAY-2026","SUDEEPPHRM","SUDEEP PHARMA LIMITED","38"
"21-MAY-2026","SYNGENE","SYNGENE INTERNATIONAL LTD","150"
"21-MAY-2026","TATASTEEL","TATA STEEL LIMITED","63"
"21-MAY-2026","TCS","TATA CONSULTANCY SERV LT","1"
"21-MAY-2026","TECHM","TECH MAHINDRA LIMITED","14,999"
"21-MAY-2026","TEXRAIL","TEXMACO RAIL & ENG. LTD. ","150"
"21-MAY-2026","TIINDIA","TUBE INVEST OF INDIA LTD","28"
"21-MAY-2026","TORNTPHARM","TORRENT PHARMACEUTICALS L","250"
"21-MAY-2026","TRITURBINE","TRIVENI TURBINE LIMITED","1,000"
"21-MAY-2026","UNIONBANK","UNION BANK OF INDIA","2"
"21-MAY-2026","WEWORK","WEWORK INDIA MANAGEMENT L","30"
"21-MAY-2026","WHIRLPOOL","WHIRLPOOL OF INDIA LTD   ","1"
"22-MAY-2026","ABCAPITAL","ADITYA BIRLA CAPITAL LIMITED","25"
"22-MAY-2026","ADANIENT","ADANI ENTERPRISES LIMITED","50"
"22-MAY-2026","ANTHEM","ANTHEM BIOSCIENCES LTD","10"
"22-MAY-2026","ASTRAL","ASTRAL POLY TECHNIK LIMITED","40"
"22-MAY-2026","ATHERENERG","ATHER ENERGY LIMITED","1"
"22-MAY-2026","AUBANK","AU SMALL FINANCE BANK LIMITED","5"
"22-MAY-2026","AUROPHARMA","AUROBINDO PHARMA LTD","107"
"22-MAY-2026","BAJAJ-AUTO","BAJAJ AUTO LIMITED","375"
"22-MAY-2026","BHARATFORG","BHARAT FORGE LTD","2,308"
"22-MAY-2026","BIRLACORPN","BIRLA CORPORATION LTD","474"
"22-MAY-2026","CENTRALBK","CENTRAL BANK OF INDIA","43,32,170"
"22-MAY-2026","COALINDIA","COALINDIA","1"
"22-MAY-2026","COCHINSHIP","COCHIN SHIPYARD LIMITED","800"
"22-MAY-2026","DEEPAKFERT","DEEPAK FERTILIZERS AND PETROCHEMICALS CORPORATION LIMITED","103"
"22-MAY-2026","DLF","DLF LIMITED","88"
"22-MAY-2026","EICHERMOT","EICHER MOTORS LIMITED","1"
"22-MAY-2026","ELECON","ELECON ENG. CO. LTD","25"
"22-MAY-2026","GAIL","GAIL (INDIA) LTD","1,053"
"22-MAY-2026","GLAND","GLAND PHARMA LIMITED","10"
"22-MAY-2026","GMRAIRPORT","GMR AIRPORTS LIMITED","8"
"22-MAY-2026","HEROMOTOCO","HERO MOTOCORP LTD","4"
"22-MAY-2026","HFCL","HIMACHAL FUTURISTIC COMMUNICATIONS LIMITED","50"
"22-MAY-2026","HINDPETRO","HINDUSTAN PETROLEUM CORP","100"
"22-MAY-2026","HUDCO","HOUSING & URBAN DEVELOPMENT CORPORATION LIMITED","1"
"22-MAY-2026","ICICIPRULI","ICICI PRU LIFE INS CO LTD ","50"
"22-MAY-2026","IDEA","Vodafone Idea Limited","20"
"22-MAY-2026","IDEAFORGE","IDEAFORGE TECHNO LTD","2"
"22-MAY-2026","INDIGO","INTERGLOBE AVIATION LTD  ","5"
"22-MAY-2026","INFY","INFOSYS TECHNOLOGIES LTD","80,080"
"22-MAY-2026","JAINREC","JAIN RESOURCE RECYCLING L","1"
"22-MAY-2026","JIOFIN","JIO FIN SERVICES LTD","2,583"
"22-MAY-2026","JSWCEMENT","JSW CEMENT LIMITED","1"
"22-MAY-2026","JSWSTEEL","JSW STEEL LIMITED","27"
"22-MAY-2026","KAYNES","KAYNES TECHNOLOGY IND LTD","8"
"22-MAY-2026","KEI","KEI INDUSTRIES LTD.      ","6"
"22-MAY-2026","KIRLOSENG","KIRLOSENG","4"
"22-MAY-2026","LICI","LIFE INSURA CORP OF INDIA","50"
"22-MAY-2026","LUPIN","LUPIN LIMITED","850"
"22-MAY-2026","MAZDOCK","MAZAGON DOCK SHIPBUIL LTD","800"
"22-MAY-2026","MINDACORP","MINDA CORPORATION LIMITED","1"
"22-MAY-2026","MOBIKWIK","ONE MOBIKWIK SYSTEMS LTD","1"
"22-MAY-2026","MOTHERSON","SAMVRDHNA MTHRSN INT","715"
"22-MAY-2026","NAUKRI","INFO EDGE (I) LTD","10"
"22-MAY-2026","NHPC","NHPC LTD","1,98,400"
"22-MAY-2026","PGEL","PG ELECTROPLAST LTD","952"
"22-MAY-2026","PINELABS","PINE LABS LIMITED","2"
"22-MAY-2026","PNBHOUSING","PNB HOUSING FIN LTD.   ","2"
"22-MAY-2026","POCL","PONDY OXIDES & CHEM LTD","1"
"22-MAY-2026","POLYPLEX","POLYPLEX CORPORATION LTD","6"
"22-MAY-2026","PROTEAN","PROTEAN EGOV TECHNO LTD","443"
"22-MAY-2026","RATEGAIN","RATEGAIN TRAVEL TECHN LTD","37"
"22-MAY-2026","RPEL","RAGHAV PRODUCTIVITY ENH L","1,002"
"22-MAY-2026","SAIL","STEEL AUTHORITY OF INDIA","110"
"22-MAY-2026","SAMMAANCAP","SAMMAAN CAPITAL LIMITED","19,500"
"22-MAY-2026","SHRIRAMFIN","SHRIRAM FINANCE LIMITED","10"
"22-MAY-2026","SMLMAH","SML Mahindra Limited","100"
"22-MAY-2026","SPARC","SUN PHARMA ADV.RES.CO.LTD","25"
"22-MAY-2026","SUZLON","SUZLON ENERGY LIMITED","500"
"22-MAY-2026","SYRMA","SYRMA SGS TECHNOLOGY LTD","21"
"22-MAY-2026","TARIL","TRANS & RECTI. LTD","16"
"22-MAY-2026","TI","TILAKNAGAR INDUSTRIES LTD","12"
"22-MAY-2026","TRAVELFOOD","TRAVEL FOOD SERVICES LTD","1"
"22-MAY-2026","VEDL","VEDANTA LIMITED","9,000"
"22-MAY-2026","VENUSPIPES","VENUS PIPES & TUBES LTD","100"
"22-MAY-2026","WIPRO","WIPRO LTD","9,000"
"22-MAY-2026","YESBANK","YES BANK LIMITED","200"
"25-MAY-2026","ADANIENSOL","ADANI ENERGY SOLUTION LTD","2"
"25-MAY-2026","ADANIENT","ADANI ENTERPRISES LIMITED","103"
"25-MAY-2026","ADANIGREEN","ADANI GREEN ENERGY LTD","5"
"25-MAY-2026","ADANIPOWER","ADANI POWER LTD","101"
"25-MAY-2026","AMBER","AMBER ENTERPRISES (I) LTD","1"
"25-MAY-2026","APOLLO","APOLLO MICRO SYSTEMS LTD","2,000"
"25-MAY-2026","APOLLOHOSP","APOLLO HOSPITALS ENTERPRISE LIMITED","36"
"25-MAY-2026","ASIANPAINT","ASIAN PAINTS LIMITED","10"
"25-MAY-2026","ASTRAL","ASTRAL POLY TECHNIK LIMITED","1"
"25-MAY-2026","ASTRAMICRO","ASTRAMICRO","64"
"25-MAY-2026","ATGL","ADANI TOTAL GAS LIMITED","10"
"25-MAY-2026","AUROPHARMA","AUROBINDO PHARMA LTD","1"
"25-MAY-2026","AWL","ADANI WILMAR LIMITED","500"
"25-MAY-2026","AXISBANK","AXIS BANK LIMITED","20"
"25-MAY-2026","BAJAJ-AUTO","BAJAJ AUTO LIMITED","3,225"
"25-MAY-2026","BAJAJHLDNG","BAJAJ HOLDINGS & INVS LTD","16"
"25-MAY-2026","BAJFINANCE","BAJAJ FINANCE LIMITED","4"
"25-MAY-2026","BANDHANBNK","BANDHAN BANK LIMITED","50"
"25-MAY-2026","BANKINDIA","BANK OF INDIA","40"
"25-MAY-2026","BDL","BHARAT DYNAMICS LIMITED","700"
"25-MAY-2026","BEL","BHARAT ELECTRONICS LTD","285"
"25-MAY-2026","BHEL","BHEL","565"
"25-MAY-2026","BLS","BLS INTL SERVS LTD","2"
"25-MAY-2026","BPCL","BHARAT PETROLEUM CORP  LT","527"
"25-MAY-2026","BSE","BSE LIMITED","60"
"25-MAY-2026","CANBK","CANARA BANK","2,907"
"25-MAY-2026","CENTUM","CENTUM ELECTRONICS LTD","1"
"25-MAY-2026","CESC","CESC LTD","200"
"25-MAY-2026","DATAPATTNS","DATA PATTERNS INDIA LTD","101"
"25-MAY-2026","EICHERMOT","EICHER MOTORS LIMITED","2"
"25-MAY-2026","EMMVEE","EMMVEE PHOTOVOLTAIC PWR L","78,440"
"25-MAY-2026","ENGINERSIN","ENGINEERS INDIA LTD","100"
"25-MAY-2026","FEDERALBNK","FEDERAL BANK LTD","4"
"25-MAY-2026","FINCABLES","FINOLEX CABLES LTD","100"
"25-MAY-2026","FSL","FIRSTSOURCE SOLU. LTD.","9"
"25-MAY-2026","GAIL","GAIL (INDIA) LTD","870"
"25-MAY-2026","GLENMARK","GLENMARK PHARMACEUTICALS LIMITED","2"
"25-MAY-2026","GNFC","GUJARAT NARMADA FERT. CO","50"
"25-MAY-2026","HAL","HINDUSTAN AERONAUTICS LTD","5"
"25-MAY-2026","HDFCBANK","HDFC BANK LTD","15"
"25-MAY-2026","HEROMOTOCO","HERO MOTOCORP LTD","11"
"25-MAY-2026","HFCL","HIMACHAL FUTURISTIC COMMUNICATIONS LIMITED","3,85,377"
"25-MAY-2026","ICICIBANK","ICICI BANK LTD.","6"
"25-MAY-2026","IDEA","Vodafone Idea Limited","25,000"
"25-MAY-2026","INDIANB","INDIAN BANK","200"
"25-MAY-2026","INDIGO","INTERGLOBE AVIATION LTD  ","7"
"25-MAY-2026","INDUSINDBK","INDUSIND BANK LIMITED","15"
"25-MAY-2026","INFY","INFOSYS TECHNOLOGIES LTD","29,461"
"25-MAY-2026","JSLL","JEENA SIKHO LIFECARE LTD","30"
"25-MAY-2026","JSWCEMENT","JSW CEMENT LIMITED","2"
"25-MAY-2026","JSWSTEEL","JSW STEEL LIMITED","12"
"25-MAY-2026","KAYNES","KAYNES TECHNOLOGY IND LTD","2"
"25-MAY-2026","KEI","KEI INDUSTRIES LTD.      ","2"
"25-MAY-2026","KFINTECH","KFIN TECHNOLOGIES LIMITED","25"
"25-MAY-2026","LT","LARSEN & TOUBRO LTD.","65"
"25-MAY-2026","M&M","MAHINDRA & MAHINDRA LTD","5,095"
"25-MAY-2026","MANORAMA","MANORAMA INDUSTRIES LTD","56"
"25-MAY-2026","MARUTI","MARUTI SUZUKI INDIA LTD.","18"
"25-MAY-2026","MAZDOCK","MAZAGON DOCK SHIPBUIL LTD","600"
"25-MAY-2026","MCX","MULTI COMMODITY EXCHANGE OF INDIA LIMITED","3"
"25-MAY-2026","NATIONALUM","NATIONAL ALUMINIUM CO LTD","95,098"
"25-MAY-2026","NBCC","NATIONAL BUILDINGS LTD   ","10"
"25-MAY-2026","NIFTYBEES","GOLDMAN SACHS NIFTY EXCHANGE TRADED SCHEME","10,395"
"25-MAY-2026","OFSS","Oracle Financial Services Software Limited","6"
"25-MAY-2026","ONGC","OIL AND NATURAL GAS CORP.","210"
"25-MAY-2026","PGEL","PG ELECTROPLAST LTD","1,900"
"25-MAY-2026","PINELABS","PINE LABS LIMITED","2"
"25-MAY-2026","PNB","PUNJAB NATIONAL BANK","5,380"
"25-MAY-2026","POLICYBZR","PB FINTECH LIMITED","43"
"25-MAY-2026","PREMEXPLN","PREMIER EXPLOSIVES LTD","91,835"
"25-MAY-2026","QPOWER","QUALITY POWER ELEC EQUP L","4"
"25-MAY-2026","RAIN","RAIN INDUSTRIES LIMITED","485"
"25-MAY-2026","RAYMONDREL","RAYMOND REALTY LIMITED","15,498"
"25-MAY-2026","RBLBANK","RBL BANK LIMITED    ","960"
"25-MAY-2026","RECLTD","RURAL ELEC CORP. LTD.","100"
"25-MAY-2026","RELIGARE","RELIGARE ENTERPRISES LIMITED","2"
"25-MAY-2026","RPOWER","RELIANCE POWER LTD.","80"
"25-MAY-2026","RVNL","RVNL","6,101"
"25-MAY-2026","SAMMAANCAP","SAMMAAN CAPITAL LIMITED","3"
"25-MAY-2026","SHILPAMED","SHILPA MEDICARE LTD","1"
"25-MAY-2026","SHRIRAMFIN","SHRIRAM FINANCE LIMITED","2"
"25-MAY-2026","SHYAMMETL","SHYAM METALICS AND ENGY L","1"
"25-MAY-2026","SOLARINDS","SOLAR INDUSTRIES (I) LTD","25"
"25-MAY-2026","SPARC","SUN PHARMA ADV.RES.CO.LTD","150"
"25-MAY-2026","SRF","SRF LTD","3"
"25-MAY-2026","SUZLON","SUZLON ENERGY LIMITED","2"
"25-MAY-2026","TATATECH","TATA TECHNOLOGIES LIMITED","821"
"25-MAY-2026","TORNTPHARM","TORRENT PHARMACEUTICALS L","1"
"25-MAY-2026","TORNTPOWER","TORRENT POWER LTD","197"
"25-MAY-2026","UPL","UPL LIMITED","59"
"25-MAY-2026","WEBELSOLAR","WEBSOL ENERGY SYSTEM LTD","10"
"25-MAY-2026","WIPRO","WIPRO LTD","50"
"26-MAY-2026","360ONE","360 ONE WAM LIMITED","999"
"26-MAY-2026","ABB","ABB LTD.","375"
"26-MAY-2026","ABCAPITAL","ADITYA BIRLA CAPITAL LIMITED","6,200"
"26-MAY-2026","ADANIENSOL","ADANI ENERGY SOLUTION LTD","3,375"
"26-MAY-2026","ADANIENT","ADANI ENTERPRISES LIMITED","21,935"
"26-MAY-2026","ADANIGREEN","ADANI GREEN ENERGY LTD","4,232"
"26-MAY-2026","ADANIPORTS","ADANI PORT & SEZ LTD","16,605"
"26-MAY-2026","ADANIPOWER","ADANI POWER LTD","71,133"
"26-MAY-2026","ALKEM","ALKEM LABORATORIES LTD.","375"
"26-MAY-2026","AMBER","AMBER ENTERPRISES (I) LTD","800"
"26-MAY-2026","AMBUJACEM","AMBUJA CEMENTS LTD","1,050"
"26-MAY-2026","ANGELONE","ANGEL ONE LTD","27,501"
"26-MAY-2026","ANURAS","ANUPAM RASAYAN INDIA LTD","370"
"26-MAY-2026","APLAPOLLO","APL APOLLO TUBES LTD","351"
"26-MAY-2026","APOLLOHOSP","APOLLO HOSPITALS ENTERPRISE LIMITED","527"
"26-MAY-2026","ARVINDFASN","ARVIND FASHIONS LIMITED","300"
"26-MAY-2026","ASHOKLEY","ASHOK LEYLAND LTD","25,000"
"26-MAY-2026","ASIANPAINT","ASIAN PAINTS LIMITED","3,040"
"26-MAY-2026","ASTRAL","ASTRAL POLY TECHNIK LIMITED","4,775"
"26-MAY-2026","ASTRAMICRO","ASTRAMICRO","250"
"26-MAY-2026","ATGL","ADANI TOTAL GAS LIMITED","20"
"26-MAY-2026","ATHERENERG","ATHER ENERGY LIMITED","200"
"26-MAY-2026","AUBANK","AU SMALL FINANCE BANK LIMITED","5,000"
"26-MAY-2026","AUROPHARMA","AUROBINDO PHARMA LTD","1,100"
"26-MAY-2026","AWL","ADANI WILMAR LIMITED","500"
"26-MAY-2026","AXISBANK","AXIS BANK LIMITED","3,125"
"26-MAY-2026","BAJAJ-AUTO","BAJAJ AUTO LIMITED","2,249"
"26-MAY-2026","BAJAJFINSV","BAJAJ FINSERV LIMITED","1,280"
"26-MAY-2026","BAJAJHLDNG","BAJAJ HOLDINGS & INVS LTD","100"
"26-MAY-2026","BAJFINANCE","BAJAJ FINANCE LIMITED","3,000"
"26-MAY-2026","BANDHANBNK","BANDHAN BANK LIMITED","7,200"
"26-MAY-2026","BANKBARODA","BANK OF BARODA","2,925"
"26-MAY-2026","BANKINDIA","BANK OF INDIA","5,235"
"26-MAY-2026","BAYERCROP","BAYER CROPSCIENCE LTD    ","57"
"26-MAY-2026","BBOX","BLACK BOX LIMITED","2"
"26-MAY-2026","BDL","BHARAT DYNAMICS LIMITED","300"
"26-MAY-2026","BEL","BHARAT ELECTRONICS LTD","6,650"
"26-MAY-2026","BHARATFORG","BHARAT FORGE LTD","6,099"
"26-MAY-2026","BHARTIARTL","BHARTI AIRTEL LIMITED","3,800"
"26-MAY-2026","BHEL","BHEL","51,899"
"26-MAY-2026","BIOCON","BIOCON LIMITED.","60,050"
"26-MAY-2026","BLUESTARCO","BLUE STAR LIMITED","2,489"
"26-MAY-2026","BOSCHLTD","BOSCH LIMITED","25"
"26-MAY-2026","BPCL","BHARAT PETROLEUM CORP  LT","15,800"
"26-MAY-2026","BRITANNIA","BRITANNIA INDUSTRIES LIMITED","1,250"
"26-MAY-2026","BSE","BSE LIMITED","20,693"
"26-MAY-2026","CAMS","COMPUTER AGE MGMT SER LTD","1,500"
"26-MAY-2026","CANBK","CANARA BANK","6,751"
"26-MAY-2026","CANHLIFE","CANARA HSBC LIFE INS CO L","50"
"26-MAY-2026","CDSL","CENTRAL DEPOSITORY SERVICES (INDIA) LIMITED","9,927"
"26-MAY-2026","CENTRALBK","CENTRAL BANK OF INDIA","1,00,000"
"26-MAY-2026","CGCL","CGCL","10"
"26-MAY-2026","CGPOWER","CG POWER AND INDUSTRIAL SOLUTIONS LIMITED","9,300"
"26-MAY-2026","CHOLAFIN","CHOLAMANDALAM IN & FIN CO","625"
"26-MAY-2026","CIPLA","CIPLA LTD","7,500"
"26-MAY-2026","COALINDIA","COALINDIA","37,800"
"26-MAY-2026","COCHINSHIP","COCHIN SHIPYARD LIMITED","800"
"26-MAY-2026","COFORGE","COFORGE LIMITED","13,125"
"26-MAY-2026","COLPAL","COLGATE PALMOLIVE LTD.","184"
"26-MAY-2026","COMMOIETF","ICICIPRAMC - ICICICOMMO","1,465"
"26-MAY-2026","CROMPTON","CROMPT GREA CON ELEC LTD  ","1,800"
"26-MAY-2026","CUMMINSIND","CUMMINS INDIA LTD","200"
"26-MAY-2026","DABUR","DABUR INDIA LTD","5,000"
"26-MAY-2026","DALBHARAT","DALMIA BHARAT LIMITED","325"
"26-MAY-2026","DEEPAKFERT","DEEPAK FERTILIZERS AND PETROCHEMICALS CORPORATION LIMITED","100"
"26-MAY-2026","DELHIVERY","DELHIVERY LIMITED","23,492"
"26-MAY-2026","DIVISLAB","DIVI'S LABORATORIES LTD","200"
"26-MAY-2026","DIXON","DIXON TECHNO (INDIA) LTD","2,700"
"26-MAY-2026","DLF","DLF LIMITED","4,278"
"26-MAY-2026","DMART","AVENUE SUPERMARTS LIMITED","450"
"26-MAY-2026","DRREDDY","DR. REDDY'S LABORATORIES","5,625"
"26-MAY-2026","EICHERMOT","EICHER MOTORS LIMITED","600"
"26-MAY-2026","EIDPARRY","EID PARRY INDIA LTD","200"
"26-MAY-2026","EMMVEE","EMMVEE PHOTOVOLTAIC PWR L","4"
"26-MAY-2026","ETERNAL","ETERNAL LIMITED","4,850"
"26-MAY-2026","EXIDEIND","EXIDE INDUSTRIES LTD","73,814"
"26-MAY-2026","FEDERALBNK","FEDERAL BANK LTD","27,500"
"26-MAY-2026","FORTIS","FORTIS HEALTHCARE (I) LTD","775"
"26-MAY-2026","GAIL","GAIL (INDIA) LTD","1,22,250"
"26-MAY-2026","GLENMARK","GLENMARK PHARMACEUTICALS LIMITED","1,875"
"26-MAY-2026","GMDCLTD","GUJARAT MINERAL DEV CORP","807"
"26-MAY-2026","GMRAIRPORT","GMR AIRPORTS LIMITED","41,850"
"26-MAY-2026","GODFRYPHLP","GODFREY PHILLIPS INDIA LT","6,907"
"26-MAY-2026","GODREJCP","GODREJ CONSUMER PRODUCTS LIMITED","1,000"
"26-MAY-2026","GRASIM","GRASIM INDUSTRIES LTD","3,250"
"26-MAY-2026","GREAVESCOT","GREAVES COTTON LTD","6,000"
"26-MAY-2026","HAL","HINDUSTAN AERONAUTICS LTD","2,061"
"26-MAY-2026","HAVELLS","HAVELLS INDIA LIMITED","2,000"
"26-MAY-2026","HCLTECH","HCL TECHNOLOGIES LTD","3,526"
"26-MAY-2026","HDFCAMC","HDFC AMC LIMITED","900"
"26-MAY-2026","HDFCBANK","HDFC BANK LTD","35,988"
"26-MAY-2026","HDFCLIFE","HDFC STANDARD LIFE INSURANCE COMPANY LIMITED","1,100"
"26-MAY-2026","HEROMOTOCO","HERO MOTOCORP LTD","5"
"26-MAY-2026","HFCL","HIMACHAL FUTURISTIC COMMUNICATIONS LIMITED","440"
"26-MAY-2026","HINDALCO","HINDALCO  INDUSTRIES  LTD","11,900"
"26-MAY-2026","HINDPETRO","HINDUSTAN PETROLEUM CORP","6,075"
"26-MAY-2026","HINDUNILVR","HINDUSTAN UNILEVER LTD.","900"
"26-MAY-2026","HINDZINC","HINDUSTAN ZINC LIMITED","2,810"
"26-MAY-2026","HUDCO","HOUSING & URBAN DEVELOPMENT CORPORATION LIMITED","1"
"26-MAY-2026","HYUNDAI","HYUNDAI MOTOR INDIA LTD","532"
"26-MAY-2026","ICICIBANK","ICICI BANK LTD.","3,500"
"26-MAY-2026","ICICIGI","ICICI LOMBARD GENERAL INSURANCE COMPANY LIMITED","3,569"
"26-MAY-2026","IDEA","Vodafone Idea Limited","9,43,810"
"26-MAY-2026","IDEAFORGE","IDEAFORGE TECHNO LTD","117"
"26-MAY-2026","IDFCFIRSTB","IDFC FIRST BANK LIMI","74,698"
"26-MAY-2026","IEX","INDIAN ENERGY EXCHANGE LIMITED","49,500"
"26-MAY-2026","INDHOTEL","THE INDIAN HOTELS CO. LTD","1,000"
"26-MAY-2026","INDIANB","INDIAN BANK","1,000"
"26-MAY-2026","INDIGO","INTERGLOBE AVIATION LTD  ","3,002"
"26-MAY-2026","INDUSINDBK","INDUSIND BANK LIMITED","3,700"
"26-MAY-2026","INDUSTOWER","INDUS","100"
"26-MAY-2026","INFY","INFOSYS TECHNOLOGIES LTD","6,720"
"26-MAY-2026","INOXWIND","INOX WIND LIMITED        ","10,725"
"26-MAY-2026","IOC","INDIAN OIL CORP LTD","35,640"
"26-MAY-2026","IRCON","IRCON","10"
"26-MAY-2026","IREDA","INDIAN RENEWABLE ENERGY","3,450"
"26-MAY-2026","IRFC","IRFC","6,301"
"26-MAY-2026","ITI","ITI LTD","7,000"
"26-MAY-2026","JINDALSTEL","JINDAL STEEL & POWER LTD","1,249"
"26-MAY-2026","JIOFIN","JIO FIN SERVICES LTD","16,495"
"26-MAY-2026","JSLL","JEENA SIKHO LIFECARE LTD","30"
"26-MAY-2026","JSWCEMENT","JSW CEMENT LIMITED","75"
"26-MAY-2026","JSWENERGY","JSW ENERGY LIMITED","4,000"
"26-MAY-2026","JSWSTEEL","JSW STEEL LIMITED","675"
"26-MAY-2026","JUBLFOOD","JUBILANT FOODWORKS LTD","3,750"
"26-MAY-2026","KALYANKJIL","KALYAN JEWELLERS IND LTD","10,574"
"26-MAY-2026","KAYNES","KAYNES TECHNOLOGY IND LTD","400"
"26-MAY-2026","KEI","KEI INDUSTRIES LTD.      ","1,750"
"26-MAY-2026","KFINTECH","KFIN TECHNOLOGIES LIMITED","1,000"
"26-MAY-2026","KPITTECH","KPIT TECHNOLOGIES LTD","850"
"26-MAY-2026","KTKBANK","KARNATAKA BANK LIMITED","1,450"
"26-MAY-2026","LAURUSLABS","LAURUS LABS LIMITED","19,550"
"26-MAY-2026","LENSKART","LENSKART SOLUTIONS LTD","250"
"26-MAY-2026","LODHA","LODHA","6,300"
"26-MAY-2026","LT","LARSEN & TOUBRO LTD.","4,025"
"26-MAY-2026","LTF","L&T FINANCE LIMITED","8,999"
"26-MAY-2026","LTM","LTIMINDTREE LIMITED","300"
"26-MAY-2026","LUPIN","LUPIN LIMITED","1,275"
"26-MAY-2026","M&M","MAHINDRA & MAHINDRA LTD","600"
"26-MAY-2026","MAHKTECH","MIRAEAMC - MAHKTECH","4"
"26-MAY-2026","MANAPPURAM","MANAPPURAM FINANCE LTD","21,025"
"26-MAY-2026","MANINDS","MAN INDUSTRIES (I) LTD.  ","100"
"26-MAY-2026","MARICO","MARICO LIMITED","43,200"
"26-MAY-2026","MARUTI","MARUTI SUZUKI INDIA LTD.","295"
"26-MAY-2026","MAXHEALTH","MAX HEALTHCARE INS LTD","525"
"26-MAY-2026","MAZDOCK","MAZAGON DOCK SHIPBUIL LTD","4,800"
"26-MAY-2026","MCX","MULTI COMMODITY EXCHANGE OF INDIA LIMITED","2,503"
"26-MAY-2026","MFSL","MAX FINANCIAL SERV LTD","2,000"
"26-MAY-2026","MOTHERSON","SAMVRDHNA MTHRSN INT","54,602"
"26-MAY-2026","MOTILALOFS","MOTILAL OSWAL FIN LTD   ","1,550"
"26-MAY-2026","MPHASIS","MPHASIS LIMITED","5,750"
"26-MAY-2026","NAM-INDIA","NIPPON L I A M LTD","625"
"26-MAY-2026","NATIONALUM","NATIONAL ALUMINIUM CO LTD","16,629"
"26-MAY-2026","NAUKRI","INFO EDGE (I) LTD","1,125"
"26-MAY-2026","NBCC","NATIONAL BUILDINGS LTD   ","13,000"
"26-MAY-2026","NESTLEIND","NESTLE INDIA LIMITED","2,500"
"26-MAY-2026","NHPC","NHPC LTD","19,200"
"26-MAY-2026","NLCINDIA","NLC INDIA LIMITED","31"
"26-MAY-2026","NMDC","NMDC LTD.","150"
"26-MAY-2026","NTPC","NTPC LTD","1,80,507"
"26-MAY-2026","NUVAMA","NUVAMA WEALTH MANAGE LTD","1,500"
"26-MAY-2026","NYKAA","FSN E COMMERCE VENTURES","6,250"
"26-MAY-2026","OBEROIRLTY","OBEROI REALTY LIMITED","2,100"
"26-MAY-2026","OFSS","Oracle Financial Services Software Limited","1,901"
"26-MAY-2026","OIL","OIL INDIA LTD","7,000"
"26-MAY-2026","ONGC","OIL AND NATURAL GAS CORP.","9,000"
"26-MAY-2026","PAYTM","ONE 97 COMMUNICATIONS LTD","5,825"
"26-MAY-2026","PCJEWELLER","PC JEWELLER LTD          ","5,776"
"26-MAY-2026","PERSISTENT","PERSISTENT SYSTEMS LTD","1,001"
"26-MAY-2026","PETRONET","PETRONET LNG LIMITED","23,960"
"26-MAY-2026","PFC","POWER FIN CORP LTD.","3,900"
"26-MAY-2026","PFOCUS","PRIME FOCUS LIMITED","150"
"26-MAY-2026","PGEL","PG ELECTROPLAST LTD","2,850"
"26-MAY-2026","PHOENIXLTD","THE PHOENIX MILLS LIMITED","700"
"26-MAY-2026","PIDILITIND","PIDILITE INDUSTRIES LIMITED","124"
"26-MAY-2026","PIIND","PI INDUSTRIES LTD        ","350"
"26-MAY-2026","PNB","PUNJAB NATIONAL BANK","39,940"
"26-MAY-2026","PNBHOUSING","PNB HOUSING FIN LTD.   ","8,450"
"26-MAY-2026","POCL","PONDY OXIDES & CHEM LTD","10"
"26-MAY-2026","POLICYBZR","PB FINTECH LIMITED","700"
"26-MAY-2026","POLYCAB","POLYCAB INDIA LIMITED","6,600"
"26-MAY-2026","POWERGRID","POWER GRID CORP. LTD.","1,900"
"26-MAY-2026","POWERINDIA","ABB POWER PRO N SYS IND L","152"
"26-MAY-2026","PREMEXPLN","PREMIER EXPLOSIVES LTD","1,410"
"26-MAY-2026","PREMIERENE","PREMIER ENERGIES LIMITED","1,254"
"26-MAY-2026","QPOWER","QUALITY POWER ELEC EQUP L","477"
"26-MAY-2026","RAYMOND","RAYMOND LIMITED","3"
"26-MAY-2026","RBLBANK","RBL BANK LIMITED    ","10"
"26-MAY-2026","RECLTD","RURAL ELEC CORP. LTD.","4,200"
"26-MAY-2026","REFEX","REFEX INDUSTRIES LIMITED","778"
"26-MAY-2026","RELIANCE","RELIANCE INDUSTRIES LTD","5,070"
"26-MAY-2026","RPOWER","RELIANCE POWER LTD.","80"
"26-MAY-2026","RVNL","RVNL","16,427"
"26-MAY-2026","SAIL","STEEL AUTHORITY OF INDIA","101"
"26-MAY-2026","SAMMAANCAP","SAMMAAN CAPITAL LIMITED","12,908"
"26-MAY-2026","SBICARD","SBI CARDS & PAY SER LTD","1,600"
"26-MAY-2026","SBIN","STATE BANK OF INDIA","10,499"
"26-MAY-2026","SHREECEM","SHREE CEMENTS LTD","195"
"26-MAY-2026","SHRIRAMFIN","SHRIRAM FINANCE LIMITED","825"
"26-MAY-2026","SIEMENS","SIEMENS LTD","2,975"
"26-MAY-2026","SOLARINDS","SOLAR INDUSTRIES (I) LTD","950"
"26-MAY-2026","SPARC","SUN PHARMA ADV.RES.CO.LTD","25,230"
"26-MAY-2026","SRF","SRF LTD","3,000"
"26-MAY-2026","SUNPHARMA","SUN PHARMACEUTICALS IND.","4,900"
"26-MAY-2026","SUPREMEIND","SUPREME INDUSTRIES LTD","175"
"26-MAY-2026","SUZLON","SUZLON ENERGY LIMITED","4,04,483"
"26-MAY-2026","SWIGGY","SWIGGY LIMITED","7,800"
"26-MAY-2026","TATACAP","TATA CAPITAL LIMITED","100"
"26-MAY-2026","TATACHEM","TATA CHEMICALS LTD","10"
"26-MAY-2026","TATAELXSI","TATA ELXSI LIMITED       ","495"
"26-MAY-2026","TATAPOWER","TATA POWER CO LTD","8,827"
"26-MAY-2026","TATASTEEL","TATA STEEL LIMITED","30,233"
"26-MAY-2026","TCS","TATA CONSULTANCY SERV LT","1,923"
"26-MAY-2026","TECHM","TECH MAHINDRA LIMITED","5,400"
"26-MAY-2026","TIINDIA","TUBE INVEST OF INDIA LTD","400"
"26-MAY-2026","TITAN","TITAN INDUSTRIES LTD","1,925"
"26-MAY-2026","TMPV","TATA MOTORS PASS VEH LTD","1,97,046"
"26-MAY-2026","TORNTPHARM","TORRENT PHARMACEUTICALS L","750"
"26-MAY-2026","TRENT","TRENT LIMITED","2,200"
"26-MAY-2026","ULTRACEMCO","ULTRATECH CEMENT LIMITED","350"
"26-MAY-2026","UNIONBANK","UNION BANK OF INDIA","4,425"
"26-MAY-2026","UNITDSPR","UNITED SPIRITS LIMITED","400"
"26-MAY-2026","UPL","UPL LIMITED","1,380"
"26-MAY-2026","VBL","VARUN BEVERAGES LIMITED    ","4,458"
"26-MAY-2026","VEDL","VEDANTA LIMITED","91,400"
"26-MAY-2026","VOLTAS","VOLTAS LTD","23,973"
"26-MAY-2026","WAAREEENER","WAAREE ENERGIES LIMITED","691"
"26-MAY-2026","WOCKPHARMA","WOCKHARDT LIMITED","18"
"26-MAY-2026","YESBANK","YES BANK LIMITED","4,76,603"
"27-MAY-2026","ABCAPITAL","ADITYA BIRLA CAPITAL LIMITED","173"
"27-MAY-2026","ADANIENSOL","ADANI ENERGY SOLUTION LTD","87"
"27-MAY-2026","ADANIENT","ADANI ENTERPRISES LIMITED","555"
"27-MAY-2026","ADANIGREEN","ADANI GREEN ENERGY LTD","2,397"
"27-MAY-2026","ADANIPORTS","ADANI PORT & SEZ LTD","1,123"
"27-MAY-2026","ADANIPOWER","ADANI POWER LTD","3,418"
"27-MAY-2026","ALKEM","ALKEM LABORATORIES LTD.","76"
"27-MAY-2026","AMBER","AMBER ENTERPRISES (I) LTD","281"
"27-MAY-2026","AMBUJACEM","AMBUJA CEMENTS LTD","102"
"27-MAY-2026","ANGELONE","ANGEL ONE LTD","207"
"27-MAY-2026","APLAPOLLO","APL APOLLO TUBES LTD","90"
"27-MAY-2026","APOLLO","APOLLO MICRO SYSTEMS LTD","8,000"
"27-MAY-2026","ASHOKLEY","ASHOK LEYLAND LTD","800"
"27-MAY-2026","ASIANPAINT","ASIAN PAINTS LIMITED","23"
"27-MAY-2026","ASTRAL","ASTRAL POLY TECHNIK LIMITED","20"
"27-MAY-2026","ASTRAMICRO","ASTRAMICRO","50"
"27-MAY-2026","AXISBANK","AXIS BANK LIMITED","731"
"27-MAY-2026","BANDHANBNK","BANDHAN BANK LIMITED","100"
"27-MAY-2026","BBOX","BLACK BOX LIMITED","2"
"27-MAY-2026","BEL","BHARAT ELECTRONICS LTD","925"
"27-MAY-2026","BELRISE","BELRISE INDUSTRIES LTD","50"
"27-MAY-2026","BHEL","BHEL","5,532"
"27-MAY-2026","BIOCON","BIOCON LIMITED.","3,419"
"27-MAY-2026","BPCL","BHARAT PETROLEUM CORP  LT","3,834"
"27-MAY-2026","BRITANNIA","BRITANNIA INDUSTRIES LIMITED","235"
"27-MAY-2026","BSE","BSE LIMITED","379"
"27-MAY-2026","CAMLINFINE","CAMLIN FINE SCIENCES LTD ","1,000"
"27-MAY-2026","CAMPUS","CAMPUS ACTIVEWEAR LIMITED","25"
"27-MAY-2026","CAMS","COMPUTER AGE MGMT SER LTD","100"
"27-MAY-2026","CANBK","CANARA BANK","1,367"
"27-MAY-2026","CARYSIL","CARYSIL LIMITED","25"
"27-MAY-2026","CDSL","CENTRAL DEPOSITORY SERVICES (INDIA) LIMITED","190"
"27-MAY-2026","CGPOWER","CG POWER AND INDUSTRIAL SOLUTIONS LIMITED","1,212"
"27-MAY-2026","CHENNPETRO","CHENNAI PETROLEUM CORP LT","1"
"27-MAY-2026","CIPLA","CIPLA LTD","915"
"27-MAY-2026","COALINDIA","COALINDIA","90,68,275"
"27-MAY-2026","COFORGE","COFORGE LIMITED","409"
"27-MAY-2026","COLPAL","COLGATE PALMOLIVE LTD.","10"
"27-MAY-2026","CUMMINSIND","CUMMINS INDIA LTD","63"
"27-MAY-2026","DABUR","DABUR INDIA LTD","18"
"27-MAY-2026","DIXON","DIXON TECHNO (INDIA) LTD","68"
"27-MAY-2026","DLF","DLF LIMITED","287"
"27-MAY-2026","DRREDDY","DR. REDDY'S LABORATORIES","37"
"27-MAY-2026","EFCIL","EFC (I) LIMITED","1"
"27-MAY-2026","EICHERMOT","EICHER MOTORS LIMITED","50"
"27-MAY-2026","EMMVEE","EMMVEE PHOTOVOLTAIC PWR L","1,802"
"27-MAY-2026","ENRIN","SIEMENS ENERGY INDIA LTD","30"
"27-MAY-2026","ETERNAL","ETERNAL LIMITED","2"
"27-MAY-2026","EXIDEIND","EXIDE INDUSTRIES LTD","7,081"
"27-MAY-2026","FEDERALBNK","FEDERAL BANK LTD","11"
"27-MAY-2026","GAIL","GAIL (INDIA) LTD","1,901"
"27-MAY-2026","GODFRYPHLP","GODFREY PHILLIPS INDIA LT","20"
"27-MAY-2026","GODREJAGRO","GODREJ AGROVET LIMITED","60"
"27-MAY-2026","GOLDIAM","GOLDIAM INTERNATIONAL LTD","50"
"27-MAY-2026","GRASIM","GRASIM INDUSTRIES LTD","1"
"27-MAY-2026","HAVELLS","HAVELLS INDIA LIMITED","129"
"27-MAY-2026","HDFCBANK","HDFC BANK LTD","2,220"
"27-MAY-2026","HDFCLIFE","HDFC STANDARD LIFE INSURANCE COMPANY LIMITED","230"
"27-MAY-2026","HEROMOTOCO","HERO MOTOCORP LTD","1"
"27-MAY-2026","HINDALCO","HINDALCO  INDUSTRIES  LTD","2,996"
"27-MAY-2026","HYUNDAI","HYUNDAI MOTOR INDIA LTD","100"
"27-MAY-2026","ICICIBANK","ICICI BANK LTD.","158"
"27-MAY-2026","IDEA","Vodafone Idea Limited","6,317"
"27-MAY-2026","IDEAFORGE","IDEAFORGE TECHNO LTD","150"
"27-MAY-2026","IDFCFIRSTB","IDFC FIRST BANK LIMI","9,597"
"27-MAY-2026","IFCI","IFCI LTD","500"
"27-MAY-2026","IIFLCAPS","IIFL CAPITAL SERVICES LTD","150"
"27-MAY-2026","INDIGO","INTERGLOBE AVIATION LTD  ","218"
"27-MAY-2026","INDRAMEDCO","INDRAPRASTHA MEDICAL CORP","70"
"27-MAY-2026","INDUSINDBK","INDUSIND BANK LIMITED","917"
"27-MAY-2026","INFY","INFOSYS TECHNOLOGIES LTD","224"
"27-MAY-2026","INOXGREEN","INOX GREEN ENERGY SER LTD","1"
"27-MAY-2026","INOXWIND","INOX WIND LIMITED        ","2,500"
"27-MAY-2026","IOC","INDIAN OIL CORP LTD","518"
"27-MAY-2026","IRFC","IRFC","1"
"27-MAY-2026","JIOFIN","JIO FIN SERVICES LTD","1,913"
"27-MAY-2026","JPPOWER","JAIPRAKASH POWER VEN. LTD","17,501"
"27-MAY-2026","JSWENERGY","JSW ENERGY LIMITED","198"
"27-MAY-2026","JSWSTEEL","JSW STEEL LIMITED","508"
"27-MAY-2026","KAYNES","KAYNES TECHNOLOGY IND LTD","108"
"27-MAY-2026","LAURUSLABS","LAURUS LABS LIMITED","886"
"27-MAY-2026","LENSKART","LENSKART SOLUTIONS LTD","1"
"27-MAY-2026","LICHSGFIN","LIC HOUSING FINANCE LTD","168"
"27-MAY-2026","LLOYDSENGG","LLOYDS ENGG WORK LIMITED","5"
"27-MAY-2026","LLOYDSENT","LLOYDS ENTERPRISES LTD","1,000"
"27-MAY-2026","LODHA","LODHA","1,714"
"27-MAY-2026","LTM","LTIMINDTREE LIMITED","6"
"27-MAY-2026","MARICO","MARICO LIMITED","76"
"27-MAY-2026","MARKSANS","MARKSANS PHARMA LIMITED  ","12"
"27-MAY-2026","MARUTI","MARUTI SUZUKI INDIA LTD.","153"
"27-MAY-2026","MAZDOCK","MAZAGON DOCK SHIPBUIL LTD","5"
"27-MAY-2026","MOTHERSON","SAMVRDHNA MTHRSN INT","14,003"
"27-MAY-2026","MOTILALOFS","MOTILAL OSWAL FIN LTD   ","1"
"27-MAY-2026","MPHASIS","MPHASIS LIMITED","322"
"27-MAY-2026","NATIONALUM","NATIONAL ALUMINIUM CO LTD","1,966"
"27-MAY-2026","NBCC","NATIONAL BUILDINGS LTD   ","9"
"27-MAY-2026","NETWEB","NETWEB TECH INDIA LTD","30"
"27-MAY-2026","NIFTYBETA","UTIAMC-NIFTYBETA","1"
"27-MAY-2026","NMDC","NMDC LTD.","400"
"27-MAY-2026","NORTHARC","NORTHERN ARC CAPITAL LTD","1"
"27-MAY-2026","NTPC","NTPC LTD","6,180"
"27-MAY-2026","OFSS","Oracle Financial Services Software Limited","76"
"27-MAY-2026","OIL","OIL INDIA LTD","540"
"27-MAY-2026","OLAELEC","OLA ELECTRIC MOBILITY LTD","4,586"
"27-MAY-2026","ONGC","OIL AND NATURAL GAS CORP.","1,509"
"27-MAY-2026","PAYTM","ONE 97 COMMUNICATIONS LTD","67"
"27-MAY-2026","PCJEWELLER","PC JEWELLER LTD          ","1,554"
"27-MAY-2026","PERSISTENT","PERSISTENT SYSTEMS LTD","2"
"27-MAY-2026","PGEL","PG ELECTROPLAST LTD","480"
"27-MAY-2026","PHOENIXLTD","THE PHOENIX MILLS LIMITED","27"
"27-MAY-2026","PINELABS","PINE LABS LIMITED","19,028"
"27-MAY-2026","PNB","PUNJAB NATIONAL BANK","10"
"27-MAY-2026","POLYCAB","POLYCAB INDIA LIMITED","179"
"27-MAY-2026","POWERINDIA","ABB POWER PRO N SYS IND L","46"
"27-MAY-2026","PREMIERENE","PREMIER ENERGIES LIMITED","553"
"27-MAY-2026","QPOWER","QUALITY POWER ELEC EQUP L","1"
"27-MAY-2026","RAIN","RAIN INDUSTRIES LIMITED","2"
"27-MAY-2026","RAYMOND","RAYMOND LIMITED","4,602"
"27-MAY-2026","REFEX","REFEX INDUSTRIES LIMITED","2,049"
"27-MAY-2026","RPOWER","RELIANCE POWER LTD.","2,085"
"27-MAY-2026","SAGILITY","SAGILITY INDIA LIMITED","1"
"27-MAY-2026","SAIL","STEEL AUTHORITY OF INDIA","101"
"27-MAY-2026","SAMMAANCAP","SAMMAAN CAPITAL LIMITED","250"
"27-MAY-2026","SBICARD","SBI CARDS & PAY SER LTD","400"
"27-MAY-2026","SBIN","STATE BANK OF INDIA","400"
"27-MAY-2026","SHARDACROP","SHARDA CROPCHEM LTD.","21"
"27-MAY-2026","SHREECEM","SHREE CEMENTS LTD","39"
"27-MAY-2026","SIEMENS","SIEMENS LTD","928"
"27-MAY-2026","SKIPPER","SKIPPER LIMITED","1"
"27-MAY-2026","SKYGOLD","SKY GOLD AND DIAMONDS LTD","50"
"27-MAY-2026","SOLARINDS","SOLAR INDUSTRIES (I) LTD","42"
"27-MAY-2026","SPARC","SUN PHARMA ADV.RES.CO.LTD","155"
"27-MAY-2026","SRF","SRF LTD","361"
"27-MAY-2026","SUNPHARMA","SUN PHARMACEUTICALS IND.","2"
"27-MAY-2026","SUZLON","SUZLON ENERGY LIMITED","80,214"
"27-MAY-2026","SWIGGY","SWIGGY LIMITED","1"
"27-MAY-2026","TATAPOWER","TATA POWER CO LTD","10"
"27-MAY-2026","TATASTEEL","TATA STEEL LIMITED","5,591"
"27-MAY-2026","TCS","TATA CONSULTANCY SERV LT","845"
"27-MAY-2026","TECHM","TECH MAHINDRA LIMITED","11,380"
"27-MAY-2026","TIINDIA","TUBE INVEST OF INDIA LTD","128"
"27-MAY-2026","TMPV","TATA MOTORS PASS VEH LTD","959"
"27-MAY-2026","TRENT","TRENT LIMITED","89"
"27-MAY-2026","TRITURBINE","TRIVENI TURBINE LIMITED","49"
"27-MAY-2026","UNIONBANK","UNION BANK OF INDIA","1"
"27-MAY-2026","USHAMART","USHA MARTIN LTD.","500"
"27-MAY-2026","VEDL","VEDANTA LIMITED","8,146"
"27-MAY-2026","WAAREEENER","WAAREE ENERGIES LIMITED","145"
"27-MAY-2026","ZOTA","ZOTA HEALTH CARE LIMITED","14"
"29-MAY-2026","360ONE","360 ONE WAM LIMITED","3"
"29-MAY-2026","ABB","ABB LTD.","46"
"29-MAY-2026","ABCAPITAL","ADITYA BIRLA CAPITAL LIMITED","480"
"29-MAY-2026","ACUTAAS","ACUTAAS CHEMICALS LIMITED","40"
"29-MAY-2026","ADANIENSOL","ADANI ENERGY SOLUTION LTD","16"
"29-MAY-2026","ADANIENT","ADANI ENTERPRISES LIMITED","143"
"29-MAY-2026","ADANIGREEN","ADANI GREEN ENERGY LTD","16"
"29-MAY-2026","ADANIPOWER","ADANI POWER LTD","811"
"29-MAY-2026","ASIANPAINT","ASIAN PAINTS LIMITED","3"
"29-MAY-2026","ATGL","ADANI TOTAL GAS LIMITED","18"
"29-MAY-2026","AUBANK","AU SMALL FINANCE BANK LIMITED","741"
"29-MAY-2026","AVANTIFEED","AVANTI FEEDS LIMITED","1"
"29-MAY-2026","AXISBANK","AXIS BANK LIMITED","640"
"29-MAY-2026","BAJAJHIND","BAJAJ HINDUSTAN LTD","8"
"29-MAY-2026","BAJFINANCE","BAJAJ FINANCE LIMITED","16"
"29-MAY-2026","BALKRISIND","BALKRISHNA IND. LTD      ","12"
"29-MAY-2026","BDL","BHARAT DYNAMICS LIMITED","387"
"29-MAY-2026","BHARATFORG","BHARAT FORGE LTD","148"
"29-MAY-2026","BHEL","BHEL","1,030"
"29-MAY-2026","CANBK","CANARA BANK","3,818"
"29-MAY-2026","CANHLIFE","CANARA HSBC LIFE INS CO L","55"
"29-MAY-2026","CCAVENUE","AVENUESAI LIMITED","100"
"29-MAY-2026","CDSL","CENTRAL DEPOSITORY SERVICES (INDIA) LIMITED","1"
"29-MAY-2026","CGPOWER","CG POWER AND INDUSTRIAL SOLUTIONS LIMITED","5"
"29-MAY-2026","COALINDIA","COALINDIA","1,082"
"29-MAY-2026","COCHINSHIP","COCHIN SHIPYARD LIMITED","6,400"
"29-MAY-2026","COFORGE","COFORGE LIMITED","11"
"29-MAY-2026","CPPLUS","ADITYA INFOTECH LIMITED","1,537"
"29-MAY-2026","CUMMINSIND","CUMMINS INDIA LTD","40"
"29-MAY-2026","DLF","DLF LIMITED","172"
"29-MAY-2026","DRREDDY","DR. REDDY'S LABORATORIES","1"
"29-MAY-2026","EMMVEE","EMMVEE PHOTOVOLTAIC PWR L","1"
"29-MAY-2026","ETERNAL","ETERNAL LIMITED","1,716"
"29-MAY-2026","FEDERALBNK","FEDERAL BANK LTD","4,05,576"
"29-MAY-2026","FORCEMOT","FORCE MOTORS LIMITED","4"
"29-MAY-2026","GMRAIRPORT","GMR AIRPORTS LIMITED","7"
"29-MAY-2026","GODREJCP","GODREJ CONSUMER PRODUCTS LIMITED","385"
"29-MAY-2026","GOLDIAM","GOLDIAM INTERNATIONAL LTD","280"
"29-MAY-2026","GRASIM","GRASIM INDUSTRIES LTD","725"
"29-MAY-2026","GROWW","BILLIONBRAINS GARAGE VN L","1"
"29-MAY-2026","GRSE","GARDEN REACH SHIP&ENG LTD","16"
"29-MAY-2026","HAL","HINDUSTAN AERONAUTICS LTD","83"
"29-MAY-2026","HDFCBANK","HDFC BANK LTD","36"
"29-MAY-2026","HINDALCO","HINDALCO  INDUSTRIES  LTD","279"
"29-MAY-2026","HINDUNILVR","HINDUSTAN UNILEVER LTD.","10"
"29-MAY-2026","HINDZINC","HINDUSTAN ZINC LIMITED","1"
"29-MAY-2026","HYUNDAI","HYUNDAI MOTOR INDIA LTD","1,568"
"29-MAY-2026","ICICIBANK","ICICI BANK LTD.","62"
"29-MAY-2026","ICICIPRULI","ICICI PRU LIFE INS CO LTD ","1,053"
"29-MAY-2026","IDEA","Vodafone Idea Limited","616"
"29-MAY-2026","IDFCFIRSTB","IDFC FIRST BANK LIMI","202"
"29-MAY-2026","IFCI","IFCI LTD","100"
"29-MAY-2026","INDHOTEL","THE INDIAN HOTELS CO. LTD","10"
"29-MAY-2026","INDIANB","INDIAN BANK","19,703"
"29-MAY-2026","INDUSTOWER","INDUS","1"
"29-MAY-2026","INFY","INFOSYS TECHNOLOGIES LTD","810"
"29-MAY-2026","INOXWIND","INOX WIND LIMITED        ","250"
"29-MAY-2026","IREDA","INDIAN RENEWABLE ENERGY","3,539"
"29-MAY-2026","IRFC","IRFC","7,750"
"29-MAY-2026","ITBEES","NIP IND ETF IT","500"
"29-MAY-2026","JIOFIN","JIO FIN SERVICES LTD","31"
"29-MAY-2026","JKTYRE","JK TYRE & INDUSTRIES LTD","135"
"29-MAY-2026","JSWCEMENT","JSW CEMENT LIMITED","1"
"29-MAY-2026","KFINTECH","KFIN TECHNOLOGIES LIMITED","165"
"29-MAY-2026","LATENTVIEW","LATENT VIEW ANALYTICS LTD","1"
"29-MAY-2026","LTF","L&T FINANCE LIMITED","1,68,750"
"29-MAY-2026","LTM","LTIMINDTREE LIMITED","15"
"29-MAY-2026","LUMAXTECH","LUMAX AUTO TECH LTD","190"
"29-MAY-2026","LUPIN","LUPIN LIMITED","439"
"29-MAY-2026","MAHKTECH","MIRAEAMC - MAHKTECH","1"
"29-MAY-2026","MANAPPURAM","MANAPPURAM FINANCE LTD","10"
"29-MAY-2026","MARUTI","MARUTI SUZUKI INDIA LTD.","14"
"29-MAY-2026","MAZDOCK","MAZAGON DOCK SHIPBUIL LTD","3,616"
"29-MAY-2026","MEESHO","MEESHO LIMITED","33"
"29-MAY-2026","METALIETF","ICICIPRAMC - METALIETF","100"
"29-MAY-2026","MON50EQUAL","MOTILALAMC - MON50EQUAL","1"
"29-MAY-2026","MOSCHIP","MOSCHIP TECHNOLOGIES LTD","50"
"29-MAY-2026","MOTHERSON","SAMVRDHNA MTHRSN INT","15,403"
"29-MAY-2026","MPHASIS","MPHASIS LIMITED","23"
"29-MAY-2026","MUTHOOTFIN","MUTHOOT FINANCE LIMITED","138"
"29-MAY-2026","NATCOPHARM","NATCO PHARMA LIMITED","100"
"29-MAY-2026","NBCC","NATIONAL BUILDINGS LTD   ","2"
"29-MAY-2026","NESTLEIND","NESTLE INDIA LIMITED","825"
"29-MAY-2026","NETWEB","NETWEB TECH INDIA LTD","930"
"29-MAY-2026","NEXT50BETA","UTIAMC-NEXT50BETA","340"
"29-MAY-2026","NTPC","NTPC LTD","6"
"29-MAY-2026","PAGEIND","PAGE INDUSTRIES LTD","5"
"29-MAY-2026","PAYTM","ONE 97 COMMUNICATIONS LTD","194"
"29-MAY-2026","PCJEWELLER","PC JEWELLER LTD          ","500"
"29-MAY-2026","PFC","POWER FIN CORP LTD.","12"
"29-MAY-2026","PGEL","PG ELECTROPLAST LTD","200"
"29-MAY-2026","PIDILITIND","PIDILITE INDUSTRIES LIMITED","455"
"29-MAY-2026","PNBHOUSING","PNB HOUSING FIN LTD.   ","7"
"29-MAY-2026","POWERINDIA","ABB POWER PRO N SYS IND L","5"
"29-MAY-2026","PTC","PTC INDIA LIMITED","300"
"29-MAY-2026","PWL","PHYSICSWALLAH LIMITED","1"
"29-MAY-2026","RAIN","RAIN INDUSTRIES LIMITED","100"
"29-MAY-2026","RAYMOND","RAYMOND LIMITED","10"
"29-MAY-2026","RBLBANK","RBL BANK LIMITED    ","681"
"29-MAY-2026","REFEX","REFEX INDUSTRIES LIMITED","1,300"
"29-MAY-2026","RPOWER","RELIANCE POWER LTD.","70"
"29-MAY-2026","RVNL","RVNL","631"
"29-MAY-2026","SHREECEM","SHREE CEMENTS LTD","125"
"29-MAY-2026","SHRIRAMFIN","SHRIRAM FINANCE LIMITED","454"
"29-MAY-2026","SKYGOLD","SKY GOLD AND DIAMONDS LTD","50"
"29-MAY-2026","SONACOMS","SONA BLW PRECISION FRGS L","441"
"29-MAY-2026","SRF","SRF LTD","19"
"29-MAY-2026","STLTECH","STERLITE TECHNOLOGIES","138"
"29-MAY-2026","SUDEEPPHRM","SUDEEP PHARMA LIMITED","19,897"
"29-MAY-2026","SUMICHEM","SUMITOMO CHEM INDIA LTD","150"
"29-MAY-2026","SUNPHARMA","SUN PHARMACEUTICALS IND.","99"
"29-MAY-2026","SUPRIYA","SUPRIYA LIFESCIENCE LTD","1,34,740"
"29-MAY-2026","SUZLON","SUZLON ENERGY LIMITED","13,331"
"29-MAY-2026","SWIGGY","SWIGGY LIMITED","2,490"
"29-MAY-2026","TATACHEM","TATA CHEMICALS LTD","2"
"29-MAY-2026","TATASTEEL","TATA STEEL LIMITED","2,068"
"29-MAY-2026","TCS","TATA CONSULTANCY SERV LT","2"
"29-MAY-2026","TEJASNET","TEJAS NETWORKS LIMITED","1"
"29-MAY-2026","THANGAMAYL","THANGAMAYIL JEWELLERY LTD","10"
"29-MAY-2026","TIINDIA","TUBE INVEST OF INDIA LTD","27"
"29-MAY-2026","TMCV","TATA MOTORS LIMITED","403"
"29-MAY-2026","TMPV","TATA MOTORS PASS VEH LTD","846"
"29-MAY-2026","TRENT","TRENT LIMITED","35"
"29-MAY-2026","UPL","UPL LIMITED","271"
"29-MAY-2026","V2RETAIL","V2 RETAIL LIMITED","11"
"29-MAY-2026","VBL","VARUN BEVERAGES LIMITED    ","478"
"29-MAY-2026","VEDL","VEDANTA LIMITED","75,355"
"29-MAY-2026","VENUSPIPES","VENUS PIPES & TUBES LTD","35"
"29-MAY-2026","VIJAYA","VIJAYA DIAGNOSTIC CEN LTD","1"
"29-MAY-2026","VMM","VISHAL MEGA MART LIMITED","3,030"
"29-MAY-2026","WOCKPHARMA","WOCKHARDT LIMITED","6,300"
"29-MAY-2026","YESBANK","YES BANK LIMITED","18,756"
"01-JUN-2026","ABBOTINDIA","ABBOTT INDIA LIMITED","1"
"01-JUN-2026","AEGISLOG","AEGIS LOGISTICS LIMITED","5"
"01-JUN-2026","AMBER","AMBER ENTERPRISES (I) LTD","2"
"01-JUN-2026","ASAHIINDIA","ASAHI INDIA GLASS LIMITED","35"
"01-JUN-2026","ASHOKLEY","ASHOK LEYLAND LTD","500"
"01-JUN-2026","ASIANPAINT","ASIAN PAINTS LIMITED","25"
"01-JUN-2026","BAJAJ-AUTO","BAJAJ AUTO LIMITED","75"
"01-JUN-2026","BANDHANBNK","BANDHAN BANK LIMITED","199"
"01-JUN-2026","BDL","BHARAT DYNAMICS LIMITED","100"
"01-JUN-2026","BEML","BEML LIMITED","1"
"01-JUN-2026","BHARATFORG","BHARAT FORGE LTD","75"
"01-JUN-2026","BHARTIARTL","BHARTI AIRTEL LIMITED","6"
"01-JUN-2026","BHEL","BHEL","1,043"
"01-JUN-2026","BLUEJET","BLUE JET HEALTHCARE LTD","2"
"01-JUN-2026","CAPACITE","CAPACITE INFRAPROJECT LTD","1"
"01-JUN-2026","CARBORUNIV","CARBORUNDUM UNIVERSAL LTD    ","50"
"01-JUN-2026","CENTUM","CENTUM ELECTRONICS LTD","14"
"01-JUN-2026","CGPOWER","CG POWER AND INDUSTRIAL SOLUTIONS LIMITED","40"
"01-JUN-2026","COALINDIA","COALINDIA","45"
"01-JUN-2026","COFORGE","COFORGE LIMITED","2"
"01-JUN-2026","CPPLUS","ADITYA INFOTECH LIMITED","11"
"01-JUN-2026","CUMMINSIND","CUMMINS INDIA LTD","12"
"01-JUN-2026","DEEPAKFERT","DEEPAK FERTILIZERS AND PETROCHEMICALS CORPORATION LIMITED","100"
"01-JUN-2026","EMMVEE","EMMVEE PHOTOVOLTAIC PWR L","50"
"01-JUN-2026","ETERNAL","ETERNAL LIMITED","100"
"01-JUN-2026","FIRSTCRY","BRAINBEES SOLUTIONS LTD","150"
"01-JUN-2026","FORTIS","FORTIS HEALTHCARE (I) LTD","314"
"01-JUN-2026","GLENMARK","GLENMARK PHARMACEUTICALS LIMITED","40"
"01-JUN-2026","GMRP&UI","GMR POW AND URBAN INFRA L","1"
"01-JUN-2026","GROWW","BILLIONBRAINS GARAGE VN L","9"
"01-JUN-2026","HDFCBANK","HDFC BANK LTD","2"
"01-JUN-2026","HINDUNILVR","HINDUSTAN UNILEVER LTD.","222"
"01-JUN-2026","HOMEFIRST","HOMEFIRST","1"
"01-JUN-2026","HYUNDAI","HYUNDAI MOTOR INDIA LTD","383"
"01-JUN-2026","IDEA","Vodafone Idea Limited","1,119"
"01-JUN-2026","IDEAFORGE","IDEAFORGE TECHNO LTD","14"
"01-JUN-2026","IDFCFIRSTB","IDFC FIRST BANK LIMI","2"
"01-JUN-2026","IFCI","IFCI LTD","100"
"01-JUN-2026","INDUSINDBK","INDUSIND BANK LIMITED","30"
"01-JUN-2026","INFY","INFOSYS TECHNOLOGIES LTD","208"
"01-JUN-2026","IREDA","INDIAN RENEWABLE ENERGY","71"
"01-JUN-2026","IRFC","IRFC","3,31,500"
"01-JUN-2026","ITC","ITC LTD","25"
"01-JUN-2026","IXIGO","LE TRAVENUES TECHNOLOGY L","17"
"01-JUN-2026","JIOFIN","JIO FIN SERVICES LTD","9"
"01-JUN-2026","JUBLFOOD","JUBILANT FOODWORKS LTD","100"
"01-JUN-2026","JWL","JUPITER WAGONS LIMITED","50"
"01-JUN-2026","KALYANKJIL","KALYAN JEWELLERS IND LTD","10"
"01-JUN-2026","KPITTECH","KPIT TECHNOLOGIES LTD","100"
"01-JUN-2026","KRN","KRN HEAT EXCHANGE N REF L","50"
"01-JUN-2026","LAURUSLABS","LAURUS LABS LIMITED","1"
"01-JUN-2026","LENSKART","LENSKART SOLUTIONS LTD","12"
"01-JUN-2026","LIQUIDADD","DSPAMC - LIQUIDADD","2"
"01-JUN-2026","LTF","L&T FINANCE LIMITED","58,500"
"01-JUN-2026","LUPIN","LUPIN LIMITED","176"
"01-JUN-2026","MARUTI","MARUTI SUZUKI INDIA LTD.","8"
"01-JUN-2026","MASPTOP50","MIRAEAMC - MASPTOP50","1"
"01-JUN-2026","MCX","MULTI COMMODITY EXCHANGE OF INDIA LIMITED","15"
"01-JUN-2026","MEESHO","MEESHO LIMITED","2,363"
"01-JUN-2026","METAL","MIRAEAMC - METAL","15,81,581"
"01-JUN-2026","MOREPENLAB","MOREPEN LAB. LTD         ","125"
"01-JUN-2026","MOTHERSON","SAMVRDHNA MTHRSN INT","3,956"
"01-JUN-2026","MOVALUE","MOTILALAMC - MOVALUE","729"
"01-JUN-2026","MTARTECH","MTAR TECHNOLOGIES LIMITED","4"
"01-JUN-2026","NESTLEIND","NESTLE INDIA LIMITED","32"
"01-JUN-2026","NETWEB","NETWEB TECH INDIA LTD","1"
"01-JUN-2026","NEXT50","MIRAEAMC - MANXT50","35,312"
"01-JUN-2026","NHPC","NHPC LTD","25,600"
"01-JUN-2026","NMDC","NMDC LTD.","1"
"01-JUN-2026","NYKAA","FSN E COMMERCE VENTURES","25"
"01-JUN-2026","OFSS","Oracle Financial Services Software Limited","1"
"01-JUN-2026","OLAELEC","OLA ELECTRIC MOBILITY LTD","45"
"01-JUN-2026","ONGC","OIL AND NATURAL GAS CORP.","4,600"
"01-JUN-2026","PATELENG","PATEL ENGINEERING LTD.","5,000"
"01-JUN-2026","PNB","PUNJAB NATIONAL BANK","10,072"
"01-JUN-2026","POCL","PONDY OXIDES & CHEM LTD","10"
"01-JUN-2026","PREMEXPLN","PREMIER EXPLOSIVES LTD","90"
"01-JUN-2026","PTC","PTC INDIA LIMITED","300"
"01-JUN-2026","RAIN","RAIN INDUSTRIES LIMITED","200"
"01-JUN-2026","RPOWER","RELIANCE POWER LTD.","70"
"01-JUN-2026","RUBICON","RUBICON RESEARCH LIMITED","14,357"
"01-JUN-2026","RVNL","RVNL","4,575"
"01-JUN-2026","SAGILITY","SAGILITY INDIA LIMITED","100"
"01-JUN-2026","SAIL","STEEL AUTHORITY OF INDIA","50"
"01-JUN-2026","SBIN","STATE BANK OF INDIA","45"
"01-JUN-2026","SHRIRAMFIN","SHRIRAM FINANCE LIMITED","1"
"01-JUN-2026","SIEMENS","SIEMENS LTD","1"
"01-JUN-2026","SKYGOLD","SKY GOLD AND DIAMONDS LTD","49"
"01-JUN-2026","SPARC","SUN PHARMA ADV.RES.CO.LTD","300"
"01-JUN-2026","SUDEEPPHRM","SUDEEP PHARMA LIMITED","620"
"01-JUN-2026","SUPRIYA","SUPRIYA LIFESCIENCE LTD","1,411"
"01-JUN-2026","SYRMA","SYRMA SGS TECHNOLOGY LTD","50"
"01-JUN-2026","TATASTEEL","TATA STEEL LIMITED","2,036"
"01-JUN-2026","TATATECH","TATA TECHNOLOGIES LIMITED","100"
"01-JUN-2026","THERMAX","THERMAX LTD","10"
"01-JUN-2026","WELSPUNLIV","WELSPUN LIVING LIMITED","2"
"01-JUN-2026","WEWORK","WEWORK INDIA MANAGEMENT L","2"
"01-JUN-2026","WOCKPHARMA","WOCKHARDT LIMITED","10"
"01-JUN-2026","ZEEL","ZEE ENTERTAINMENT ENT LTD","5,000"
"02-JUN-2026","ACMESOLAR","ACME SOLAR HOLDINGS LTD","1"
"02-JUN-2026","ADANIPORTS","ADANI PORT & SEZ LTD","8"
"02-JUN-2026","ADANIPOWER","ADANI POWER LTD","700"
"02-JUN-2026","AMBUJACEM","AMBUJA CEMENTS LTD","10"
"02-JUN-2026","ANANTRAJ","ANANT RAJ LIMITED","90"
"02-JUN-2026","ANGELONE","ANGEL ONE LTD","50"
"02-JUN-2026","AXISBANK","AXIS BANK LIMITED","100"
"02-JUN-2026","BDL","BHARAT DYNAMICS LIMITED","468"
"02-JUN-2026","BOSCHLTD","BOSCH LIMITED","2"
"02-JUN-2026","CARBORUNIV","CARBORUNDUM UNIVERSAL LTD    ","1"
"02-JUN-2026","CASHIETF","ICICIPRAMC - CASHIETF","74"
"02-JUN-2026","CHENNPETRO","CHENNAI PETROLEUM CORP LT","65"
"02-JUN-2026","COALINDIA","COALINDIA","15,622"
"02-JUN-2026","CROMPTON","CROMPT GREA CON ELEC LTD  ","264"
"02-JUN-2026","DBREALTY","D B REALTY LIMITED","20,001"
"02-JUN-2026","ETERNAL","ETERNAL LIMITED","100"
"02-JUN-2026","EXIDEIND","EXIDE INDUSTRIES LTD","15"
"02-JUN-2026","GLENMARK","GLENMARK PHARMACEUTICALS LIMITED","238"
"02-JUN-2026","GODREJPROP","GODREJ PROPERTIES LTD","449"
"02-JUN-2026","GRASIM","GRASIM INDUSTRIES LTD","1"
"02-JUN-2026","GROWW","BILLIONBRAINS GARAGE VN L","945"
"02-JUN-2026","GUJGASLTD","GUJARAT GAS LIMITED","794"
"02-JUN-2026","HCC","HINDUSTAN CONSTRUCTION CO","88"
"02-JUN-2026","HCLTECH","HCL TECHNOLOGIES LTD","17"
"02-JUN-2026","HDFCBANK","HDFC BANK LTD","263"
"02-JUN-2026","HDFCLIFE","HDFC STANDARD LIFE INSURANCE COMPANY LIMITED","1"
"02-JUN-2026","HFCL","HIMACHAL FUTURISTIC COMMUNICATIONS LIMITED","872"
"02-JUN-2026","HYUNDAI","HYUNDAI MOTOR INDIA LTD","300"
"02-JUN-2026","IDEA","Vodafone Idea Limited","2,121"
"02-JUN-2026","IFCI","IFCI LTD","970"
"02-JUN-2026","INDIANB","INDIAN BANK","3,000"
"02-JUN-2026","INDUSINDBK","INDUSIND BANK LIMITED","30"
"02-JUN-2026","INFY","INFOSYS TECHNOLOGIES LTD","114"
"02-JUN-2026","IREDA","INDIAN RENEWABLE ENERGY","27,600"
"02-JUN-2026","IRFC","IRFC","80,000"
"02-JUN-2026","ITC","ITC LTD","15"
"02-JUN-2026","JIOFIN","JIO FIN SERVICES LTD","200"
"02-JUN-2026","JPPOWER","JAIPRAKASH POWER VEN. LTD","1"
"02-JUN-2026","JSLL","JEENA SIKHO LIFECARE LTD","1,43,997"
"02-JUN-2026","JSWSTEEL","JSW STEEL LIMITED","19"
"02-JUN-2026","KAYNES","KAYNES TECHNOLOGY IND LTD","2"
"02-JUN-2026","KNRCON","KNR CONSTRU LTD","1"
"02-JUN-2026","LAURUSLABS","LAURUS LABS LIMITED","50"
"02-JUN-2026","LICI","LIFE INSURA CORP OF INDIA","10,214"
"02-JUN-2026","M&M","MAHINDRA & MAHINDRA LTD","7"
"02-JUN-2026","MARICO","MARICO LIMITED","2"
"02-JUN-2026","MARUTI","MARUTI SUZUKI INDIA LTD.","8"
"02-JUN-2026","MOTHERSON","SAMVRDHNA MTHRSN INT","49,200"
"02-JUN-2026","NAM-INDIA","NIPPON L I A M LTD","625"
"02-JUN-2026","NESTLEIND","NESTLE INDIA LIMITED","10"
"02-JUN-2026","NETWEB","NETWEB TECH INDIA LTD","35"
"02-JUN-2026","NETWORK18","NETWORK 18 FINCAP LTD.","200"
"02-JUN-2026","NEWGEN","NEWGEN","18"
"02-JUN-2026","NHPC","NHPC LTD","3,22,81,094"
"02-JUN-2026","NMDC","NMDC LTD.","300"
"02-JUN-2026","OLAELEC","OLA ELECTRIC MOBILITY LTD","40"
"02-JUN-2026","PARAS","PARAS DEF AND SPCE TECH L","9"
"02-JUN-2026","POKARNA","POKARNA LIMITED","100"
"02-JUN-2026","PTC","PTC INDIA LIMITED","25"
"02-JUN-2026","RAIN","RAIN INDUSTRIES LIMITED","2,450"
"02-JUN-2026","REFEX","REFEX INDUSTRIES LIMITED","400"
"02-JUN-2026","RELIANCE","RELIANCE INDUSTRIES LTD","3,011"
"02-JUN-2026","RPOWER","RELIANCE POWER LTD.","70"
"02-JUN-2026","RVNL","RVNL","349"
"02-JUN-2026","SAIL","STEEL AUTHORITY OF INDIA","100"
"02-JUN-2026","SHRIRAMFIN","SHRIRAM FINANCE LIMITED","1"
"02-JUN-2026","SPARC","SUN PHARMA ADV.RES.CO.LTD","200"
"02-JUN-2026","SRF","SRF LTD","1"
"02-JUN-2026","STARHEALTH","STAR HEALTH & AL INS CO L","12"
"02-JUN-2026","SUZLON","SUZLON ENERGY LIMITED","2,000"
"02-JUN-2026","SWSOLAR","STERLING & WILSON SO LTD","100"
"02-JUN-2026","TATASTEEL","TATA STEEL LIMITED","200"
"02-JUN-2026","TCS","TATA CONSULTANCY SERV LT","25"
"02-JUN-2026","TECHM","TECH MAHINDRA LIMITED","7"
"02-JUN-2026","TMPV","TATA MOTORS PASS VEH LTD","437"
"02-JUN-2026","VAIBHAVGBL","VAIBHAVGBL","15"
"02-JUN-2026","WAAREEENER","WAAREE ENERGIES LIMITED","6"
"02-JUN-2026","WELSPUNLIV","WELSPUN LIVING LIMITED","1,000"
"03-JUN-2026","AARTIPHARM","AARTI PHARMALABS LIMITED","380"
"03-JUN-2026","ABDL","ALLIED BLEND N DISTILS L","158"
"03-JUN-2026","ADANIGREEN","ADANI GREEN ENERGY LTD","128"
"03-JUN-2026","AEGISLOG","AEGIS LOGISTICS LIMITED","4"
"03-JUN-2026","AETHER","AETHER INDUSTRIES LIMITED","100"
"03-JUN-2026","AMBUJACEM","AMBUJA CEMENTS LTD","2"
"03-JUN-2026","APOLLO","APOLLO MICRO SYSTEMS LTD","11"
"03-JUN-2026","APOLLOHOSP","APOLLO HOSPITALS ENTERPRISE LIMITED","4"
"03-JUN-2026","ARVIND","ARVIND LIMITED","3"
"03-JUN-2026","AXISBANK","AXIS BANK LIMITED","7"
"03-JUN-2026","BDL","BHARAT DYNAMICS LIMITED","150"
"03-JUN-2026","BELRISE","BELRISE INDUSTRIES LTD","30"
"03-JUN-2026","BHARATFORG","BHARAT FORGE LTD","50"
"03-JUN-2026","BSE","BSE LIMITED","3"
"03-JUN-2026","BSOFT","BIRLASOFT LIMITED","50"
"03-JUN-2026","CPPLUS","ADITYA INFOTECH LIMITED","100"
"03-JUN-2026","FACT","FACT LTD","10"
"03-JUN-2026","GLENMARK","GLENMARK PHARMACEUTICALS LIMITED","100"
"03-JUN-2026","GRASIM","GRASIM INDUSTRIES LTD","1"
"03-JUN-2026","GREAVESCOT","GREAVES COTTON LTD","9"
"03-JUN-2026","GVT&D","GE VERNOVA T&D INDIA LTD","1"
"03-JUN-2026","HDFCBANK","HDFC BANK LTD","286"
"03-JUN-2026","HFCL","HIMACHAL FUTURISTIC COMMUNICATIONS LIMITED","19,936"
"03-JUN-2026","HINDPETRO","HINDUSTAN PETROLEUM CORP","5,000"
"03-JUN-2026","IDEA","Vodafone Idea Limited","1,597"
"03-JUN-2026","IFCI","IFCI LTD","353"
"03-JUN-2026","INDUSINDBK","INDUSIND BANK LIMITED","3"
"03-JUN-2026","INDUSTOWER","INDUS","51"
"03-JUN-2026","INFY","INFOSYS TECHNOLOGIES LTD","50"
"03-JUN-2026","ITC","ITC LTD","60"
"03-JUN-2026","JAIBALAJI","JAI BALAJI INDUSTRIES LTD","4"
"03-JUN-2026","JIOFIN","JIO FIN SERVICES LTD","100"
"03-JUN-2026","JKLAKSHMI","JK LAKSHMI CEMENT LTD    ","1"
"03-JUN-2026","JPPOWER","JAIPRAKASH POWER VEN. LTD","113"
"03-JUN-2026","JSLL","JEENA SIKHO LIFECARE LTD","1,075"
"03-JUN-2026","JSWSTEEL","JSW STEEL LIMITED","4"
"03-JUN-2026","JUSTDIAL","JUST DIAL LIMITED","200"
"03-JUN-2026","KALYANKJIL","KALYAN JEWELLERS IND LTD","25"
"03-JUN-2026","LICI","LIFE INSURA CORP OF INDIA","65"
"03-JUN-2026","MOTHERSON","SAMVRDHNA MTHRSN INT","18,450"
"03-JUN-2026","NEWGEN","NEWGEN","1"
"03-JUN-2026","NHPC","NHPC LTD","15,98,337"
"03-JUN-2026","NSLNISP","NMDC STEEL LIMITED","550"
"03-JUN-2026","OLAELEC","OLA ELECTRIC MOBILITY LTD","14,69,544"
"03-JUN-2026","ONGC","OIL AND NATURAL GAS CORP.","500"
"03-JUN-2026","PATELENG","PATEL ENGINEERING LTD.","1"
"03-JUN-2026","PNB","PUNJAB NATIONAL BANK","7"
"03-JUN-2026","RADICO","RADICO KHAITAN LIMITED","19"
"03-JUN-2026","RAIN","RAIN INDUSTRIES LIMITED","2,600"
"03-JUN-2026","RELIANCE","RELIANCE INDUSTRIES LTD","2,000"
"03-JUN-2026","RVNL","RVNL","100"
"03-JUN-2026","SAMMAANCAP","SAMMAAN CAPITAL LIMITED","50"
"03-JUN-2026","SBIN","STATE BANK OF INDIA","50"
"03-JUN-2026","SOLARINDS","SOLAR INDUSTRIES (I) LTD","2"
"03-JUN-2026","TATACAP","TATA CAPITAL LIMITED","92"
"03-JUN-2026","TATACONSUM","TATA CONSUMER PRODUCT","114"
"03-JUN-2026","TCS","TATA CONSULTANCY SERV LT","21,468"
"03-JUN-2026","THANGAMAYL","THANGAMAYIL JEWELLERY LTD","28"
"03-JUN-2026","TMCV","TATA MOTORS LIMITED","100"
"03-JUN-2026","TMPV","TATA MOTORS PASS VEH LTD","18"
"03-JUN-2026","UNIONBANK","UNION BANK OF INDIA","101"
"03-JUN-2026","UPL","UPL LIMITED","25"
"03-JUN-2026","VEDL","VEDANTA LIMITED","58"
"03-JUN-2026","WESTLIFE","WESTLIFE DEVELOPMENT LIMITED","68"
"03-JUN-2026","YESBANK","YES BANK LIMITED","591"
"03-JUN-2026","ZENSARTECH","ZENSAR TECHNOLOGIES  LTD ","1"
"04-JUN-2026","ABB","ABB LTD.","15"
"04-JUN-2026","ABCAPITAL","ADITYA BIRLA CAPITAL LIMITED","1"
"04-JUN-2026","ADANIENT","ADANI ENTERPRISES LIMITED","4"
"04-JUN-2026","ADANIGREEN","ADANI GREEN ENERGY LTD","128"
"04-JUN-2026","ADANIPORTS","ADANI PORT & SEZ LTD","2"
"04-JUN-2026","ANANTRAJ","ANANT RAJ LIMITED","1"
"04-JUN-2026","APLAPOLLO","APL APOLLO TUBES LTD","1"
"04-JUN-2026","APOLLOHOSP","APOLLO HOSPITALS ENTERPRISE LIMITED","1"
"04-JUN-2026","ASHOKLEY","ASHOK LEYLAND LTD","34"
"04-JUN-2026","ASTRAMICRO","ASTRAMICRO","58"
"04-JUN-2026","AUBANK","AU SMALL FINANCE BANK LIMITED","29"
"04-JUN-2026","AXISBANK","AXIS BANK LIMITED","3"
"04-JUN-2026","BAJFINANCE","BAJAJ FINANCE LIMITED","5"
"04-JUN-2026","BANCOINDIA","BANCO PRODUCTS (I) LTD","100"
"04-JUN-2026","BEL","BHARAT ELECTRONICS LTD","500"
"04-JUN-2026","BELRISE","BELRISE INDUSTRIES LTD","57"
"04-JUN-2026","BLUESTARCO","BLUE STAR LIMITED","1,952"
"04-JUN-2026","BPCL","BHARAT PETROLEUM CORP  LT","17"
"04-JUN-2026","BRITANNIA","BRITANNIA INDUSTRIES LIMITED","1"
"04-JUN-2026","CAMS","COMPUTER AGE MGMT SER LTD","1"
"04-JUN-2026","CAPACITE","CAPACITE INFRAPROJECT LTD","200"
"04-JUN-2026","CEMPRO","CEMINDIA PROJECTS LIMITED","39,091"
"04-JUN-2026","CGPOWER","CG POWER AND INDUSTRIAL SOLUTIONS LIMITED","56"
"04-JUN-2026","CHOLAFIN","CHOLAMANDALAM IN & FIN CO","51"
"04-JUN-2026","COALINDIA","COALINDIA","100"
"04-JUN-2026","COCHINSHIP","COCHIN SHIPYARD LIMITED","1"
"04-JUN-2026","CPPLUS","ADITYA INFOTECH LIMITED","5,549"
"04-JUN-2026","CRAFTSMAN","CRAFTSMAN AUTOMATION LTD","1"
"04-JUN-2026","DBREALTY","D B REALTY LIMITED","20,000"
"04-JUN-2026","ETERNAL","ETERNAL LIMITED","50"
"04-JUN-2026","GAIL","GAIL (INDIA) LTD","100"
"04-JUN-2026","GMRAIRPORT","GMR AIRPORTS LIMITED","15"
"04-JUN-2026","GMRP&UI","GMR POW AND URBAN INFRA L","500"
"04-JUN-2026","HAL","HINDUSTAN AERONAUTICS LTD","15"
"04-JUN-2026","HDFCLIFE","HDFC STANDARD LIFE INSURANCE COMPANY LIMITED","1"
"04-JUN-2026","HFCL","HIMACHAL FUTURISTIC COMMUNICATIONS LIMITED","801"
"04-JUN-2026","HYUNDAI","HYUNDAI MOTOR INDIA LTD","10"
"04-JUN-2026","IDEA","Vodafone Idea Limited","99,893"
"04-JUN-2026","IDFCFIRSTB","IDFC FIRST BANK LIMI","1"
"04-JUN-2026","IEX","INDIAN ENERGY EXCHANGE LIMITED","3,750"
"04-JUN-2026","IFBIND","IFB INDUSTRIES LIMITED","25"
"04-JUN-2026","INDUSTOWER","INDUS","50"
"04-JUN-2026","INFY","INFOSYS TECHNOLOGIES LTD","50"
"04-JUN-2026","INOXWIND","INOX WIND LIMITED        ","100"
"04-JUN-2026","IPCALAB","IPCA LABORATORIES LIMITED","1"
"04-JUN-2026","JAMNAAUTO","JAMNA AUTO IND LTD       ","50"
"04-JUN-2026","JIOFIN","JIO FIN SERVICES LTD","1"
"04-JUN-2026","JKLAKSHMI","JK LAKSHMI CEMENT LTD    ","1"
"04-JUN-2026","JSLL","JEENA SIKHO LIFECARE LTD","5,619"
"04-JUN-2026","JSWSTEEL","JSW STEEL LIMITED","2"
"04-JUN-2026","LGBBROSLTD","LG BALAKRISHNAN & BROS","50"
"04-JUN-2026","LICI","LIFE INSURA CORP OF INDIA","252"
"04-JUN-2026","LLOYDSENGG","LLOYDS ENGG WORK LIMITED","100"
"04-JUN-2026","LODHA","LODHA","8"
"04-JUN-2026","MANAPPURAM","MANAPPURAM FINANCE LTD","25"
"04-JUN-2026","MOSCHIP","MOSCHIP TECHNOLOGIES LTD","20"
"04-JUN-2026","MSTCLTD","MSTC LIMITED","1,17,220"
"04-JUN-2026","MTARTECH","MTAR TECHNOLOGIES LIMITED","35"
"04-JUN-2026","NATIONALUM","NATIONAL ALUMINIUM CO LTD","30"
"04-JUN-2026","NBCC","NATIONAL BUILDINGS LTD   ","100"
"04-JUN-2026","NEOGEN","NEOGEN CHEMICALS LIMITED","50"
"04-JUN-2026","NETWORK18","NETWORK 18 FINCAP LTD.","1"
"04-JUN-2026","NEWGEN","NEWGEN","9"
"04-JUN-2026","NHPC","NHPC LTD","51,602"
"04-JUN-2026","NMDC","NMDC LTD.","2,001"
"04-JUN-2026","OLAELEC","OLA ELECTRIC MOBILITY LTD","11"
"04-JUN-2026","PARAS","PARAS DEF AND SPCE TECH L","2,789"
"04-JUN-2026","POWERINDIA","ABB POWER PRO N SYS IND L","30"
"04-JUN-2026","RADICO","RADICO KHAITAN LIMITED","8"
"04-JUN-2026","RAIN","RAIN INDUSTRIES LIMITED","250"
"04-JUN-2026","REFEX","REFEX INDUSTRIES LIMITED","1,200"
"04-JUN-2026","RHIM","RHI MAGNESITA INDIA LTD","1"
"04-JUN-2026","RPOWER","RELIANCE POWER LTD.","5"
"04-JUN-2026","SAIL","STEEL AUTHORITY OF INDIA","1"
"04-JUN-2026","SIEMENS","SIEMENS LTD","40"
"04-JUN-2026","SONACOMS","SONA BLW PRECISION FRGS L","166"
"04-JUN-2026","SPARC","SUN PHARMA ADV.RES.CO.LTD","500"
"04-JUN-2026","SWSOLAR","STERLING & WILSON SO LTD","50"
"04-JUN-2026","TARC","TARC LIMITED","50"
"04-JUN-2026","TATACONSUM","TATA CONSUMER PRODUCT","2"
"04-JUN-2026","TCS","TATA CONSULTANCY SERV LT","17,917"
"04-JUN-2026","TITAN","TITAN INDUSTRIES LTD","1"
"04-JUN-2026","VTL","VARDHMAN TEXTILES LIMITED    ","2"
"04-JUN-2026","WEBELSOLAR","WEBSOL ENERGY SYSTEM LTD","2,800"
"04-JUN-2026","ZEEL","ZEE ENTERTAINMENT ENT LTD","3,561"
"05-JUN-2026","ACMESOLAR","ACME SOLAR HOLDINGS LTD","1"
"05-JUN-2026","ADANIGREEN","ADANI GREEN ENERGY LTD","17"
"05-JUN-2026","ADANIPORTS","ADANI PORT & SEZ LTD","7"
"05-JUN-2026","AMBER","AMBER ENTERPRISES (I) LTD","68"
"05-JUN-2026","APOLLOHOSP","APOLLO HOSPITALS ENTERPRISE LIMITED","7"
"05-JUN-2026","ASIANPAINT","ASIAN PAINTS LIMITED","107"
"05-JUN-2026","AXISBANK","AXIS BANK LIMITED","3"
"05-JUN-2026","AZAD","AZAD ENGINEERING LIMITED","100"
"05-JUN-2026","BIOCON","BIOCON LIMITED.","25"
"05-JUN-2026","CAMS","COMPUTER AGE MGMT SER LTD","23"
"05-JUN-2026","CANBK","CANARA BANK","48"
"05-JUN-2026","CEMPRO","CEMINDIA PROJECTS LIMITED","1,470"
"05-JUN-2026","ENGINERSIN","ENGINEERS INDIA LTD","34"
"05-JUN-2026","ETHOSLTD","ETHOS LIMITED","19"
"05-JUN-2026","FEDERALBNK","FEDERAL BANK LTD","25"
"05-JUN-2026","GROWW","BILLIONBRAINS GARAGE VN L","2,000"
"05-JUN-2026","GSEC10YEAR","MIRAEAMC - MAGS813ETF","1,013"
"05-JUN-2026","GTLINFRA","GTL INFRA.LTD","1,50,000"
"05-JUN-2026","HCC","HINDUSTAN CONSTRUCTION CO","50,000"
"05-JUN-2026","HSCL","HIMADRI SPECIALITY CHEMICAL LIMITED","402"
"05-JUN-2026","ICICIBANK","ICICI BANK LTD.","1"
"05-JUN-2026","IDFCFIRSTB","IDFC FIRST BANK LIMI","300"
"05-JUN-2026","IFCI","IFCI LTD","83"
"05-JUN-2026","INDHOTEL","THE INDIAN HOTELS CO. LTD","25"
"05-JUN-2026","INDUSTOWER","INDUS","25"
"05-JUN-2026","INFY","INFOSYS TECHNOLOGIES LTD","25"
"05-JUN-2026","IREDA","INDIAN RENEWABLE ENERGY","9,830"
"05-JUN-2026","JSLL","JEENA SIKHO LIFECARE LTD","1"
"05-JUN-2026","KIMS","KRISHNA INST OF MED SCI L","2"
"05-JUN-2026","LENSKART","LENSKART SOLUTIONS LTD","29"
"05-JUN-2026","LICHSGFIN","LIC HOUSING FINANCE LTD","50"
"05-JUN-2026","LLOYDSME","LLOYDS METALS N ENERGY L","1"
"05-JUN-2026","MANINDS","MAN INDUSTRIES (I) LTD.  ","100"
"05-JUN-2026","METALIETF","ICICIPRAMC - METALIETF","20"
"05-JUN-2026","MOIL","MOIL LIMITED     ","100"
"05-JUN-2026","MOTILALOFS","MOTILAL OSWAL FIN LTD   ","2,900"
"05-JUN-2026","MSTCLTD","MSTC LIMITED","3,176"
"05-JUN-2026","MUTHOOTFIN","MUTHOOT FINANCE LIMITED","1,660"
"05-JUN-2026","NATIONALUM","NATIONAL ALUMINIUM CO LTD","25"
"05-JUN-2026","NETWORK18","NETWORK 18 FINCAP LTD.","2,000"
"05-JUN-2026","NEWGEN","NEWGEN","1"
"05-JUN-2026","NH","NARAYANA HRUDAYALAYA LTD.","10"
"05-JUN-2026","OIL","OIL INDIA LTD","5"
"05-JUN-2026","OLAELEC","OLA ELECTRIC MOBILITY LTD","56,611"
"05-JUN-2026","PARAS","PARAS DEF AND SPCE TECH L","406"
"05-JUN-2026","PATANJALI","PATANJALI FOODS LIMITED","35"
"05-JUN-2026","PINELABS","PINE LABS LIMITED","500"
"05-JUN-2026","POWERINDIA","ABB POWER PRO N SYS IND L","2"
"05-JUN-2026","REFEX","REFEX INDUSTRIES LIMITED","200"
"05-JUN-2026","RPOWER","RELIANCE POWER LTD.","11"
"05-JUN-2026","SAIL","STEEL AUTHORITY OF INDIA","100"
"05-JUN-2026","SCI","SHIPPING CORP OF INDIA LT","21"
"05-JUN-2026","SPARC","SUN PHARMA ADV.RES.CO.LTD","70"
"05-JUN-2026","SUZLON","SUZLON ENERGY LIMITED","302"
"05-JUN-2026","TARIL","TRANS & RECTI. LTD","1"
"05-JUN-2026","TRENT","TRENT LIMITED","6,750"
"05-JUN-2026","TRIDENT","TRIDENT LIMITED","4"
"05-JUN-2026","VEDL","VEDANTA LIMITED","1,500"
"05-JUN-2026","WOCKPHARMA","WOCKHARDT LIMITED","25"
"05-JUN-2026","YESBANK","YES BANK LIMITED","75"
"05-JUN-2026","ZEEL","ZEE ENTERTAINMENT ENT LTD","5,502"
"08-JUN-2026","ABB","ABB LTD.","5"
"08-JUN-2026","ADANIENSOL","ADANI ENERGY SOLUTION LTD","1"
"08-JUN-2026","ADANIENT","ADANI ENTERPRISES LIMITED","4"
"08-JUN-2026","ADANIGREEN","ADANI GREEN ENERGY LTD","3"
"08-JUN-2026","ADANIPOWER","ADANI POWER LTD","44"
"08-JUN-2026","ANANDRATHI","ANAND RATHI WEALTH LTD","2"
"08-JUN-2026","ANGELONE","ANGEL ONE LTD","32"
"08-JUN-2026","ANURAS","ANUPAM RASAYAN INDIA LTD","6"
"08-JUN-2026","APOLLOHOSP","APOLLO HOSPITALS ENTERPRISE LIMITED","35"
"08-JUN-2026","ASHOKLEY","ASHOK LEYLAND LTD","3"
"08-JUN-2026","ASTRAMICRO","ASTRAMICRO","5"
"08-JUN-2026","AXISBANK","AXIS BANK LIMITED","3"
"08-JUN-2026","BANKBARODA","BANK OF BARODA","42"
"08-JUN-2026","BEL","BHARAT ELECTRONICS LTD","80"
"08-JUN-2026","BELRISE","BELRISE INDUSTRIES LTD","500"
"08-JUN-2026","BHEL","BHEL","26"
"08-JUN-2026","BIOCON","BIOCON LIMITED.","20"
"08-JUN-2026","BLUESTARCO","BLUE STAR LIMITED","7"
"08-JUN-2026","BSE","BSE LIMITED","3"
"08-JUN-2026","CCL","CCL PRODUCTS (I) LTD     ","22"
"08-JUN-2026","CDSL","CENTRAL DEPOSITORY SERVICES (INDIA) LIMITED","9"
"08-JUN-2026","CEMPRO","CEMINDIA PROJECTS LIMITED","50"
"08-JUN-2026","CGPOWER","CG POWER AND INDUSTRIAL SOLUTIONS LIMITED","26"
"08-JUN-2026","CHOLAFIN","CHOLAMANDALAM IN & FIN CO","7"
"08-JUN-2026","COCHINSHIP","COCHIN SHIPYARD LIMITED","8"
"08-JUN-2026","COROMANDEL","COROMANDEL INTERNTL. LTD ","31"
"08-JUN-2026","DCMSHRIRAM","DCM SHRIRAM LIMITED","9"
"08-JUN-2026","DEEPAKFERT","DEEPAK FERTILIZERS AND PETROCHEMICALS CORPORATION LIMITED","100"
"08-JUN-2026","EMMVEE","EMMVEE PHOTOVOLTAIC PWR L","127"
"08-JUN-2026","EXIDEIND","EXIDE INDUSTRIES LTD","26"
"08-JUN-2026","FORCEMOT","FORCE MOTORS LIMITED","1"
"08-JUN-2026","FORTIS","FORTIS HEALTHCARE (I) LTD","75"
"08-JUN-2026","GREAVESCOT","GREAVES COTTON LTD","4"
"08-JUN-2026","GRSE","GARDEN REACH SHIP&ENG LTD","50"
"08-JUN-2026","GVT&D","GE VERNOVA T&D INDIA LTD","5"
"08-JUN-2026","HAL","HINDUSTAN AERONAUTICS LTD","19"
"08-JUN-2026","HDFCBANK","HDFC BANK LTD","14"
"08-JUN-2026","HDFCLIFE","HDFC STANDARD LIFE INSURANCE COMPANY LIMITED","50"
"08-JUN-2026","HFCL","HIMACHAL FUTURISTIC COMMUNICATIONS LIMITED","13"
"08-JUN-2026","ICICIGI","ICICI LOMBARD GENERAL INSURANCE COMPANY LIMITED","22"
"08-JUN-2026","ICICIPRULI","ICICI PRU LIFE INS CO LTD ","44"
"08-JUN-2026","IDBI","IDBI Bank Limited","3,850"
"08-JUN-2026","IDEA","Vodafone Idea Limited","4,000"
"08-JUN-2026","IDEAFORGE","IDEAFORGE TECHNO LTD","1,798"
"08-JUN-2026","INDIANB","INDIAN BANK","4,000"
"08-JUN-2026","INDUSINDBK","INDUSIND BANK LIMITED","1"
"08-JUN-2026","INFY","INFOSYS TECHNOLOGIES LTD","1"
"08-JUN-2026","INOXWIND","INOX WIND LIMITED        ","118"
"08-JUN-2026","IREDA","INDIAN RENEWABLE ENERGY","61,580"
"08-JUN-2026","IRFC","IRFC","150"
"08-JUN-2026","ITC","ITC LTD","520"
"08-JUN-2026","JKLAKSHMI","JK LAKSHMI CEMENT LTD    ","4"
"08-JUN-2026","JSWINFRA","JSW INFRASTRUCTURE LTD","2"
"08-JUN-2026","KAYNES","KAYNES TECHNOLOGY IND LTD","4"
"08-JUN-2026","KEI","KEI INDUSTRIES LTD.      ","142"
"08-JUN-2026","KIMS","KRISHNA INST OF MED SCI L","2"
"08-JUN-2026","KRN","KRN HEAT EXCHANGE N REF L","371"
"08-JUN-2026","LICI","LIFE INSURA CORP OF INDIA","55"
"08-JUN-2026","LODHA","LODHA","14"
"08-JUN-2026","LTF","L&T FINANCE LIMITED","51,750"
"08-JUN-2026","M&M","MAHINDRA & MAHINDRA LTD","2"
"08-JUN-2026","MARUTI","MARUTI SUZUKI INDIA LTD.","1"
"08-JUN-2026","MAXHEALTH","MAX HEALTHCARE INS LTD","3"
"08-JUN-2026","MFSL","MAX FINANCIAL SERV LTD","7"
"08-JUN-2026","MOREPENLAB","MOREPEN LAB. LTD         ","1,463"
"08-JUN-2026","MOTHERSON","SAMVRDHNA MTHRSN INT","72"
"08-JUN-2026","MSTCLTD","MSTC LIMITED","4"
"08-JUN-2026","NAM-INDIA","NIPPON L I A M LTD","10"
"08-JUN-2026","NEULANDLAB","NEULAND LAB LTD.","40"
"08-JUN-2026","NRBBEARING","NRB BEARING LIMITED","635"
"08-JUN-2026","OIL","OIL INDIA LTD","1"
"08-JUN-2026","OLAELEC","OLA ELECTRIC MOBILITY LTD","2,999"
"08-JUN-2026","PARAS","PARAS DEF AND SPCE TECH L","20"
"08-JUN-2026","PATANJALI","PATANJALI FOODS LIMITED","900"
"08-JUN-2026","PAYTM","ONE 97 COMMUNICATIONS LTD","10"
"08-JUN-2026","PFC","POWER FIN CORP LTD.","1"
"08-JUN-2026","PGEL","PG ELECTROPLAST LTD","22"
"08-JUN-2026","PINELABS","PINE LABS LIMITED","70"
"08-JUN-2026","POCL","PONDY OXIDES & CHEM LTD","10"
"08-JUN-2026","POLYCAB","POLYCAB INDIA LIMITED","2"
"08-JUN-2026","POWERINDIA","ABB POWER PRO N SYS IND L","10"
"08-JUN-2026","PRESTIGE","PRESTIGE ESTATES PROJECTS LIMITED","8"
"08-JUN-2026","PROTEAN","PROTEAN EGOV TECHNO LTD","257"
"08-JUN-2026","RECLTD","RURAL ELEC CORP. LTD.","50"
"08-JUN-2026","RELIANCE","RELIANCE INDUSTRIES LTD","1"
"08-JUN-2026","RHIM","RHI MAGNESITA INDIA LTD","50"
"08-JUN-2026","RTNPOWER","RATTANINDIA POWER LIMITED","2,000"
"08-JUN-2026","SAGILITY","SAGILITY INDIA LIMITED","1"
"08-JUN-2026","SANDUMA","SANDUR MANG & IRON ORES L","100"
"08-JUN-2026","SBILIFE","SBI LIFE INSURANCE COMPANY LIMITED","21"
"08-JUN-2026","SKFINDIA","SKF INDIA LTD","19"
"08-JUN-2026","SKIPPER","SKIPPER LIMITED","1"
"08-JUN-2026","SOLARINDS","SOLAR INDUSTRIES (I) LTD","1"
"08-JUN-2026","SOUTHBANK","THE SOUTH INDIAN BANK LTD","21"
"08-JUN-2026","TECHM","TECH MAHINDRA LIMITED","20"
"08-JUN-2026","THOMASCOOK","THOMAS COOK (INDIA) LTD  ","1"
"08-JUN-2026","TIINDIA","TUBE INVEST OF INDIA LTD","407"
"08-JUN-2026","TRENT","TRENT LIMITED","1,628"
"08-JUN-2026","TTML","TATA TELESERV(MAHARASTRA)","1"
"08-JUN-2026","ULTRACEMCO","ULTRATECH CEMENT LIMITED","1"
"08-JUN-2026","VEDL","VEDANTA LIMITED","33"
"08-JUN-2026","VMM","VISHAL MEGA MART LIMITED","85"
"08-JUN-2026","WIPRO","WIPRO LTD","2,02,490"
"08-JUN-2026","WOCKPHARMA","WOCKHARDT LIMITED","17"
"08-JUN-2026","ZEEL","ZEE ENTERTAINMENT ENT LTD","9,132"
"08-JUN-2026","ZYDUSLIFE","ZYDUS LIFESCIENCES","31"
"09-JUN-2026","ADANIENSOL","ADANI ENERGY SOLUTION LTD","6"
"09-JUN-2026","ADANIENT","ADANI ENTERPRISES LIMITED","86"
"09-JUN-2026","ADANIGREEN","ADANI GREEN ENERGY LTD","105"
"09-JUN-2026","ADANIPORTS","ADANI PORT & SEZ LTD","7"
"09-JUN-2026","APOLLOHOSP","APOLLO HOSPITALS ENTERPRISE LIMITED","1"
"09-JUN-2026","ASHOKLEY","ASHOK LEYLAND LTD","330"
"09-JUN-2026","ATHERENERG","ATHER ENERGY LIMITED","1,961"
"09-JUN-2026","AUBANK","AU SMALL FINANCE BANK LIMITED","7"
"09-JUN-2026","AZAD","AZAD ENGINEERING LIMITED","20"
"09-JUN-2026","BAJFINANCE","BAJAJ FINANCE LIMITED","247"
"09-JUN-2026","BANDHANBNK","BANDHAN BANK LIMITED","91"
"09-JUN-2026","BANKBARODA","BANK OF BARODA","3,814"
"09-JUN-2026","BBTC","BOMBAY BURMAH TRADING COR","430"
"09-JUN-2026","BEL","BHARAT ELECTRONICS LTD","115"
"09-JUN-2026","BELRISE","BELRISE INDUSTRIES LTD","600"
"09-JUN-2026","BHARTIARTL","BHARTI AIRTEL LIMITED","7"
"09-JUN-2026","BHEL","BHEL","15"
"09-JUN-2026","BIOCON","BIOCON LIMITED.","10"
"09-JUN-2026","BOSCHLTD","BOSCH LIMITED","16"
"09-JUN-2026","BPCL","BHARAT PETROLEUM CORP  LT","98"
"09-JUN-2026","BSE","BSE LIMITED","97"
"09-JUN-2026","CAMS","COMPUTER AGE MGMT SER LTD","60"
"09-JUN-2026","CANBK","CANARA BANK","607"
"09-JUN-2026","CARTRADE","CARTRADE TECH LIMITED","200"
"09-JUN-2026","CEMPRO","CEMINDIA PROJECTS LIMITED","18,185"
"09-JUN-2026","CONCOR","CONTAINER CORP OF IND LTD","83"
"09-JUN-2026","CUMMINSIND","CUMMINS INDIA LTD","2"
"09-JUN-2026","DATAPATTNS","DATA PATTERNS INDIA LTD","58"
"09-JUN-2026","DCMSHRIRAM","DCM SHRIRAM LIMITED","345"
"09-JUN-2026","DEEPAKFERT","DEEPAK FERTILIZERS AND PETROCHEMICALS CORPORATION LIMITED","105"
"09-JUN-2026","DIVISLAB","DIVI'S LABORATORIES LTD","11"
"09-JUN-2026","DIXON","DIXON TECHNO (INDIA) LTD","1"
"09-JUN-2026","DLF","DLF LIMITED","11"
"09-JUN-2026","EXIDEIND","EXIDE INDUSTRIES LTD","148"
"09-JUN-2026","FEDERALBNK","FEDERAL BANK LTD","27"
"09-JUN-2026","GMRAIRPORT","GMR AIRPORTS LIMITED","110"
"09-JUN-2026","GMRP&UI","GMR POW AND URBAN INFRA L","11"
"09-JUN-2026","GODREJPROP","GODREJ PROPERTIES LTD","160"
"09-JUN-2026","GRASIM","GRASIM INDUSTRIES LTD","1"
"09-JUN-2026","GVT&D","GE VERNOVA T&D INDIA LTD","2"
"09-JUN-2026","HAL","HINDUSTAN AERONAUTICS LTD","1"
"09-JUN-2026","HDFCBANK","HDFC BANK LTD","180"
"09-JUN-2026","HFCL","HIMACHAL FUTURISTIC COMMUNICATIONS LIMITED","1"
"09-JUN-2026","HINDOILEXP","HINDUSTAN OIL EXPLORATION","300"
"09-JUN-2026","HINDZINC","HINDUSTAN ZINC LIMITED","3,692"
"09-JUN-2026","HYUNDAI","HYUNDAI MOTOR INDIA LTD","1"
"09-JUN-2026","IDBI","IDBI Bank Limited","3,050"
"09-JUN-2026","IDEA","Vodafone Idea Limited","450"
"09-JUN-2026","IDEAFORGE","IDEAFORGE TECHNO LTD","500"
"09-JUN-2026","IFCI","IFCI LTD","25"
"09-JUN-2026","INDHOTEL","THE INDIAN HOTELS CO. LTD","25"
"09-JUN-2026","INDIGO","INTERGLOBE AVIATION LTD  ","3"
"09-JUN-2026","INDUSTOWER","INDUS","75"
"09-JUN-2026","IREDA","INDIAN RENEWABLE ENERGY","10,425"
"09-JUN-2026","IRFC","IRFC","146"
"09-JUN-2026","ITI","ITI LTD","200"
"09-JUN-2026","JIOFIN","JIO FIN SERVICES LTD","102"
"09-JUN-2026","KEI","KEI INDUSTRIES LTD.      ","33"
"09-JUN-2026","LAURUSLABS","LAURUS LABS LIMITED","6"
"09-JUN-2026","LICI","LIFE INSURA CORP OF INDIA","588"
"09-JUN-2026","LODHA","LODHA","9"
"09-JUN-2026","LTF","L&T FINANCE LIMITED","43"
"09-JUN-2026","MCX","MULTI COMMODITY EXCHANGE OF INDIA LIMITED","1"
"09-JUN-2026","MEESHO","MEESHO LIMITED","100"
"09-JUN-2026","MFSL","MAX FINANCIAL SERV LTD","2"
"09-JUN-2026","MIDHANI","MIDHANI","50"
"09-JUN-2026","NBCC","NATIONAL BUILDINGS LTD   ","400"
"09-JUN-2026","NLCINDIA","NLC INDIA LIMITED","1,54,844"
"09-JUN-2026","NMDC","NMDC LTD.","6,466"
"09-JUN-2026","NRBBEARING","NRB BEARING LIMITED","10"
"09-JUN-2026","ONGC","OIL AND NATURAL GAS CORP.","13"
"09-JUN-2026","PARAS","PARAS DEF AND SPCE TECH L","23"
"09-JUN-2026","PETRONET","PETRONET LNG LIMITED","4"
"09-JUN-2026","PFC","POWER FIN CORP LTD.","31"
"09-JUN-2026","PGEL","PG ELECTROPLAST LTD","8"
"09-JUN-2026","PIIND","PI INDUSTRIES LTD        ","139"
"09-JUN-2026","PINELABS","PINE LABS LIMITED","1,300"
"09-JUN-2026","PNB","PUNJAB NATIONAL BANK","987"
"09-JUN-2026","POLYCAB","POLYCAB INDIA LIMITED","1"
"09-JUN-2026","PREMEXPLN","PREMIER EXPLOSIVES LTD","354"
"09-JUN-2026","QPOWER","QUALITY POWER ELEC EQUP L","522"
"09-JUN-2026","QUESS","QUESS CORP LIMITED","10"
"09-JUN-2026","RAIN","RAIN INDUSTRIES LIMITED","2,300"
"09-JUN-2026","RAYMOND","RAYMOND LIMITED","1"
"09-JUN-2026","RBLBANK","RBL BANK LIMITED    ","150"
"09-JUN-2026","REFEX","REFEX INDUSTRIES LIMITED","1,900"
"09-JUN-2026","RELIANCE","RELIANCE INDUSTRIES LTD","92"
"09-JUN-2026","RVNL","RVNL","219"
"09-JUN-2026","SAMMAANCAP","SAMMAAN CAPITAL LIMITED","26"
"09-JUN-2026","SBICARD","SBI CARDS & PAY SER LTD","1"
"09-JUN-2026","SBIN","STATE BANK OF INDIA","2,052"
"09-JUN-2026","SUNPHARMA","SUN PHARMACEUTICALS IND.","3"
"09-JUN-2026","SURYAROSNI","SURYA ROSHNI LTD","150"
"09-JUN-2026","SWARAJENG","SWARAJ ENGINES LTD","1"
"09-JUN-2026","SWIGGY","SWIGGY LIMITED","300"
"09-JUN-2026","TATAPOWER","TATA POWER CO LTD","13"
"09-JUN-2026","TECHM","TECH MAHINDRA LIMITED","10"
"09-JUN-2026","THANGAMAYL","THANGAMAYIL JEWELLERY LTD","12"
"09-JUN-2026","TIINDIA","TUBE INVEST OF INDIA LTD","4"
"09-JUN-2026","TRENT","TRENT LIMITED","1,003"
"09-JUN-2026","TRITURBINE","TRIVENI TURBINE LIMITED","3"
"09-JUN-2026","UNIONBANK","UNION BANK OF INDIA","100"
"09-JUN-2026","VBL","VARUN BEVERAGES LIMITED    ","33"
"09-JUN-2026","VEDL","VEDANTA LIMITED","93"
"09-JUN-2026","VIKRAMSOLR","VIKRAM SOLAR LIMITED","500"
"09-JUN-2026","VOLTAMP","VOLTAMP TRANSFORMERS LTD","50"
"09-JUN-2026","VOLTAS","VOLTAS LTD","10"
"09-JUN-2026","WAAREEENER","WAAREE ENERGIES LIMITED","5"
"09-JUN-2026","WABAG","VA TECH WABAG LTD        ","5"
"09-JUN-2026","WIPRO","WIPRO LTD","8,121"
"09-JUN-2026","ZYDUSLIFE","ZYDUS LIFESCIENCES","280"
"10-JUN-2026","ADANIENSOL","ADANI ENERGY SOLUTION LTD","675"
"10-JUN-2026","ADANIPOWER","ADANI POWER LTD","10"
"10-JUN-2026","AFCONS","AFCONS INFRASTRUCTURE LTD","50"
"10-JUN-2026","AMBUJACEM","AMBUJA CEMENTS LTD","400"
"10-JUN-2026","ASHOKLEY","ASHOK LEYLAND LTD","309"
"10-JUN-2026","ASIANPAINT","ASIAN PAINTS LIMITED","6"
"10-JUN-2026","ASTRAMICRO","ASTRAMICRO","200"
"10-JUN-2026","AUBANK","AU SMALL FINANCE BANK LIMITED","1"
"10-JUN-2026","AXISBANK","AXIS BANK LIMITED","50"
"10-JUN-2026","BAJFINANCE","BAJAJ FINANCE LIMITED","8"
"10-JUN-2026","BANKBARODA","BANK OF BARODA","1"
"10-JUN-2026","BELRISE","BELRISE INDUSTRIES LTD","100"
"10-JUN-2026","BHARTIARTL","BHARTI AIRTEL LIMITED","100"
"10-JUN-2026","BHEL","BHEL","5"
"10-JUN-2026","BIOCON","BIOCON LIMITED.","25"
"10-JUN-2026","CEMPRO","CEMINDIA PROJECTS LIMITED","5"
"10-JUN-2026","CGPOWER","CG POWER AND INDUSTRIAL SOLUTIONS LIMITED","10"
"10-JUN-2026","CHAMBLFERT","CHAMBAL FERTILIZERS LTD","250"
"10-JUN-2026","COALINDIA","COALINDIA","23,350"
"10-JUN-2026","CUPID","CUPID LIMITED","2"
"10-JUN-2026","DATAPATTNS","DATA PATTERNS INDIA LTD","111"
"10-JUN-2026","DIXON","DIXON TECHNO (INDIA) LTD","60"
"10-JUN-2026","DRREDDY","DR. REDDY'S LABORATORIES","1"
"10-JUN-2026","GNFC","GUJARAT NARMADA FERT. CO","150"
"10-JUN-2026","GODREJCP","GODREJ CONSUMER PRODUCTS LIMITED","390"
"10-JUN-2026","GPIL","GPIL","4,000"
"10-JUN-2026","HDFCBANK","HDFC BANK LTD","295"
"10-JUN-2026","HDFCSML250","HDFCAMC - HDFCSML250","837"
"10-JUN-2026","HFCL","HIMACHAL FUTURISTIC COMMUNICATIONS LIMITED","10"
"10-JUN-2026","HINDALCO","HINDALCO  INDUSTRIES  LTD","100"
"10-JUN-2026","HINDZINC","HINDUSTAN ZINC LIMITED","50"
"10-JUN-2026","ICICIBANK","ICICI BANK LTD.","2,501"
"10-JUN-2026","IDEA","Vodafone Idea Limited","1"
"10-JUN-2026","INDHOTEL","THE INDIAN HOTELS CO. LTD","55"
"10-JUN-2026","INDIGO","INTERGLOBE AVIATION LTD  ","6"
"10-JUN-2026","INDUSTOWER","INDUS","6"
"10-JUN-2026","JSWSTEEL","JSW STEEL LIMITED","50"
"10-JUN-2026","JUBLFOOD","JUBILANT FOODWORKS LTD","1"
"10-JUN-2026","JYOTISTRUC","JYOTI STRUCTURES LTD","2,000"
"10-JUN-2026","KNRCON","KNR CONSTRU LTD","1,090"
"10-JUN-2026","KOTAKBANK","KOTAK MAHINDRA BANK LTD","17"
"10-JUN-2026","KPITTECH","KPIT TECHNOLOGIES LTD","150"
"10-JUN-2026","KRN","KRN HEAT EXCHANGE N REF L","135"
"10-JUN-2026","LEMONTREE","LEMON TREE HOTELS LTD","1,324"
"10-JUN-2026","LT","LARSEN & TOUBRO LTD.","110"
"10-JUN-2026","MOBIKWIK","ONE MOBIKWIK SYSTEMS LTD","1"
"10-JUN-2026","MOTHERSON","SAMVRDHNA MTHRSN INT","500"
"10-JUN-2026","MRPL","MRPL","100"
"10-JUN-2026","MSTCLTD","MSTC LIMITED","1"
"10-JUN-2026","NLCINDIA","NLC INDIA LIMITED","1"
"10-JUN-2026","NTPC","NTPC LTD","24"
"10-JUN-2026","PAISALO","PAISALO DIGITAL LIMITED","6,699"
"10-JUN-2026","PARAS","PARAS DEF AND SPCE TECH L","2"
"10-JUN-2026","PFC","POWER FIN CORP LTD.","1"
"10-JUN-2026","PIDILITIND","PIDILITE INDUSTRIES LIMITED","8"
"10-JUN-2026","PIIND","PI INDUSTRIES LTD        ","20"
"10-JUN-2026","RAIN","RAIN INDUSTRIES LIMITED","500"
"10-JUN-2026","RAYMONDREL","RAYMOND REALTY LIMITED","13"
"10-JUN-2026","REFEX","REFEX INDUSTRIES LIMITED","250"
"10-JUN-2026","RELIANCE","RELIANCE INDUSTRIES LTD","40"
"10-JUN-2026","RVNL","RVNL","400"
"10-JUN-2026","SBIN","STATE BANK OF INDIA","11"
"10-JUN-2026","SIEMENS","SIEMENS LTD","2,100"
"10-JUN-2026","TCS","TATA CONSULTANCY SERV LT","93"
"10-JUN-2026","TRENT","TRENT LIMITED","1,715"
"10-JUN-2026","UNIONBANK","UNION BANK OF INDIA","1"
"10-JUN-2026","UPL","UPL LIMITED","25"
"10-JUN-2026","VBL","VARUN BEVERAGES LIMITED    ","2"
"10-JUN-2026","WABAG","VA TECH WABAG LTD        ","100"
"10-JUN-2026","YESBANK","YES BANK LIMITED","500"
"10-JUN-2026","ZYDUSLIFE","ZYDUS LIFESCIENCES","29"
"11-JUN-2026","360ONE","360 ONE WAM LIMITED","412"
"11-JUN-2026","ABB","ABB LTD.","10"
"11-JUN-2026","ADANIPOWER","ADANI POWER LTD","50"
"11-JUN-2026","AEGISLOG","AEGIS LOGISTICS LIMITED","114"
"11-JUN-2026","ASTRAMICRO","ASTRAMICRO","1"
"11-JUN-2026","AXISBANK","AXIS BANK LIMITED","80"
"11-JUN-2026","BAJAJFINSV","BAJAJ FINSERV LIMITED","1"
"11-JUN-2026","BAJFINANCE","BAJAJ FINANCE LIMITED","20"
"11-JUN-2026","BALKRISIND","BALKRISHNA IND. LTD      ","2,500"
"11-JUN-2026","BANDHANBNK","BANDHAN BANK LIMITED","7"
"11-JUN-2026","BELRISE","BELRISE INDUSTRIES LTD","5"
"11-JUN-2026","BSE","BSE LIMITED","50"
"11-JUN-2026","COCHINSHIP","COCHIN SHIPYARD LIMITED","3,990"
"11-JUN-2026","CUPID","CUPID LIMITED","50"
"11-JUN-2026","DIVISLAB","DIVI'S LABORATORIES LTD","4"
"11-JUN-2026","DIXON","DIXON TECHNO (INDIA) LTD","2"
"11-JUN-2026","DLF","DLF LIMITED","150"
"11-JUN-2026","DRREDDY","DR. REDDY'S LABORATORIES","4,375"
"11-JUN-2026","FORTIS","FORTIS HEALTHCARE (I) LTD","1"
"11-JUN-2026","HDFCBANK","HDFC BANK LTD","250"
"11-JUN-2026","HFCL","HIMACHAL FUTURISTIC COMMUNICATIONS LIMITED","2,838"
"11-JUN-2026","HINDPETRO","HINDUSTAN PETROLEUM CORP","258"
"11-JUN-2026","HINDZINC","HINDUSTAN ZINC LIMITED","202"
"11-JUN-2026","HYUNDAI","HYUNDAI MOTOR INDIA LTD","100"
"11-JUN-2026","ICICIBANK","ICICI BANK LTD.","207"
"11-JUN-2026","IDEA","Vodafone Idea Limited","1,150"
"11-JUN-2026","IDEAFORGE","IDEAFORGE TECHNO LTD","2"
"11-JUN-2026","IFBIND","IFB INDUSTRIES LIMITED","1"
"11-JUN-2026","IFCI","IFCI LTD","14"
"11-JUN-2026","INDIACEM","THE INDIA CEMENTS LIMITED","25"
"11-JUN-2026","INDIANB","INDIAN BANK","200"
"11-JUN-2026","INDUSTOWER","INDUS","5,969"
"11-JUN-2026","INOXINDIA","INOX INDIA LIMITED","69"
"11-JUN-2026","IRCTC","INDIAN RAIL TOUR CORP LTD","4"
"11-JUN-2026","IREDA","INDIAN RENEWABLE ENERGY","114"
"11-JUN-2026","JSWSTEEL","JSW STEEL LIMITED","100"
"11-JUN-2026","KFINTECH","KFIN TECHNOLOGIES LIMITED","14"
"11-JUN-2026","KNRCON","KNR CONSTRU LTD","1"
"11-JUN-2026","LTM","LTIMINDTREE LIMITED","25"
"11-JUN-2026","LUMAXTECH","LUMAX AUTO TECH LTD","9"
"11-JUN-2026","M&M","MAHINDRA & MAHINDRA LTD","19"
"11-JUN-2026","MAZDOCK","MAZAGON DOCK SHIPBUIL LTD","71"
"11-JUN-2026","MCX","MULTI COMMODITY EXCHANGE OF INDIA LIMITED","1"
"11-JUN-2026","MEDPLUS","MEDPLUS HEALTH SERV LTD","6"
"11-JUN-2026","MEESHO","MEESHO LIMITED","6"
"11-JUN-2026","MOTHERSON","SAMVRDHNA MTHRSN INT","14,354"
"11-JUN-2026","MRPL","MRPL","1,500"
"11-JUN-2026","NMDC","NMDC LTD.","1"
"11-JUN-2026","OLAELEC","OLA ELECTRIC MOBILITY LTD","400"
"11-JUN-2026","PAYTM","ONE 97 COMMUNICATIONS LTD","89"
"11-JUN-2026","QUESS","QUESS CORP LIMITED","500"
"11-JUN-2026","SAIL","STEEL AUTHORITY OF INDIA","1,460"
"11-JUN-2026","SBIN","STATE BANK OF INDIA","247"
"11-JUN-2026","SHREECEM","SHREE CEMENTS LTD","25"
"11-JUN-2026","SUNTV","SUN TV NETWORK LIMITED","19"
"11-JUN-2026","SYRMA","SYRMA SGS TECHNOLOGY LTD","10"
"11-JUN-2026","TATACHEM","TATA CHEMICALS LTD","10"
"11-JUN-2026","TATAELXSI","TATA ELXSI LIMITED       ","2"
"11-JUN-2026","TATAINVEST","TATA INVESTMENT CORPORATION LIMITED","8"
"11-JUN-2026","TCS","TATA CONSULTANCY SERV LT","6"
"11-JUN-2026","TORNTPHARM","TORRENT PHARMACEUTICALS L","2"
"11-JUN-2026","VBL","VARUN BEVERAGES LIMITED    ","40"
"11-JUN-2026","VEDL","VEDANTA LIMITED","26,655"
"11-JUN-2026","VISHNU","VISHNU CHEMICALS LIMITED","1,308"
"11-JUN-2026","WIPRO","WIPRO LTD","18,697"
"11-JUN-2026","WOCKPHARMA","WOCKHARDT LIMITED","5"
"11-JUN-2026","ZEEL","ZEE ENTERTAINMENT ENT LTD","3,121"
"11-JUN-2026","ZYDUSLIFE","ZYDUS LIFESCIENCES","180"
"12-JUN-2026","ABB","ABB LTD.","15"
"12-JUN-2026","ADANIPOWER","ADANI POWER LTD","1,464"
"12-JUN-2026","AEGISLOG","AEGIS LOGISTICS LIMITED","278"
"12-JUN-2026","AIIL","AUTHUM INVEST & INFRA LTD","1"
"12-JUN-2026","ANGELONE","ANGEL ONE LTD","283"
"12-JUN-2026","APARINDS","APAR INDUSTRIES LTD.","1"
"12-JUN-2026","APTUS","APTUS VALUE HSG FIN I LTD","25"
"12-JUN-2026","ASHOKLEY","ASHOK LEYLAND LTD","2,500"
"12-JUN-2026","ASIANPAINT","ASIAN PAINTS LIMITED","26"
"12-JUN-2026","AXISBANK","AXIS BANK LIMITED","45"
"12-JUN-2026","BAJAJ-AUTO","BAJAJ AUTO LIMITED","6"
"12-JUN-2026","BANDHANBNK","BANDHAN BANK LIMITED","100"
"12-JUN-2026","BANKBARODA","BANK OF BARODA","15"
"12-JUN-2026","BELRISE","BELRISE INDUSTRIES LTD","5"
"12-JUN-2026","BEML","BEML LIMITED","1"
"12-JUN-2026","BHEL","BHEL","2"
"12-JUN-2026","BIOCON","BIOCON LIMITED.","25"
"12-JUN-2026","BPCL","BHARAT PETROLEUM CORP  LT","1,110"
"12-JUN-2026","BRITANNIA","BRITANNIA INDUSTRIES LIMITED","17"
"12-JUN-2026","CDSL","CENTRAL DEPOSITORY SERVICES (INDIA) LIMITED","350"
"12-JUN-2026","COFORGE","COFORGE LIMITED","50"
"12-JUN-2026","DCAL","DISHMAN CARBO AMCIS LTD","2,000"
"12-JUN-2026","DIACABS","DIAMOND POWER INFRA LTD","50"
"12-JUN-2026","DIXON","DIXON TECHNO (INDIA) LTD","77"
"12-JUN-2026","ETERNAL","ETERNAL LIMITED","28,782"
"12-JUN-2026","GAIL","GAIL (INDIA) LTD","87"
"12-JUN-2026","GMRAIRPORT","GMR AIRPORTS LIMITED","2"
"12-JUN-2026","GODREJPROP","GODREJ PROPERTIES LTD","301"
"12-JUN-2026","GRSE","GARDEN REACH SHIP&ENG LTD","1"
"12-JUN-2026","HDFCBANK","HDFC BANK LTD","37"
"12-JUN-2026","HEG","HEG LIMITED","200"
"12-JUN-2026","HFCL","HIMACHAL FUTURISTIC COMMUNICATIONS LIMITED","18,377"
"12-JUN-2026","HINDPETRO","HINDUSTAN PETROLEUM CORP","910"
"12-JUN-2026","HINDZINC","HINDUSTAN ZINC LIMITED","1,000"
"12-JUN-2026","HYUNDAI","HYUNDAI MOTOR INDIA LTD","50"
"12-JUN-2026","ICICIBANK","ICICI BANK LTD.","80"
"12-JUN-2026","IDEA","Vodafone Idea Limited","6,230"
"12-JUN-2026","IDFCFIRSTB","IDFC FIRST BANK LIMI","20"
"12-JUN-2026","IFCI","IFCI LTD","27,34,049"
"12-JUN-2026","IIFL","IIFL HOLDINGS LIMITED","37"
"12-JUN-2026","INDHOTEL","THE INDIAN HOTELS CO. LTD","70"
"12-JUN-2026","INDIANB","INDIAN BANK","160"
"12-JUN-2026","INDIGO","INTERGLOBE AVIATION LTD  ","20"
"12-JUN-2026","INDUSINDBK","INDUSIND BANK LIMITED","5"
"12-JUN-2026","INOXGREEN","INOX GREEN ENERGY SER LTD","25"
"12-JUN-2026","INOXWIND","INOX WIND LIMITED        ","110"
"12-JUN-2026","IOB","INDIAN OVERSEAS BANK","100"
"12-JUN-2026","IOC","INDIAN OIL CORP LTD","1,000"
"12-JUN-2026","IREDA","INDIAN RENEWABLE ENERGY","50"
"12-JUN-2026","ITC","ITC LTD","1"
"12-JUN-2026","JIOFIN","JIO FIN SERVICES LTD","25"
"12-JUN-2026","JSWSTEEL","JSW STEEL LIMITED","100"
"12-JUN-2026","JYOTICNC","JYOTI CNC AUTOMATION LTD","1"
"12-JUN-2026","KOTAKBANK","KOTAK MAHINDRA BANK LTD","15"
"12-JUN-2026","KRN","KRN HEAT EXCHANGE N REF L","3"
"12-JUN-2026","LT","LARSEN & TOUBRO LTD.","2,027"
"12-JUN-2026","LTF","L&T FINANCE LIMITED","75"
"12-JUN-2026","MAHABANK","MAHABANK","5"
"12-JUN-2026","MANAPPURAM","MANAPPURAM FINANCE LTD","10"
"12-JUN-2026","MARUTI","MARUTI SUZUKI INDIA LTD.","20"
"12-JUN-2026","MID150CASE","ZERODHAAMC - MID150CASE","81"
"12-JUN-2026","MOMIDMTM","MOTILALAMC - MOMIDMTM","2"
"12-JUN-2026","NCC","NCC LIMITED","150"
"12-JUN-2026","NESTLEIND","NESTLE INDIA LIMITED","100"
"12-JUN-2026","NMDC","NMDC LTD.","10"
"12-JUN-2026","NUVAMA","NUVAMA WEALTH MANAGE LTD","27"
"12-JUN-2026","OFSS","Oracle Financial Services Software Limited","2,500"
"12-JUN-2026","OLAELEC","OLA ELECTRIC MOBILITY LTD","700"
"12-JUN-2026","ONESOURCE","ONESOURCE SPECL PHARMA L","236"
"12-JUN-2026","PINELABS","PINE LABS LIMITED","79"
"12-JUN-2026","POLYCAB","POLYCAB INDIA LIMITED","936"
"12-JUN-2026","POLYMED","POLY MEDICURE LTD ","50"
"12-JUN-2026","QPOWER","QUALITY POWER ELEC EQUP L","9"
"12-JUN-2026","RAYMONDLSL","RAYMOND LIFESTYLE LIMITED","342"
"12-JUN-2026","REFEX","REFEX INDUSTRIES LIMITED","100"
"12-JUN-2026","RELIANCE","RELIANCE INDUSTRIES LTD","30"
"12-JUN-2026","RELIGARE","RELIGARE ENTERPRISES LIMITED","8"
"12-JUN-2026","RVNL","RVNL","125"
"12-JUN-2026","SAIL","STEEL AUTHORITY OF INDIA","983"
"12-JUN-2026","SHAKTIPUMP","SHAKTI PUMPS (I) LTD","100"
"12-JUN-2026","SKIPPER","SKIPPER LIMITED","4"
"12-JUN-2026","SPARC","SUN PHARMA ADV.RES.CO.LTD","15,666"
"12-JUN-2026","SUNTV","SUN TV NETWORK LIMITED","10"
"12-JUN-2026","SYRMA","SYRMA SGS TECHNOLOGY LTD","1"
"12-JUN-2026","TATATECH","TATA TECHNOLOGIES LIMITED","5"
"12-JUN-2026","VEDL","VEDANTA LIMITED","25"
"12-JUN-2026","VIPIND","VIP INDUSTRIES LTD","1,250"
"12-JUN-2026","WEBELSOLAR","WEBSOL ENERGY SYSTEM LTD","1"
"12-JUN-2026","WIPRO","WIPRO LTD","665"
"12-JUN-2026","YESBANK","YES BANK LIMITED","2,600"
"12-JUN-2026","ZEEL","ZEE ENTERTAINMENT ENT LTD","620"
"15-JUN-2026","ABB","ABB LTD.","15"
"15-JUN-2026","AEGISLOG","AEGIS LOGISTICS LIMITED","10"
"15-JUN-2026","ANGELONE","ANGEL ONE LTD","24"
"15-JUN-2026","APOLLOHOSP","APOLLO HOSPITALS ENTERPRISE LIMITED","10"
"15-JUN-2026","ASHOKLEY","ASHOK LEYLAND LTD","960"
"15-JUN-2026","ATHERENERG","ATHER ENERGY LIMITED","450"
"15-JUN-2026","AXISBANK","AXIS BANK LIMITED","7"
"15-JUN-2026","BAJAJFINSV","BAJAJ FINSERV LIMITED","2"
"15-JUN-2026","BALKRISIND","BALKRISHNA IND. LTD      ","1"
"15-JUN-2026","BANDHANBNK","BANDHAN BANK LIMITED","200"
"15-JUN-2026","BHEL","BHEL","18"
"15-JUN-2026","BPCL","BHARAT PETROLEUM CORP  LT","3"
"15-JUN-2026","BRITANNIA","BRITANNIA INDUSTRIES LIMITED","5"
"15-JUN-2026","CAMLINFINE","CAMLIN FINE SCIENCES LTD ","679"
"15-JUN-2026","CANBK","CANARA BANK","40"
"15-JUN-2026","CARTRADE","CARTRADE TECH LIMITED","50"
"15-JUN-2026","CDSL","CENTRAL DEPOSITORY SERVICES (INDIA) LIMITED","265"
"15-JUN-2026","CEMPRO","CEMINDIA PROJECTS LIMITED","3,779"
"15-JUN-2026","CHENNPETRO","CHENNAI PETROLEUM CORP LT","2"
"15-JUN-2026","CHOLAFIN","CHOLAMANDALAM IN & FIN CO","1"
"15-JUN-2026","COALINDIA","COALINDIA","9"
"15-JUN-2026","COFORGE","COFORGE LIMITED","1,300"
"15-JUN-2026","CUB","CITY UNION BANK LTD      ","40,241"
"15-JUN-2026","CUPID","CUPID LIMITED","9"
"15-JUN-2026","DIAMONDYD","PRATAAP SNACKS LIMITED","379"
"15-JUN-2026","DIXON","DIXON TECHNO (INDIA) LTD","3"
"15-JUN-2026","DLF","DLF LIMITED","818"
"15-JUN-2026","DRREDDY","DR. REDDY'S LABORATORIES","16,566"
"15-JUN-2026","EUREKAFORB","EUREKA FORBES LIMITED","4"
"15-JUN-2026","FORTIS","FORTIS HEALTHCARE (I) LTD","775"
"15-JUN-2026","FUSION","FUSION MICRO FINANCE LTD","1"
"15-JUN-2026","GABRIEL","GABRIEL INDIA LTD","1"
"15-JUN-2026","GAIL","GAIL (INDIA) LTD","5"
"15-JUN-2026","GMRAIRPORT","GMR AIRPORTS LIMITED","502"
"15-JUN-2026","GMRP&UI","GMR POW AND URBAN INFRA L","130"
"15-JUN-2026","GODREJPROP","GODREJ PROPERTIES LTD","10"
"15-JUN-2026","GRAVITA","GRAVITA INDIA LIMITED","50"
"15-JUN-2026","GROWW","BILLIONBRAINS GARAGE VN L","110"
"15-JUN-2026","GTLINFRA","GTL INFRA.LTD","35,346"
"15-JUN-2026","HDBFS","HDB FINANCIAL SERVICES L","1"
"15-JUN-2026","HDFCAMC","HDFC AMC LIMITED","10"
"15-JUN-2026","HFCL","HIMACHAL FUTURISTIC COMMUNICATIONS LIMITED","2"
"15-JUN-2026","IDEA","Vodafone Idea Limited","54"
"15-JUN-2026","IDEAFORGE","IDEAFORGE TECHNO LTD","16"
"15-JUN-2026","IFCI","IFCI LTD","91,745"
"15-JUN-2026","INDHOTEL","THE INDIAN HOTELS CO. LTD","300"
"15-JUN-2026","INDIGO","INTERGLOBE AVIATION LTD  ","19"
"15-JUN-2026","IOB","INDIAN OVERSEAS BANK","4"
"15-JUN-2026","IOC","INDIAN OIL CORP LTD","200"
"15-JUN-2026","IRB","IRB INFRA DEV LTD.","3,343"
"15-JUN-2026","IREDA","INDIAN RENEWABLE ENERGY","50"
"15-JUN-2026","JAINREC","JAIN RESOURCE RECYCLING L","15"
"15-JUN-2026","JIOFIN","JIO FIN SERVICES LTD","53"
"15-JUN-2026","KAJARIACER","KAJARIA CERAMICS LTD     ","1"
"15-JUN-2026","KALYANKJIL","KALYAN JEWELLERS IND LTD","355"
"15-JUN-2026","KANSAINER","KANSAI NEROLAC PAINTS LTD","885"
"15-JUN-2026","KAYNES","KAYNES TECHNOLOGY IND LTD","1"
"15-JUN-2026","KEI","KEI INDUSTRIES LTD.      ","6"
"15-JUN-2026","KOTAKBANK","KOTAK MAHINDRA BANK LTD","999"
"15-JUN-2026","KRN","KRN HEAT EXCHANGE N REF L","3"
"15-JUN-2026","LT","LARSEN & TOUBRO LTD.","2,021"
"15-JUN-2026","MAHABANK","MAHABANK","16,017"
"15-JUN-2026","MANAPPURAM","MANAPPURAM FINANCE LTD","25"
"15-JUN-2026","MARUTI","MARUTI SUZUKI INDIA LTD.","100"
"15-JUN-2026","MCX","MULTI COMMODITY EXCHANGE OF INDIA LIMITED","6"
"15-JUN-2026","MOBIKWIK","ONE MOBIKWIK SYSTEMS LTD","5,000"
"15-JUN-2026","MOIL","MOIL LIMITED     ","34"
"15-JUN-2026","NAVINFLUOR","NAVIN FLUORINE INT. LTD","8"
"15-JUN-2026","NBCC","NATIONAL BUILDINGS LTD   ","1"
"15-JUN-2026","NHPC","NHPC LTD","1,712"
"15-JUN-2026","NTPCGREEN","NTPC GREEN ENERGY LIMITED","5"
"15-JUN-2026","OIL","OIL INDIA LTD","1"
"15-JUN-2026","ONESOURCE","ONESOURCE SPECL PHARMA L","27"
"15-JUN-2026","PARAS","PARAS DEF AND SPCE TECH L","2"
"15-JUN-2026","PAYTM","ONE 97 COMMUNICATIONS LTD","6"
"15-JUN-2026","PCJEWELLER","PC JEWELLER LTD          ","11"
"15-JUN-2026","PHOENIXLTD","THE PHOENIX MILLS LIMITED","35"
"15-JUN-2026","PRESTIGE","PRESTIGE ESTATES PROJECTS LIMITED","4"
"15-JUN-2026","PRIVISCL","PRIVI SPECIALITY CHE LTD","2"
"15-JUN-2026","PSUBNKBEES","GOLDMAN SACHS PSU BNK ETF","141"
"15-JUN-2026","RAIN","RAIN INDUSTRIES LIMITED","5,450"
"15-JUN-2026","RCF","RASHTRIYA CHEMICALS AND FERTILIZERS LIMITED","41"
"15-JUN-2026","RELIANCE","RELIANCE INDUSTRIES LTD","531"
"15-JUN-2026","RVNL","RVNL","25"
"15-JUN-2026","SANGHVIMOV","SANGHVI MOVERS LTD","100"
"15-JUN-2026","SBIN","STATE BANK OF INDIA","100"
"15-JUN-2026","SHRIRAMFIN","SHRIRAM FINANCE LIMITED","3,305"
"15-JUN-2026","SOUTHBANK","THE SOUTH INDIAN BANK LTD","50"
"15-JUN-2026","SWIGGY","SWIGGY LIMITED","1"
"15-JUN-2026","TARIL","TRANS & RECTI. LTD","100"
"15-JUN-2026","TATATECH","TATA TECHNOLOGIES LIMITED","10"
"15-JUN-2026","TEJASNET","TEJAS NETWORKS LIMITED","100"
"15-JUN-2026","TITAN","TITAN INDUSTRIES LTD","31"
"15-JUN-2026","TMPV","TATA MOTORS PASS VEH LTD","50"
"15-JUN-2026","TORNTPHARM","TORRENT PHARMACEUTICALS L","2"
"15-JUN-2026","TRENT","TRENT LIMITED","199"
"15-JUN-2026","TVSMOTOR","TVS MOTOR COMPANY  LTD","3"
"15-JUN-2026","UCOBANK","UCO BANK","650"
"15-JUN-2026","ULTRACEMCO","ULTRATECH CEMENT LIMITED","2"
"15-JUN-2026","UNITDSPR","UNITED SPIRITS LIMITED","15"
"15-JUN-2026","VEDL","VEDANTA LIMITED","2,300"
"15-JUN-2026","WABAG","VA TECH WABAG LTD        ","21"
"15-JUN-2026","WIPRO","WIPRO LTD","1,14,646"
"15-JUN-2026","ZYDUSLIFE","ZYDUS LIFESCIENCES","20"
"16-JUN-2026","ABCAPITAL","ADITYA BIRLA CAPITAL LIMITED","50"
"16-JUN-2026","ABFRL","ADITYA BIRLA FASHION & RT","200"
"16-JUN-2026","ADANIGREEN","ADANI GREEN ENERGY LTD","50"
"16-JUN-2026","ADANIPORTS","ADANI PORT & SEZ LTD","2"
"16-JUN-2026","ANANTRAJ","ANANT RAJ LIMITED","50"
"16-JUN-2026","APOLLO","APOLLO MICRO SYSTEMS LTD","100"
"16-JUN-2026","ASHOKA","ASHOKA BUILDCON LTD      ","304"
"16-JUN-2026","ASHOKLEY","ASHOK LEYLAND LTD","195"
"16-JUN-2026","AURIONPRO","AURIONPRO SOLN LTD","25"
"16-JUN-2026","AVALON","AVALON TECHNOLOGIES LTD","9"
"16-JUN-2026","BAJFINANCE","BAJAJ FINANCE LIMITED","3"
"16-JUN-2026","BHARTIARTL","BHARTI AIRTEL LIMITED","1"
"16-JUN-2026","BSE","BSE LIMITED","3"
"16-JUN-2026","BSOFT","BIRLASOFT LIMITED","25"
"16-JUN-2026","CARTRADE","CARTRADE TECH LIMITED","48"
"16-JUN-2026","CASTROLIND","CASTROL INDIA LIMITED","325"
"16-JUN-2026","CEMPRO","CEMINDIA PROJECTS LIMITED","4"
"16-JUN-2026","CHAMBLFERT","CHAMBAL FERTILIZERS LTD","1"
"16-JUN-2026","CIEINDIA","CIE AUTOMOTIV","2"
"16-JUN-2026","DEEPAKFERT","DEEPAK FERTILIZERS AND PETROCHEMICALS CORPORATION LIMITED","7"
"16-JUN-2026","DLF","DLF LIMITED","17"
"16-JUN-2026","DOMS","DOMS INDUSTRIES LIMITED","338"
"16-JUN-2026","DRREDDY","DR. REDDY'S LABORATORIES","5,000"
"16-JUN-2026","ETERNAL","ETERNAL LIMITED","203"
"16-JUN-2026","FEDERALBNK","FEDERAL BANK LTD","1"
"16-JUN-2026","FIRSTCRY","BRAINBEES SOLUTIONS LTD","418"
"16-JUN-2026","FIVESTAR","FIVE-STAR BUS FIN LTD","1"
"16-JUN-2026","FLUOROCHEM","FLUOROCHEM","50"
"16-JUN-2026","GICRE","GENERAL INSURANCE CORPORATION OF INDIA","12,045"
"16-JUN-2026","GNFC","GUJARAT NARMADA FERT. CO","250"
"16-JUN-2026","GUJGASLTD","GUJARAT GAS LIMITED","1"
"16-JUN-2026","HCC","HINDUSTAN CONSTRUCTION CO","500"
"16-JUN-2026","HCLTECH","HCL TECHNOLOGIES LTD","7,000"
"16-JUN-2026","HDFCBANK","HDFC BANK LTD","2"
"16-JUN-2026","HFCL","HIMACHAL FUTURISTIC COMMUNICATIONS LIMITED","1,78,605"
"16-JUN-2026","HINDOILEXP","HINDUSTAN OIL EXPLORATION","10"
"16-JUN-2026","IDEA","Vodafone Idea Limited","1,235"
"16-JUN-2026","IDEAFORGE","IDEAFORGE TECHNO LTD","5"
"16-JUN-2026","INDHOTEL","THE INDIAN HOTELS CO. LTD","25"
"16-JUN-2026","INDIGO","INTERGLOBE AVIATION LTD  ","1"
"16-JUN-2026","INFY","INFOSYS TECHNOLOGIES LTD","8,346"
"16-JUN-2026","IONEXCHANG","ION EXCHANGE (INDIA) LTD","25"
"16-JUN-2026","IRFC","IRFC","751"
"16-JUN-2026","JBMA","JBM AUTO LIMITED","250"
"16-JUN-2026","KFINTECH","KFIN TECHNOLOGIES LIMITED","1"
"16-JUN-2026","LLOYDSENGG","LLOYDS ENGG WORK LIMITED","180"
"16-JUN-2026","MAHABANK","MAHABANK","500"
"16-JUN-2026","MAZDOCK","MAZAGON DOCK SHIPBUIL LTD","60"
"16-JUN-2026","MCX","MULTI COMMODITY EXCHANGE OF INDIA LIMITED","3"
"16-JUN-2026","MEESHO","MEESHO LIMITED","15"
"16-JUN-2026","MTARTECH","MTAR TECHNOLOGIES LIMITED","12"
"16-JUN-2026","NETWEB","NETWEB TECH INDIA LTD","18"
"16-JUN-2026","PATELENG","PATEL ENGINEERING LTD.","100"
"16-JUN-2026","PGEL","PG ELECTROPLAST LTD","50"
"16-JUN-2026","PHOENIXLTD","THE PHOENIX MILLS LIMITED","10"
"16-JUN-2026","PIDILITIND","PIDILITE INDUSTRIES LIMITED","5"
"16-JUN-2026","PINELABS","PINE LABS LIMITED","5,740"
"16-JUN-2026","PRESTIGE","PRESTIGE ESTATES PROJECTS LIMITED","14"
"16-JUN-2026","QPOWER","QUALITY POWER ELEC EQUP L","45"
"16-JUN-2026","RAIN","RAIN INDUSTRIES LIMITED","750"
"16-JUN-2026","RELIANCE","RELIANCE INDUSTRIES LTD","418"
"16-JUN-2026","SBICARD","SBI CARDS & PAY SER LTD","24"
"16-JUN-2026","SCI","SHIPPING CORP OF INDIA LT","1,200"
"16-JUN-2026","SONACOMS","SONA BLW PRECISION FRGS L","100"
"16-JUN-2026","SONATSOFTW","SONATA SOFTWARE LIMITED","4,55,510"
"16-JUN-2026","STYRENIX","STYRENIX PERFORMANCE LTD","6"
"16-JUN-2026","SUZLON","SUZLON ENERGY LIMITED","470"
"16-JUN-2026","SWIGGY","SWIGGY LIMITED","1"
"16-JUN-2026","TARC","TARC LIMITED","9"
"16-JUN-2026","TCS","TATA CONSULTANCY SERV LT","5"
"16-JUN-2026","TITAN","TITAN INDUSTRIES LTD","12"
"16-JUN-2026","TRENT","TRENT LIMITED","2"
"16-JUN-2026","TRIDENT","TRIDENT LIMITED","8"
"16-JUN-2026","TRIVENI","TRIVENI ENGG. & INDS. LTD","10"
"16-JUN-2026","UNITDSPR","UNITED SPIRITS LIMITED","15"
"16-JUN-2026","VARROC","VARROC ENGINEERING LTD.","10"
"16-JUN-2026","WABAG","VA TECH WABAG LTD        ","5"
"16-JUN-2026","WIPRO","WIPRO LTD","2,81,220"
"17-JUN-2026","ASHAPURMIN","ASHAPURA MINECHEM LTD","2"
"17-JUN-2026","ASIANPAINT","ASIAN PAINTS LIMITED","14"
"17-JUN-2026","ASTRAMICRO","ASTRAMICRO","101"
"17-JUN-2026","BAJAJFINSV","BAJAJ FINSERV LIMITED","246"
"17-JUN-2026","BAJFINANCE","BAJAJ FINANCE LIMITED","3"
"17-JUN-2026","BDL","BHARAT DYNAMICS LIMITED","171"
"17-JUN-2026","BEL","BHARAT ELECTRONICS LTD","168"
"17-JUN-2026","BHARTIARTL","BHARTI AIRTEL LIMITED","5"
"17-JUN-2026","BHEL","BHEL","1,999"
"17-JUN-2026","BPCL","BHARAT PETROLEUM CORP  LT","160"
"17-JUN-2026","BSE","BSE LIMITED","6,260"
"17-JUN-2026","CANBK","CANARA BANK","300"
"17-JUN-2026","COFORGE","COFORGE LIMITED","35"
"17-JUN-2026","COLPAL","COLGATE PALMOLIVE LTD.","12,150"
"17-JUN-2026","CROMPTON","CROMPT GREA CON ELEC LTD  ","445"
"17-JUN-2026","CUMMINSIND","CUMMINS INDIA LTD","1"
"17-JUN-2026","DIACABS","DIAMOND POWER INFRA LTD","1"
"17-JUN-2026","DIXON","DIXON TECHNO (INDIA) LTD","366"
"17-JUN-2026","EMIL","ELECTRONICS MART IND LTD","50"
"17-JUN-2026","EXIDEIND","EXIDE INDUSTRIES LTD","1,800"
"17-JUN-2026","GAIL","GAIL (INDIA) LTD","50"
"17-JUN-2026","GALLANTT","GALLANTT ISPAT LIMITED","3,503"
"17-JUN-2026","GRASIM","GRASIM INDUSTRIES LTD","5"
"17-JUN-2026","GRAVITA","GRAVITA INDIA LIMITED","100"
"17-JUN-2026","HAL","HINDUSTAN AERONAUTICS LTD","4"
"17-JUN-2026","HCC","HINDUSTAN CONSTRUCTION CO","1,525"
"17-JUN-2026","HDFCBANK","HDFC BANK LTD","10"
"17-JUN-2026","HEG","HEG LIMITED","1,138"
"17-JUN-2026","HFCL","HIMACHAL FUTURISTIC COMMUNICATIONS LIMITED","2"
"17-JUN-2026","HIRECT","HIND RECTIFIER LIMITED","30"
"17-JUN-2026","ICICIBANK","ICICI BANK LTD.","10"
"17-JUN-2026","IDEA","Vodafone Idea Limited","79"
"17-JUN-2026","IFCI","IFCI LTD","175"
"17-JUN-2026","INDIANB","INDIAN BANK","10"
"17-JUN-2026","INOXGREEN","INOX GREEN ENERGY SER LTD","50"
"17-JUN-2026","IRCON","IRCON","86"
"17-JUN-2026","JPPOWER","JAIPRAKASH POWER VEN. LTD","893"
"17-JUN-2026","KEI","KEI INDUSTRIES LTD.      ","75"
"17-JUN-2026","KFINTECH","KFIN TECHNOLOGIES LIMITED","1"
"17-JUN-2026","LICI","LIFE INSURA CORP OF INDIA","24"
"17-JUN-2026","LLOYDSENGG","LLOYDS ENGG WORK LIMITED","155"
"17-JUN-2026","LT","LARSEN & TOUBRO LTD.","5"
"17-JUN-2026","M&M","MAHINDRA & MAHINDRA LTD","10"
"17-JUN-2026","MANAPPURAM","MANAPPURAM FINANCE LTD","25"
"17-JUN-2026","MANINDS","MAN INDUSTRIES (I) LTD.  ","200"
"17-JUN-2026","MAZDOCK","MAZAGON DOCK SHIPBUIL LTD","2"
"17-JUN-2026","MTARTECH","MTAR TECHNOLOGIES LIMITED","15"
"17-JUN-2026","NIACL","THE NEW INDIA ASSU CO LTD","1"
"17-JUN-2026","PARAS","PARAS DEF AND SPCE TECH L","215"
"17-JUN-2026","PATANJALI","PATANJALI FOODS LIMITED","10"
"17-JUN-2026","POWERINDIA","ABB POWER PRO N SYS IND L","20"
"17-JUN-2026","PRESTIGE","PRESTIGE ESTATES PROJECTS LIMITED","2"
"17-JUN-2026","REFEX","REFEX INDUSTRIES LIMITED","250"
"17-JUN-2026","SBIN","STATE BANK OF INDIA","1"
"17-JUN-2026","SIEMENS","SIEMENS LTD","1"
"17-JUN-2026","SKIPPER","SKIPPER LIMITED","7"
"17-JUN-2026","SOLARINDS","SOLAR INDUSTRIES (I) LTD","1"
"17-JUN-2026","SONATSOFTW","SONATA SOFTWARE LIMITED","4,059"
"17-JUN-2026","SPARC","SUN PHARMA ADV.RES.CO.LTD","60"
"17-JUN-2026","SRF","SRF LTD","5"
"17-JUN-2026","SURYAROSNI","SURYA ROSHNI LTD","100"
"17-JUN-2026","SUZLON","SUZLON ENERGY LIMITED","150"
"17-JUN-2026","SWIGGY","SWIGGY LIMITED","100"
"17-JUN-2026","SWSOLAR","STERLING & WILSON SO LTD","1"
"17-JUN-2026","TATASTEEL","TATA STEEL LIMITED","1"
"17-JUN-2026","TRENT","TRENT LIMITED","31"
"17-JUN-2026","UCOBANK","UCO BANK","372"
"17-JUN-2026","UPL","UPL LIMITED","10"
"17-JUN-2026","WEBELSOLAR","WEBSOL ENERGY SYSTEM LTD","1"
"17-JUN-2026","WIPRO","WIPRO LTD","67,822"
"17-JUN-2026","YESBANK","YES BANK LIMITED","298"
"17-JUN-2026","ZYDUSLIFE","ZYDUS LIFESCIENCES","117"
"18-JUN-2026","ABCAPITAL","ADITYA BIRLA CAPITAL LIMITED","48"
"18-JUN-2026","ADANIENSOL","ADANI ENERGY SOLUTION LTD","18"
"18-JUN-2026","ADANIENT","ADANI ENTERPRISES LIMITED","4"
"18-JUN-2026","ADANIGREEN","ADANI GREEN ENERGY LTD","14"
"18-JUN-2026","ADANIPORTS","ADANI PORT & SEZ LTD","9"
"18-JUN-2026","ADANIPOWER","ADANI POWER LTD","590"
"18-JUN-2026","ALKEM","ALKEM LABORATORIES LTD.","1"
"18-JUN-2026","APLAPOLLO","APL APOLLO TUBES LTD","233"
"18-JUN-2026","ASIANPAINT","ASIAN PAINTS LIMITED","5"
"18-JUN-2026","ASTRAMICRO","ASTRAMICRO","100"
"18-JUN-2026","AUROPHARMA","AUROBINDO PHARMA LTD","1"
"18-JUN-2026","AVANTEL","AVANTEL LIMITED","100"
"18-JUN-2026","AXISBANK","AXIS BANK LIMITED","15"
"18-JUN-2026","BAJFINANCE","BAJAJ FINANCE LIMITED","1,000"
"18-JUN-2026","BATAINDIA","BATA INDIA LTD","20"
"18-JUN-2026","BDL","BHARAT DYNAMICS LIMITED","6"
"18-JUN-2026","BEL","BHARAT ELECTRONICS LTD","69"
"18-JUN-2026","BHEL","BHEL","11,407"
"18-JUN-2026","BIOCON","BIOCON LIMITED.","28"
"18-JUN-2026","BLUESTARCO","BLUE STAR LIMITED","12"
"18-JUN-2026","BOSCHLTD","BOSCH LIMITED","2,410"
"18-JUN-2026","BSE","BSE LIMITED","5"
"18-JUN-2026","CANBK","CANARA BANK","9"
"18-JUN-2026","CARYSIL","CARYSIL LIMITED","3"
"18-JUN-2026","CDSL","CENTRAL DEPOSITORY SERVICES (INDIA) LIMITED","50"
"18-JUN-2026","CHOLAFIN","CHOLAMANDALAM IN & FIN CO","509"
"18-JUN-2026","COCHINSHIP","COCHIN SHIPYARD LIMITED","26"
"18-JUN-2026","COFORGE","COFORGE LIMITED","13"
"18-JUN-2026","COHANCE","COHANCE LIFESCIENCES LTD","7"
"18-JUN-2026","COLPAL","COLGATE PALMOLIVE LTD.","250"
"18-JUN-2026","CONCOR","CONTAINER CORP OF IND LTD","11"
"18-JUN-2026","CPPLUS","ADITYA INFOTECH LIMITED","3,014"
"18-JUN-2026","CUB","CITY UNION BANK LTD      ","198"
"18-JUN-2026","CUMMINSIND","CUMMINS INDIA LTD","4"
"18-JUN-2026","CYIENT","CYIENT LIMITED           ","100"
"18-JUN-2026","DABUR","DABUR INDIA LTD","13"
"18-JUN-2026","DEEPAKFERT","DEEPAK FERTILIZERS AND PETROCHEMICALS CORPORATION LIMITED","1"
"18-JUN-2026","DMART","AVENUE SUPERMARTS LIMITED","2"
"18-JUN-2026","DOMS","DOMS INDUSTRIES LIMITED","16"
"18-JUN-2026","DRREDDY","DR. REDDY'S LABORATORIES","13"
"18-JUN-2026","EPACK","EPACK DURABLE LIMITED","5"
"18-JUN-2026","EXIDEIND","EXIDE INDUSTRIES LTD","2"
"18-JUN-2026","FORTIS","FORTIS HEALTHCARE (I) LTD","1"
"18-JUN-2026","GMRAIRPORT","GMR AIRPORTS LIMITED","53"
"18-JUN-2026","GODFRYPHLP","GODFREY PHILLIPS INDIA LT","3"
"18-JUN-2026","GODREJPROP","GODREJ PROPERTIES LTD","9"
"18-JUN-2026","GRSE","GARDEN REACH SHIP&ENG LTD","24"
"18-JUN-2026","GVT&D","GE VERNOVA T&D INDIA LTD","1"
"18-JUN-2026","HAVELLS","HAVELLS INDIA LIMITED","10"
"18-JUN-2026","HCLTECH","HCL TECHNOLOGIES LTD","2"
"18-JUN-2026","HDFCAMC","HDFC AMC LIMITED","151"
"18-JUN-2026","HEG","HEG LIMITED","250"
"18-JUN-2026","HFCL","HIMACHAL FUTURISTIC COMMUNICATIONS LIMITED","2,95,971"
"18-JUN-2026","HINDALCO","HINDALCO  INDUSTRIES  LTD","4"
"18-JUN-2026","HINDPETRO","HINDUSTAN PETROLEUM CORP","5"
"18-JUN-2026","HINDZINC","HINDUSTAN ZINC LIMITED","45"
"18-JUN-2026","ICICIBANK","ICICI BANK LTD.","5"
"18-JUN-2026","ICIL","INDO COUNT INDUSTRIES LTD","8"
"18-JUN-2026","IDEA","Vodafone Idea Limited","180"
"18-JUN-2026","IFCI","IFCI LTD","750"
"18-JUN-2026","INDHOTEL","THE INDIAN HOTELS CO. LTD","10"
"18-JUN-2026","INDIGO","INTERGLOBE AVIATION LTD  ","6"
"18-JUN-2026","INDUSTOWER","INDUS","129"
"18-JUN-2026","INFY","INFOSYS TECHNOLOGIES LTD","1,28,593"
"18-JUN-2026","IREDA","INDIAN RENEWABLE ENERGY","50"
"18-JUN-2026","JINDALSAW","JINDAL SAW LIMITED","50"
"18-JUN-2026","JINDALSTEL","JINDAL STEEL & POWER LTD","21"
"18-JUN-2026","JIOFIN","JIO FIN SERVICES LTD","256"
"18-JUN-2026","JUBLFOOD","JUBILANT FOODWORKS LTD","5"
"18-JUN-2026","JUSTDIAL","JUST DIAL LIMITED","586"
"18-JUN-2026","KAYNES","KAYNES TECHNOLOGY IND LTD","50"
"18-JUN-2026","KFINTECH","KFIN TECHNOLOGIES LIMITED","7"
"18-JUN-2026","KOTAKBANK","KOTAK MAHINDRA BANK LTD","16"
"18-JUN-2026","LALPATHLAB","DR. LAL PATH LABS LTD.","5"
"18-JUN-2026","LAURUSLABS","LAURUS LABS LIMITED","24"
"18-JUN-2026","LICHSGFIN","LIC HOUSING FINANCE LTD","8"
"18-JUN-2026","LICI","LIFE INSURA CORP OF INDIA","15"
"18-JUN-2026","LODHA","LODHA","32"
"18-JUN-2026","LT","LARSEN & TOUBRO LTD.","13"
"18-JUN-2026","LTM","LTIMINDTREE LIMITED","4"
"18-JUN-2026","LUPIN","LUPIN LIMITED","10"
"18-JUN-2026","MANAPPURAM","MANAPPURAM FINANCE LTD","217"
"18-JUN-2026","MAXHEALTH","MAX HEALTHCARE INS LTD","105"
"18-JUN-2026","MRF","MRF LTD","1"
"18-JUN-2026","MTARTECH","MTAR TECHNOLOGIES LIMITED","3"
"18-JUN-2026","NATIONALUM","NATIONAL ALUMINIUM CO LTD","78"
"18-JUN-2026","NAUKRI","INFO EDGE (I) LTD","8"
"18-JUN-2026","NBCC","NATIONAL BUILDINGS LTD   ","60"
"18-JUN-2026","NETWEB","NETWEB TECH INDIA LTD","10"
"18-JUN-2026","NHPC","NHPC LTD","9"
"18-JUN-2026","NLCINDIA","NLC INDIA LIMITED","1"
"18-JUN-2026","NTPC","NTPC LTD","148"
"18-JUN-2026","NYKAA","FSN E COMMERCE VENTURES","30"
"18-JUN-2026","OBEROIRLTY","OBEROI REALTY LIMITED","6"
"18-JUN-2026","OIL","OIL INDIA LTD","43"
"18-JUN-2026","ONGC","OIL AND NATURAL GAS CORP.","2"
"18-JUN-2026","PERSISTENT","PERSISTENT SYSTEMS LTD","4"
"18-JUN-2026","PGEL","PG ELECTROPLAST LTD","9"
"18-JUN-2026","PHOENIXLTD","THE PHOENIX MILLS LIMITED","12"
"18-JUN-2026","PIDILITIND","PIDILITE INDUSTRIES LIMITED","9"
"18-JUN-2026","PINELABS","PINE LABS LIMITED","1,250"
"18-JUN-2026","PNB","PUNJAB NATIONAL BANK","122"
"18-JUN-2026","POLICYBZR","PB FINTECH LIMITED","10"
"18-JUN-2026","POWERGRID","POWER GRID CORP. LTD.","100"
"18-JUN-2026","POWERINDIA","ABB POWER PRO N SYS IND L","1"
"18-JUN-2026","PREMIERENE","PREMIER ENERGIES LIMITED","11"
"18-JUN-2026","PSUBANKADD","DSPAMC - DSPPSBKETF","208"
"18-JUN-2026","QPOWER","QUALITY POWER ELEC EQUP L","3"
"18-JUN-2026","RENUKA","SHREE RENUKA SUGARS LTD","2"
"18-JUN-2026","SAMMAANCAP","SAMMAAN CAPITAL LIMITED","81"
"18-JUN-2026","SBILIFE","SBI LIFE INSURANCE COMPANY LIMITED","3"
"18-JUN-2026","SBIN","STATE BANK OF INDIA","500"
"18-JUN-2026","SONATSOFTW","SONATA SOFTWARE LIMITED","14,050"
"18-JUN-2026","SRF","SRF LTD","6"
"18-JUN-2026","SUNPHARMA","SUN PHARMACEUTICALS IND.","4"
"18-JUN-2026","SUPREMEIND","SUPREME INDUSTRIES LTD","37"
"18-JUN-2026","SUZLON","SUZLON ENERGY LIMITED","221"
"18-JUN-2026","TATACONSUM","TATA CONSUMER PRODUCT","18"
"18-JUN-2026","TATASTEEL","TATA STEEL LIMITED","274"
"18-JUN-2026","TITAN","TITAN INDUSTRIES LTD","1"
"18-JUN-2026","TORNTPHARM","TORRENT PHARMACEUTICALS L","3"
"18-JUN-2026","TRANSRAILL","TRANSRAIL LIGHTING LTD","500"
"18-JUN-2026","TRENT","TRENT LIMITED","26,065"
"18-JUN-2026","TVSMOTOR","TVS MOTOR COMPANY  LTD","5"
"18-JUN-2026","UNIONBANK","UNION BANK OF INDIA","267"
"18-JUN-2026","UNITDSPR","UNITED SPIRITS LIMITED","12"
"18-JUN-2026","UNOMINDA","UNO MINDA LIMITED","9"
"18-JUN-2026","UPL","UPL LIMITED","24"
"18-JUN-2026","VMM","VISHAL MEGA MART LIMITED","40"
"18-JUN-2026","VTL","VARDHMAN TEXTILES LIMITED    ","300"
"18-JUN-2026","WAAREEENER","WAAREE ENERGIES LIMITED","1"
"18-JUN-2026","WIPRO","WIPRO LTD","1,27,007"
"18-JUN-2026","ZEEL","ZEE ENTERTAINMENT ENT LTD","2,000"
"18-JUN-2026","ZYDUSLIFE","ZYDUS LIFESCIENCES","186"
"19-JUN-2026","ADANIPOWER","ADANI POWER LTD","300"
"19-JUN-2026","AMBER","AMBER ENTERPRISES (I) LTD","25"
"19-JUN-2026","ANANDRATHI","ANAND RATHI WEALTH LTD","10"
"19-JUN-2026","ASIANPAINT","ASIAN PAINTS LIMITED","2"
"19-JUN-2026","ATGL","ADANI TOTAL GAS LIMITED","1"
"19-JUN-2026","AVANTEL","AVANTEL LIMITED","300"
"19-JUN-2026","BANCOINDIA","BANCO PRODUCTS (I) LTD","1"
"19-JUN-2026","BAYERCROP","BAYER CROPSCIENCE LTD    ","49"
"19-JUN-2026","BDL","BHARAT DYNAMICS LIMITED","101"
"19-JUN-2026","BHARATFORG","BHARAT FORGE LTD","4,001"
"19-JUN-2026","BHEL","BHEL","5,653"
"19-JUN-2026","BIOCON","BIOCON LIMITED.","10"
"19-JUN-2026","BLUEJET","BLUE JET HEALTHCARE LTD","27"
"19-JUN-2026","BRIGADE","BRIGADE ENTER. LTD","282"
"19-JUN-2026","BRITANNIA","BRITANNIA INDUSTRIES LIMITED","5"
"19-JUN-2026","CAMS","COMPUTER AGE MGMT SER LTD","25"
"19-JUN-2026","CARBORUNIV","CARBORUNDUM UNIVERSAL LTD    ","9"
"19-JUN-2026","CDSL","CENTRAL DEPOSITORY SERVICES (INDIA) LIMITED","50"
"19-JUN-2026","CEMPRO","CEMINDIA PROJECTS LIMITED","6,993"
"19-JUN-2026","COFORGE","COFORGE LIMITED","1"
"19-JUN-2026","CONCOR","CONTAINER CORP OF IND LTD","1,000"
"19-JUN-2026","CUB","CITY UNION BANK LTD      ","428"
"19-JUN-2026","CYIENT","CYIENT LIMITED           ","1,671"
"19-JUN-2026","DMART","AVENUE SUPERMARTS LIMITED","1"
"19-JUN-2026","EICHERMOT","EICHER MOTORS LIMITED","5"
"19-JUN-2026","ENGINERSIN","ENGINEERS INDIA LTD","500"
"19-JUN-2026","ETERNAL","ETERNAL LIMITED","29"
"19-JUN-2026","FIVESTAR","FIVE-STAR BUS FIN LTD","50"
"19-JUN-2026","GABRIEL","GABRIEL INDIA LTD","20"
"19-JUN-2026","GICRE","GENERAL INSURANCE CORPORATION OF INDIA","250"
"19-JUN-2026","GLENMARK","GLENMARK PHARMACEUTICALS LIMITED","50"
"19-JUN-2026","GMRAIRPORT","GMR AIRPORTS LIMITED","53"
"19-JUN-2026","GODFRYPHLP","GODFREY PHILLIPS INDIA LT","60"
"19-JUN-2026","GOKEX","GOKALDAS EXPORTS LTD.","14"
"19-JUN-2026","GVT&D","GE VERNOVA T&D INDIA LTD","5"
"19-JUN-2026","HCLTECH","HCL TECHNOLOGIES LTD","9,825"
"19-JUN-2026","HDFCAMC","HDFC AMC LIMITED","8"
"19-JUN-2026","HFCL","HIMACHAL FUTURISTIC COMMUNICATIONS LIMITED","1,32,188"
"19-JUN-2026","HINDZINC","HINDUSTAN ZINC LIMITED","5"
"19-JUN-2026","ICICIBANK","ICICI BANK LTD.","5"
"19-JUN-2026","ICICIPRULI","ICICI PRU LIFE INS CO LTD ","13"
"19-JUN-2026","ICIL","INDO COUNT INDUSTRIES LTD","5"
"19-JUN-2026","IDEA","Vodafone Idea Limited","8"
"19-JUN-2026","IFCI","IFCI LTD","200"
"19-JUN-2026","INDHOTEL","THE INDIAN HOTELS CO. LTD","10"
"19-JUN-2026","INDIANB","INDIAN BANK","25"
"19-JUN-2026","INFY","INFOSYS TECHNOLOGIES LTD","60,897"
"19-JUN-2026","IOC","INDIAN OIL CORP LTD","2,000"
"19-JUN-2026","IREDA","INDIAN RENEWABLE ENERGY","50"
"19-JUN-2026","IRFC","IRFC","2,050"
"19-JUN-2026","ITC","ITC LTD","4"
"19-JUN-2026","ITCHOTELS","ITC HOTELS LIMITED","2"
"19-JUN-2026","JBMA","JBM AUTO LIMITED","866"
"19-JUN-2026","JINDALSTEL","JINDAL STEEL & POWER LTD","1,500"
"19-JUN-2026","JIOFIN","JIO FIN SERVICES LTD","1,135"
"19-JUN-2026","JKLAKSHMI","JK LAKSHMI CEMENT LTD    ","4"
"19-JUN-2026","JSWSTEEL","JSW STEEL LIMITED","15"
"19-JUN-2026","JYOTICNC","JYOTI CNC AUTOMATION LTD","20"
"19-JUN-2026","KEC","KEC INTL. LIMITED        ","270"
"19-JUN-2026","LENSKART","LENSKART SOLUTIONS LTD","50"
"19-JUN-2026","LGEINDIA","LG ELECTRONICS INDIA LTD","17"
"19-JUN-2026","LICI","LIFE INSURA CORP OF INDIA","9"
"19-JUN-2026","LUPIN","LUPIN LIMITED","1"
"19-JUN-2026","MARKSANS","MARKSANS PHARMA LIMITED  ","70"
"19-JUN-2026","MAXHEALTH","MAX HEALTHCARE INS LTD","22"
"19-JUN-2026","MEESHO","MEESHO LIMITED","4"
"19-JUN-2026","MOSCHIP","MOSCHIP TECHNOLOGIES LTD","8"
"19-JUN-2026","MUTHOOTFIN","MUTHOOT FINANCE LIMITED","60"
"19-JUN-2026","NATIONALUM","NATIONAL ALUMINIUM CO LTD","1,000"
"19-JUN-2026","NETWEB","NETWEB TECH INDIA LTD","190"
"19-JUN-2026","OFSS","Oracle Financial Services Software Limited","6"
"19-JUN-2026","ONGC","OIL AND NATURAL GAS CORP.","8,640"
"19-JUN-2026","PERSISTENT","PERSISTENT SYSTEMS LTD","2"
"19-JUN-2026","PGHL","PROCTER & GAMBLE HEALTH L","3"
"19-JUN-2026","PHOENIXLTD","THE PHOENIX MILLS LIMITED","2"
"19-JUN-2026","PIDILITIND","PIDILITE INDUSTRIES LIMITED","10"
"19-JUN-2026","POONAWALLA","POONAWALLA FINCORP LTD","1"
"19-JUN-2026","PREMEXPLN","PREMIER EXPLOSIVES LTD","505"
"19-JUN-2026","RBA","RESTAURANT BRAND ASIA LTD","10,276"
"19-JUN-2026","REDINGTON","REDINGTON (INDIA) LTD.","110"
"19-JUN-2026","REFEX","REFEX INDUSTRIES LIMITED","3,150"
"19-JUN-2026","RELIANCE","RELIANCE INDUSTRIES LTD","2,241"
"19-JUN-2026","SAMMAANCAP","SAMMAAN CAPITAL LIMITED","1"
"19-JUN-2026","SBILIFE","SBI LIFE INSURANCE COMPANY LIMITED","1"
"19-JUN-2026","SBIN","STATE BANK OF INDIA","114"
"19-JUN-2026","SHAILY","SHAILY ENG PLASTICS LTD","3"
"19-JUN-2026","SOBHA","SOBHA DEVELOPERS LTD","1"
"19-JUN-2026","SOUTHBANK","THE SOUTH INDIAN BANK LTD","300"
"19-JUN-2026","SRF","SRF LTD","10"
"19-JUN-2026","SUNPHARMA","SUN PHARMACEUTICALS IND.","52"
"19-JUN-2026","SUZLON","SUZLON ENERGY LIMITED","18,908"
"19-JUN-2026","TATACAP","TATA CAPITAL LIMITED","78,537"
"19-JUN-2026","TATAELXSI","TATA ELXSI LIMITED       ","2,600"
"19-JUN-2026","TCS","TATA CONSULTANCY SERV LT","18,330"
"19-JUN-2026","TECHM","TECH MAHINDRA LIMITED","43"
"19-JUN-2026","TEJASNET","TEJAS NETWORKS LIMITED","50"
"19-JUN-2026","TENNIND","TENNECO CLEAN AIR INDIA L","18"
"19-JUN-2026","TITAGARH","TITAGARH RAIL SYSTEMS","250"
"19-JUN-2026","TITAN","TITAN INDUSTRIES LTD","13"
"19-JUN-2026","TRENT","TRENT LIMITED","186"
"19-JUN-2026","ULTRACEMCO","ULTRATECH CEMENT LIMITED","20"
"19-JUN-2026","UPL","UPL LIMITED","10"
"19-JUN-2026","VENUSPIPES","VENUS PIPES & TUBES LTD","100"
"19-JUN-2026","VOLTAMP","VOLTAMP TRANSFORMERS LTD","18"
"19-JUN-2026","WABAG","VA TECH WABAG LTD        ","190"
"19-JUN-2026","WELSPUNLIV","WELSPUN LIVING LIMITED","4,000"
"19-JUN-2026","WIPRO","WIPRO LTD","11,85,098"
"19-JUN-2026","ZEEL","ZEE ENTERTAINMENT ENT LTD","18,500"
"22-JUN-2026","AADHARHFC","AADHAR HOUSING FINANCE L","126"
"22-JUN-2026","ABCAPITAL","ADITYA BIRLA CAPITAL LIMITED","100"
"22-JUN-2026","ADANIGREEN","ADANI GREEN ENERGY LTD","8"
"22-JUN-2026","ADANIPOWER","ADANI POWER LTD","200"
"22-JUN-2026","AIAENG","AIA ENGINEERING LIMITED","5"
"22-JUN-2026","AMBER","AMBER ENTERPRISES (I) LTD","1"
"22-JUN-2026","ANGELONE","ANGEL ONE LTD","200"
"22-JUN-2026","BDL","BHARAT DYNAMICS LIMITED","11"
"22-JUN-2026","BEL","BHARAT ELECTRONICS LTD","15"
"22-JUN-2026","BHARATFORG","BHARAT FORGE LTD","5"
"22-JUN-2026","BHEL","BHEL","21,800"
"22-JUN-2026","BIOCON","BIOCON LIMITED.","25"
"22-JUN-2026","BOMDYEING","BOMBAY DYEING & MFG. CO L","23"
"22-JUN-2026","BSE","BSE LIMITED","3"
"22-JUN-2026","CANBK","CANARA BANK","4"
"22-JUN-2026","CAPACITE","CAPACITE INFRAPROJECT LTD","1"
"22-JUN-2026","CDSL","CENTRAL DEPOSITORY SERVICES (INDIA) LIMITED","50"
"22-JUN-2026","CERA","CERA","13"
"22-JUN-2026","CIPLA","CIPLA LTD","143"
"22-JUN-2026","CUMMINSIND","CUMMINS INDIA LTD","50"
"22-JUN-2026","CYIENT","CYIENT LIMITED           ","600"
"22-JUN-2026","DBREALTY","D B REALTY LIMITED","54"
"22-JUN-2026","EICHERMOT","EICHER MOTORS LIMITED","4"
"22-JUN-2026","FEDERALBNK","FEDERAL BANK LTD","136"
"22-JUN-2026","FORTIS","FORTIS HEALTHCARE (I) LTD","49"
"22-JUN-2026","GICRE","GENERAL INSURANCE CORPORATION OF INDIA","200"
"22-JUN-2026","GMDCLTD","GUJARAT MINERAL DEV CORP","200"
"22-JUN-2026","GOODLUCK","GOODLUCK INDIA LIMITED","2"
"22-JUN-2026","GSEC10YEAR","MIRAEAMC - MAGS813ETF","300"
"22-JUN-2026","GTLINFRA","GTL INFRA.LTD","1"
"22-JUN-2026","HAL","HINDUSTAN AERONAUTICS LTD","5"
"22-JUN-2026","HCLTECH","HCL TECHNOLOGIES LTD","5,550"
"22-JUN-2026","HDFCBANK","HDFC BANK LTD","15"
"22-JUN-2026","HFCL","HIMACHAL FUTURISTIC COMMUNICATIONS LIMITED","651"
"22-JUN-2026","IDBI","IDBI Bank Limited","2,019"
"22-JUN-2026","INDIGO","INTERGLOBE AVIATION LTD  ","3"
"22-JUN-2026","INFY","INFOSYS TECHNOLOGIES LTD","13"
"22-JUN-2026","INOXWIND","INOX WIND LIMITED        ","10"
"22-JUN-2026","IREDA","INDIAN RENEWABLE ENERGY","150"
"22-JUN-2026","IRFC","IRFC","3,290"
"22-JUN-2026","ITCHOTELS","ITC HOTELS LIMITED","113"
"22-JUN-2026","JBMA","JBM AUTO LIMITED","50"
"22-JUN-2026","JKLAKSHMI","JK LAKSHMI CEMENT LTD    ","1"
"22-JUN-2026","KFINTECH","KFIN TECHNOLOGIES LIMITED","4"
"22-JUN-2026","KIRLOSENG","KIRLOSENG","1,43,795"
"22-JUN-2026","LICI","LIFE INSURA CORP OF INDIA","12,600"
"22-JUN-2026","LLOYDSENT","LLOYDS ENTERPRISES LTD","500"
"22-JUN-2026","MANAPPURAM","MANAPPURAM FINANCE LTD","25"
"22-JUN-2026","MANKIND","MANKIND PHARMA LIMITED","10"
"22-JUN-2026","MAZDOCK","MAZAGON DOCK SHIPBUIL LTD","54"
"22-JUN-2026","MCX","MULTI COMMODITY EXCHANGE OF INDIA LIMITED","2"
"22-JUN-2026","MUTHOOTFIN","MUTHOOT FINANCE LIMITED","1"
"22-JUN-2026","NESCO","NESCO LTD","1"
"22-JUN-2026","NHPC","NHPC LTD","1,000"
"22-JUN-2026","NOCIL","NOCIL LIMITED            ","1,98,288"
"22-JUN-2026","PINELABS","PINE LABS LIMITED","10,000"
"22-JUN-2026","POLYCAB","POLYCAB INDIA LIMITED","100"
"22-JUN-2026","POONAWALLA","POONAWALLA FINCORP LTD","3,353"
"22-JUN-2026","QPOWER","QUALITY POWER ELEC EQUP L","216"
"22-JUN-2026","REFEX","REFEX INDUSTRIES LIMITED","250"
"22-JUN-2026","RELIANCE","RELIANCE INDUSTRIES LTD","25"
"22-JUN-2026","SAIL","STEEL AUTHORITY OF INDIA","98"
"22-JUN-2026","SBICARD","SBI CARDS & PAY SER LTD","29"
"22-JUN-2026","SBIN","STATE BANK OF INDIA","51"
"22-JUN-2026","SCI","SHIPPING CORP OF INDIA LT","25"
"22-JUN-2026","SHRIRAMFIN","SHRIRAM FINANCE LIMITED","15"
"22-JUN-2026","SRF","SRF LTD","1,400"
"22-JUN-2026","STYRENIX","STYRENIX PERFORMANCE LTD","21"
"22-JUN-2026","SWSOLAR","STERLING & WILSON SO LTD","21,994"
"22-JUN-2026","TATACAP","TATA CAPITAL LIMITED","70"
"22-JUN-2026","TATACOMM","TATA COMMUNICATIONS LTD","256"
"22-JUN-2026","TATAELXSI","TATA ELXSI LIMITED       ","25"
"22-JUN-2026","TCS","TATA CONSULTANCY SERV LT","6,748"
"22-JUN-2026","TECHM","TECH MAHINDRA LIMITED","2"
"22-JUN-2026","TEJASNET","TEJAS NETWORKS LIMITED","40"
"22-JUN-2026","TENNIND","TENNECO CLEAN AIR INDIA L","801"
"22-JUN-2026","THANGAMAYL","THANGAMAYIL JEWELLERY LTD","74"
"22-JUN-2026","TRENT","TRENT LIMITED","12,527"
"22-JUN-2026","TVSMOTOR","TVS MOTOR COMPANY  LTD","10"
"22-JUN-2026","UPL","UPL LIMITED","10"
"22-JUN-2026","VENUSPIPES","VENUS PIPES & TUBES LTD","52"
"22-JUN-2026","VIKRAMSOLR","VIKRAM SOLAR LIMITED","2,500"
"22-JUN-2026","VIYASH","VIYASH SCIENTIFIC LIMITED","550"
"22-JUN-2026","WAAREEENER","WAAREE ENERGIES LIMITED","55"
"22-JUN-2026","WESTLIFE","WESTLIFE DEVELOPMENT LIMITED","20"
"22-JUN-2026","WIPRO","WIPRO LTD","5,48,014"
"22-JUN-2026","ZEEL","ZEE ENTERTAINMENT ENT LTD","9,500"
"22-JUN-2026","ZOTA","ZOTA HEALTH CARE LIMITED","2"
"23-JUN-2026","AARTIIND","AARTI INDUSTRIES LTD","1"
"23-JUN-2026","AAVAS","AAVAS FINANCIERS LIMITED","195"
"23-JUN-2026","ABB","ABB LTD.","1"
"23-JUN-2026","ABREL","ADITYA BIRLA REAL EST LTD","136"
"23-JUN-2026","ACE","ACTION CONST EQUIP LTD","150"
"23-JUN-2026","ADANIENSOL","ADANI ENERGY SOLUTION LTD","20"
"23-JUN-2026","ADANIENT","ADANI ENTERPRISES LIMITED","29"
"23-JUN-2026","ADANIGREEN","ADANI GREEN ENERGY LTD","395"
"23-JUN-2026","ADANIPORTS","ADANI PORT & SEZ LTD","34"
"23-JUN-2026","ADANIPOWER","ADANI POWER LTD","36"
"23-JUN-2026","AKUMS","AKUMS DRUGS AND PHARMA L","1"
"23-JUN-2026","ALKEM","ALKEM LABORATORIES LTD.","3"
"23-JUN-2026","AMBER","AMBER ENTERPRISES (I) LTD","40"
"23-JUN-2026","ASHOKLEY","ASHOK LEYLAND LTD","198"
"23-JUN-2026","AUROPHARMA","AUROBINDO PHARMA LTD","12"
"23-JUN-2026","AVANTIFEED","AVANTI FEEDS LIMITED","320"
"23-JUN-2026","AXISBANK","AXIS BANK LIMITED","10"
"23-JUN-2026","BAJAJFINSV","BAJAJ FINSERV LIMITED","5"
"23-JUN-2026","BAJFINANCE","BAJAJ FINANCE LIMITED","3"
"23-JUN-2026","BANCOINDIA","BANCO PRODUCTS (I) LTD","25"
"23-JUN-2026","BANDHANBNK","BANDHAN BANK LIMITED","39"
"23-JUN-2026","BANKBARODA","BANK OF BARODA","37"
"23-JUN-2026","BANKIETF","ICICIPRAMC - IPRU5008","100"
"23-JUN-2026","BANKINDIA","BANK OF INDIA","51"
"23-JUN-2026","BAYERCROP","BAYER CROPSCIENCE LTD    ","80"
"23-JUN-2026","BDL","BHARAT DYNAMICS LIMITED","61"
"23-JUN-2026","BEL","BHARAT ELECTRONICS LTD","50"
"23-JUN-2026","BHARATFORG","BHARAT FORGE LTD","19,801"
"23-JUN-2026","BHARTIARTL","BHARTI AIRTEL LIMITED","6"
"23-JUN-2026","BHEL","BHEL","20"
"23-JUN-2026","BIOCON","BIOCON LIMITED.","151"
"23-JUN-2026","BLUEJET","BLUE JET HEALTHCARE LTD","1,815"
"23-JUN-2026","BLUESTARCO","BLUE STAR LIMITED","7,535"
"23-JUN-2026","BOSCHLTD","BOSCH LIMITED","7"
"23-JUN-2026","BSE","BSE LIMITED","1"
"23-JUN-2026","CAPLIPOINT","CAPLIN POINT LABORATORIES LIMITED","70"
"23-JUN-2026","CARBORUNIV","CARBORUNDUM UNIVERSAL LTD    ","700"
"23-JUN-2026","CGPOWER","CG POWER AND INDUSTRIAL SOLUTIONS LIMITED","40"
"23-JUN-2026","COALINDIA","COALINDIA","266"
"23-JUN-2026","COCHINSHIP","COCHIN SHIPYARD LIMITED","1,250"
"23-JUN-2026","COFORGE","COFORGE LIMITED","608"
"23-JUN-2026","CONCOR","CONTAINER CORP OF IND LTD","10"
"23-JUN-2026","CPPLUS","ADITYA INFOTECH LIMITED","100"
"23-JUN-2026","CROMPTON","CROMPT GREA CON ELEC LTD  ","823"
"23-JUN-2026","CUB","CITY UNION BANK LTD      ","8"
"23-JUN-2026","CUMMINSIND","CUMMINS INDIA LTD","25"
"23-JUN-2026","CUPID","CUPID LIMITED","1"
"23-JUN-2026","CYIENT","CYIENT LIMITED           ","5"
"23-JUN-2026","DELHIVERY","DELHIVERY LIMITED","4"
"23-JUN-2026","DIVISLAB","DIVI'S LABORATORIES LTD","1"
"23-JUN-2026","DIXON","DIXON TECHNO (INDIA) LTD","5"
"23-JUN-2026","DLF","DLF LIMITED","70"
"23-JUN-2026","DMART","AVENUE SUPERMARTS LIMITED","10"
"23-JUN-2026","DYNAMATECH","DYNAMATIC TECHNOLOGIES","57"
"23-JUN-2026","ENGINERSIN","ENGINEERS INDIA LTD","10"
"23-JUN-2026","ENRIN","SIEMENS ENERGY INDIA LTD","57"
"23-JUN-2026","ETERNAL","ETERNAL LIMITED","76"
"23-JUN-2026","GESHIP","THE GE SHPG.LTD","500"
"23-JUN-2026","GLAXO","GLAXOSMITHKLINE PHARMA LT","50"
"23-JUN-2026","GLENMARK","GLENMARK PHARMACEUTICALS LIMITED","1"
"23-JUN-2026","GMRAIRPORT","GMR AIRPORTS LIMITED","1"
"23-JUN-2026","GODREJIND","GODREJ INDUSTRIES LTD","481"
"23-JUN-2026","GRSE","GARDEN REACH SHIP&ENG LTD","19"
"23-JUN-2026","GVT&D","GE VERNOVA T&D INDIA LTD","7"
"23-JUN-2026","HAL","HINDUSTAN AERONAUTICS LTD","20"
"23-JUN-2026","HDBFS","HDB FINANCIAL SERVICES L","10"
"23-JUN-2026","HDFCAMC","HDFC AMC LIMITED","5"
"23-JUN-2026","HDFCBANK","HDFC BANK LTD","15"
"23-JUN-2026","HDFCLIFE","HDFC STANDARD LIFE INSURANCE COMPANY LIMITED","9"
"23-JUN-2026","HDFCNIFTY","HDFCAMC - HDFCNIFTY","116"
"23-JUN-2026","HFCL","HIMACHAL FUTURISTIC COMMUNICATIONS LIMITED","5,300"
"23-JUN-2026","HINDALCO","HINDALCO  INDUSTRIES  LTD","100"
"23-JUN-2026","HSCL","HIMADRI SPECIALITY CHEMICAL LIMITED","1"
"23-JUN-2026","ICICIBANK","ICICI BANK LTD.","74"
"23-JUN-2026","ICICIGI","ICICI LOMBARD GENERAL INSURANCE COMPANY LIMITED","1"
"23-JUN-2026","IDBI","IDBI Bank Limited","150"
"23-JUN-2026","IDEA","Vodafone Idea Limited","7,505"
"23-JUN-2026","IDFCFIRSTB","IDFC FIRST BANK LIMI","537"
"23-JUN-2026","IGL","INDRAPRASTHA GAS LTD","1"
"23-JUN-2026","IKS","INVENTURUS KNOWLEDGE SO L","2"
"23-JUN-2026","INDIAMART","INDIAMART INTERMESH LTD","8"
"23-JUN-2026","INFY","INFOSYS TECHNOLOGIES LTD","1,37,949"
"23-JUN-2026","INOXINDIA","INOX INDIA LIMITED","60"
"23-JUN-2026","INOXWIND","INOX WIND LIMITED        ","100"
"23-JUN-2026","IOC","INDIAN OIL CORP LTD","12"
"23-JUN-2026","IRCTC","INDIAN RAIL TOUR CORP LTD","490"
"23-JUN-2026","IREDA","INDIAN RENEWABLE ENERGY","50"
"23-JUN-2026","IRFC","IRFC","69,455"
"23-JUN-2026","ITC","ITC LTD","207"
"23-JUN-2026","ITCHOTELS","ITC HOTELS LIMITED","4,543"
"23-JUN-2026","ITI","ITI LTD","50"
"23-JUN-2026","JBMA","JBM AUTO LIMITED","10"
"23-JUN-2026","JINDALSTEL","JINDAL STEEL & POWER LTD","9"
"23-JUN-2026","JISLJALEQS","JAIN IRRIGATION SYSTEMS","2,749"
"23-JUN-2026","JSWINFRA","JSW INFRASTRUCTURE LTD","129"
"23-JUN-2026","JUBLFOOD","JUBILANT FOODWORKS LTD","55"
"23-JUN-2026","KEC","KEC INTL. LIMITED        ","31"
"23-JUN-2026","KIRLOSBROS","KIRLOSKAR BROTHERS LTD","19"
"23-JUN-2026","KIRLOSENG","KIRLOSENG","3,164"
"23-JUN-2026","KTKBANK","KARNATAKA BANK LIMITED","347"
"23-JUN-2026","LAURUSLABS","LAURUS LABS LIMITED","5"
"23-JUN-2026","LEMONTREE","LEMON TREE HOTELS LTD","486"
"23-JUN-2026","LICI","LIFE INSURA CORP OF INDIA","616"
"23-JUN-2026","LLOYDSENGG","LLOYDS ENGG WORK LIMITED","6,568"
"23-JUN-2026","LT","LARSEN & TOUBRO LTD.","26"
"23-JUN-2026","LTFOODS","LT FOODS LIMITED","1,500"
"23-JUN-2026","M&M","MAHINDRA & MAHINDRA LTD","5"
"23-JUN-2026","MANKIND","MANKIND PHARMA LIMITED","7"
"23-JUN-2026","MAPMYINDIA","C.E. INFO SYSTEMS LIMITED","699"
"23-JUN-2026","MARUTI","MARUTI SUZUKI INDIA LTD.","4"
"23-JUN-2026","MASTEK","MASTEK LTD               ","10"
"23-JUN-2026","MAXHEALTH","MAX HEALTHCARE INS LTD","2"
"23-JUN-2026","MAZDOCK","MAZAGON DOCK SHIPBUIL LTD","47"
"23-JUN-2026","MCX","MULTI COMMODITY EXCHANGE OF INDIA LIMITED","92"
"23-JUN-2026","MEESHO","MEESHO LIMITED","20"
"23-JUN-2026","METALIETF","ICICIPRAMC - METALIETF","1,512"
"23-JUN-2026","METROBRAND","METRO BRANDS LIMITED","48"
"23-JUN-2026","MIDHANI","MIDHANI","3"
"23-JUN-2026","MOBIKWIK","ONE MOBIKWIK SYSTEMS LTD","1,250"
"23-JUN-2026","MODEFENCE","MOTILALAMC - MODEFENCE","193"
"23-JUN-2026","MOREALTY","MOTILALAMC - MOREALTY","516"
"23-JUN-2026","MOTHERSON","SAMVRDHNA MTHRSN INT","14,350"
"23-JUN-2026","MOTILALOFS","MOTILAL OSWAL FIN LTD   ","7"
"23-JUN-2026","MRPL","MRPL","20"
"23-JUN-2026","MTARTECH","MTAR TECHNOLOGIES LIMITED","68"
"23-JUN-2026","MUTHOOTFIN","MUTHOOT FINANCE LIMITED","23"
"23-JUN-2026","NAUKRI","INFO EDGE (I) LTD","270"
"23-JUN-2026","NETWEB","NETWEB TECH INDIA LTD","11"
"23-JUN-2026","NEWGEN","NEWGEN","500"
"23-JUN-2026","NHPC","NHPC LTD","20,583"
"23-JUN-2026","NIACL","THE NEW INDIA ASSU CO LTD","134"
"23-JUN-2026","NIFTYBETA","UTIAMC-NIFTYBETA","1"
"23-JUN-2026","NLCINDIA","NLC INDIA LIMITED","590"
"23-JUN-2026","NMDC","NMDC LTD.","443"
"23-JUN-2026","NOCIL","NOCIL LIMITED            ","7,131"
"23-JUN-2026","NTPCGREEN","NTPC GREEN ENERGY LIMITED","150"
"23-JUN-2026","NYKAA","FSN E COMMERCE VENTURES","123"
"23-JUN-2026","OBEROIRLTY","OBEROI REALTY LIMITED","13"
"23-JUN-2026","OLECTRA","OLECTRA GREENTECH LIMITED","100"
"23-JUN-2026","PAGEIND","PAGE INDUSTRIES LTD","1"
"23-JUN-2026","PAISALO","PAISALO DIGITAL LIMITED","1,444"
"23-JUN-2026","PARAS","PARAS DEF AND SPCE TECH L","565"
"23-JUN-2026","PFC","POWER FIN CORP LTD.","18"
"23-JUN-2026","PGHL","PROCTER & GAMBLE HEALTH L","10"
"23-JUN-2026","PIDILITIND","PIDILITE INDUSTRIES LIMITED","20"
"23-JUN-2026","PINELABS","PINE LABS LIMITED","10,602"
"23-JUN-2026","PNB","PUNJAB NATIONAL BANK","4,921"
"23-JUN-2026","PNBHOUSING","PNB HOUSING FIN LTD.   ","9"
"23-JUN-2026","POCL","PONDY OXIDES & CHEM LTD","250"
"23-JUN-2026","POLYMED","POLY MEDICURE LTD ","30"
"23-JUN-2026","POONAWALLA","POONAWALLA FINCORP LTD","829"
"23-JUN-2026","POWERGRID","POWER GRID CORP. LTD.","39"
"23-JUN-2026","POWERINDIA","ABB POWER PRO N SYS IND L","21"
"23-JUN-2026","PPLPHARMA","PIRAMAL PHARMA LIMITED","2"
"23-JUN-2026","PREMEXPLN","PREMIER EXPLOSIVES LTD","173"
"23-JUN-2026","PREMIERENE","PREMIER ENERGIES LIMITED","26"
"23-JUN-2026","PRESTIGE","PRESTIGE ESTATES PROJECTS LIMITED","3"
"23-JUN-2026","QUESS","QUESS CORP LIMITED","34"
"23-JUN-2026","RAYMONDREL","RAYMOND REALTY LIMITED","25"
"23-JUN-2026","RBLBANK","RBL BANK LIMITED    ","215"
"23-JUN-2026","RELIANCE","RELIANCE INDUSTRIES LTD","2,543"
"23-JUN-2026","RELIGARE","RELIGARE ENTERPRISES LIMITED","151"
"23-JUN-2026","SAGILITY","SAGILITY INDIA LIMITED","100"
"23-JUN-2026","SAIL","STEEL AUTHORITY OF INDIA","15"
"23-JUN-2026","SAMHI","SAMHI HOTELS LIMITED","1,000"
"23-JUN-2026","SAREGAMA","SAREGAMA INDIA LIMITED","200"
"23-JUN-2026","SBIN","STATE BANK OF INDIA","981"
"23-JUN-2026","SHAKTIPUMP","SHAKTI PUMPS (I) LTD","450"
"23-JUN-2026","SHRIRAMFIN","SHRIRAM FINANCE LIMITED","14"
"23-JUN-2026","SIEMENS","SIEMENS LTD","875"
"23-JUN-2026","SOLARINDS","SOLAR INDUSTRIES (I) LTD","1"
"23-JUN-2026","SONATSOFTW","SONATA SOFTWARE LIMITED","50"
"23-JUN-2026","SRF","SRF LTD","5,607"
"23-JUN-2026","SUBROS","SUBROS LIMITED","5"
"23-JUN-2026","SUDARSCHEM","SUDARSHAN CHEMICAL INDS L","96"
"23-JUN-2026","SUNPHARMA","SUN PHARMACEUTICALS IND.","117"
"23-JUN-2026","SUZLON","SUZLON ENERGY LIMITED","5,539"
"23-JUN-2026","SWIGGY","SWIGGY LIMITED","79"
"23-JUN-2026","SWSOLAR","STERLING & WILSON SO LTD","150"
"23-JUN-2026","TANLA","TANLA PLATFORMS LIMITED","107"
"23-JUN-2026","TATAELXSI","TATA ELXSI LIMITED       ","1,650"
"23-JUN-2026","TATASTEEL","TATA STEEL LIMITED","12"
"23-JUN-2026","TCS","TATA CONSULTANCY SERV LT","25"
"23-JUN-2026","TECHM","TECH MAHINDRA LIMITED","24"
"23-JUN-2026","TEJASNET","TEJAS NETWORKS LIMITED","100"
"23-JUN-2026","THELEELA","SCHLOSS BANGALORE LIMITED","2"
"23-JUN-2026","TITAGARH","TITAGARH RAIL SYSTEMS","163"
"23-JUN-2026","TITAN","TITAN INDUSTRIES LTD","8"
"23-JUN-2026","TMPV","TATA MOTORS PASS VEH LTD","400"
"23-JUN-2026","TRENT","TRENT LIMITED","132"
"23-JUN-2026","TRITURBINE","TRIVENI TURBINE LIMITED","1,500"
"23-JUN-2026","UNIONBANK","UNION BANK OF INDIA","3"
"23-JUN-2026","VEDL","VEDANTA LIMITED","901"
"23-JUN-2026","WAAREEENER","WAAREE ENERGIES LIMITED","1"
"23-JUN-2026","WESTLIFE","WESTLIFE DEVELOPMENT LIMITED","3"
"23-JUN-2026","WIPRO","WIPRO LTD","1,84,131"
"23-JUN-2026","WOCKPHARMA","WOCKHARDT LIMITED","4"
"23-JUN-2026","YESBANK","YES BANK LIMITED","2,740"
"23-JUN-2026","ZEEL","ZEE ENTERTAINMENT ENT LTD","750"
"23-JUN-2026","ZENTEC","ZEN TECHNOLOGIES LIMITED","40"
"23-JUN-2026","ZYDUSLIFE","ZYDUS LIFESCIENCES","5"
"24-JUN-2026","ABB","ABB LTD.","250"
"24-JUN-2026","ABCAPITAL","ADITYA BIRLA CAPITAL LIMITED","5"
"24-JUN-2026","ANANDRATHI","ANAND RATHI WEALTH LTD","6"
"24-JUN-2026","ARVIND","ARVIND LIMITED","50"
"24-JUN-2026","AVANTEL","AVANTEL LIMITED","2"
"24-JUN-2026","BAJAJHIND","BAJAJ HINDUSTAN LTD","25"
"24-JUN-2026","BDL","BHARAT DYNAMICS LIMITED","850"
"24-JUN-2026","BHARATFORG","BHARAT FORGE LTD","15,150"
"24-JUN-2026","BHARTIARTL","BHARTI AIRTEL LIMITED","10"
"24-JUN-2026","COCHINSHIP","COCHIN SHIPYARD LIMITED","805"
"24-JUN-2026","CUB","CITY UNION BANK LTD      ","5"
"24-JUN-2026","CYIENT","CYIENT LIMITED           ","6,620"
"24-JUN-2026","DABUR","DABUR INDIA LTD","1,250"
"24-JUN-2026","DLF","DLF LIMITED","479"
"24-JUN-2026","DRREDDY","DR. REDDY'S LABORATORIES","5,000"
"24-JUN-2026","EASEMYTRIP","EASY TRIP PLANNERS LTD","1"
"24-JUN-2026","EMCURE","EMCURE PHARMACEUTICALS L","10"
"24-JUN-2026","ETERNAL","ETERNAL LIMITED","100"
"24-JUN-2026","HAL","HINDUSTAN AERONAUTICS LTD","10"
"24-JUN-2026","HCLTECH","HCL TECHNOLOGIES LTD","1,621"
"24-JUN-2026","HDFCBANK","HDFC BANK LTD","10"
"24-JUN-2026","HFCL","HIMACHAL FUTURISTIC COMMUNICATIONS LIMITED","1"
"24-JUN-2026","HINDCOPPER","HINDUSTAN COPPER LIMITED","3"
"24-JUN-2026","HINDPETRO","HINDUSTAN PETROLEUM CORP","200"
"24-JUN-2026","IFCI","IFCI LTD","2"
"24-JUN-2026","INDIGO","INTERGLOBE AVIATION LTD  ","6"
"24-JUN-2026","INFY","INFOSYS TECHNOLOGIES LTD","191"
"24-JUN-2026","IREDA","INDIAN RENEWABLE ENERGY","47,250"
"24-JUN-2026","IRFC","IRFC","11,21,750"
"24-JUN-2026","ITCHOTELS","ITC HOTELS LIMITED","200"
"24-JUN-2026","JIOFIN","JIO FIN SERVICES LTD","150"
"24-JUN-2026","JPPOWER","JAIPRAKASH POWER VEN. LTD","1,000"
"24-JUN-2026","JSWINFRA","JSW INFRASTRUCTURE LTD","500"
"24-JUN-2026","JYOTICNC","JYOTI CNC AUTOMATION LTD","50"
"24-JUN-2026","KOTAKBANK","KOTAK MAHINDRA BANK LTD","20,000"
"24-JUN-2026","KPIGREEN","KPI GREEN ENERGY LIMITED","1"
"24-JUN-2026","KPITTECH","KPIT TECHNOLOGIES LTD","100"
"24-JUN-2026","KPRMILL","KPRMILL","7"
"24-JUN-2026","LAURUSLABS","LAURUS LABS LIMITED","2"
"24-JUN-2026","LTF","L&T FINANCE LIMITED","2"
"24-JUN-2026","MAZDOCK","MAZAGON DOCK SHIPBUIL LTD","29,575"
"24-JUN-2026","MOTHERSON","SAMVRDHNA MTHRSN INT","3,890"
"24-JUN-2026","NAUKRI","INFO EDGE (I) LTD","84"
"24-JUN-2026","NOCIL","NOCIL LIMITED            ","1"
"24-JUN-2026","OFSS","Oracle Financial Services Software Limited","88"
"24-JUN-2026","OLAELEC","OLA ELECTRIC MOBILITY LTD","100"
"24-JUN-2026","PFC","POWER FIN CORP LTD.","1"
"24-JUN-2026","PINELABS","PINE LABS LIMITED","93"
"24-JUN-2026","RBLBANK","RBL BANK LIMITED    ","58"
"24-JUN-2026","RVNL","RVNL","451"
"24-JUN-2026","SHAKTIPUMP","SHAKTI PUMPS (I) LTD","64"
"24-JUN-2026","SHILPAMED","SHILPA MEDICARE LTD","20"
"24-JUN-2026","SHREECEM","SHREE CEMENTS LTD","2"
"24-JUN-2026","SIEMENS","SIEMENS LTD","700"
"24-JUN-2026","SPARC","SUN PHARMA ADV.RES.CO.LTD","910"
"24-JUN-2026","SUNPHARMA","SUN PHARMACEUTICALS IND.","7"
"24-JUN-2026","SUPRIYA","SUPRIYA LIFESCIENCE LTD","85"
"24-JUN-2026","SUZLON","SUZLON ENERGY LIMITED","500"
"24-JUN-2026","SWANCORP","SWAN CORP LIMITED","15,000"
"24-JUN-2026","SWIGGY","SWIGGY LIMITED","311"
"24-JUN-2026","TATAELXSI","TATA ELXSI LIMITED       ","4,000"
"24-JUN-2026","TATASTEEL","TATA STEEL LIMITED","600"
"24-JUN-2026","TMCV","TATA MOTORS LIMITED","2"
"24-JUN-2026","TRENT","TRENT LIMITED","2,078"
"24-JUN-2026","UPL","UPL LIMITED","10"
"24-JUN-2026","VEDL","VEDANTA LIMITED","11,400"
"24-JUN-2026","VIKRAMSOLR","VIKRAM SOLAR LIMITED","3,050"
"24-JUN-2026","VOLTAS","VOLTAS LTD","1,699"
"24-JUN-2026","WIPRO","WIPRO LTD","1,925"
"25-JUN-2026","ARVIND","ARVIND LIMITED","41"
"25-JUN-2026","ASHOKLEY","ASHOK LEYLAND LTD","4,320"
"25-JUN-2026","BDL","BHARAT DYNAMICS LIMITED","1,700"
"25-JUN-2026","BHARATFORG","BHARAT FORGE LTD","890"
"25-JUN-2026","CANBK","CANARA BANK","1"
"25-JUN-2026","COALINDIA","COALINDIA","40"
"25-JUN-2026","DIXON","DIXON TECHNO (INDIA) LTD","100"
"25-JUN-2026","DLF","DLF LIMITED","42"
"25-JUN-2026","FORCEMOT","FORCE MOTORS LIMITED","4"
"25-JUN-2026","FUSION","FUSION MICRO FINANCE LTD","1"
"25-JUN-2026","GESHIP","THE GE SHPG.LTD","500"
"25-JUN-2026","HCLTECH","HCL TECHNOLOGIES LTD","14,050"
"25-JUN-2026","HDFCBANK","HDFC BANK LTD","116"
"25-JUN-2026","HFCL","HIMACHAL FUTURISTIC COMMUNICATIONS LIMITED","55,938"
"25-JUN-2026","HINDPETRO","HINDUSTAN PETROLEUM CORP","28"
"25-JUN-2026","IDFCFIRSTB","IDFC FIRST BANK LIMI","2"
"25-JUN-2026","IFCI","IFCI LTD","1"
"25-JUN-2026","INDIGO","INTERGLOBE AVIATION LTD  ","5,173"
"25-JUN-2026","INOXGREEN","INOX GREEN ENERGY SER LTD","1"
"25-JUN-2026","IREDA","INDIAN RENEWABLE ENERGY","34,294"
"25-JUN-2026","JAYNECOIND","JAYASWAL NECO INDUSTR LTD","1"
"25-JUN-2026","JSWINFRA","JSW INFRASTRUCTURE LTD","100"
"25-JUN-2026","JWL","JUPITER WAGONS LIMITED","9,201"
"25-JUN-2026","JYOTICNC","JYOTI CNC AUTOMATION LTD","1"
"25-JUN-2026","KPITTECH","KPIT TECHNOLOGIES LTD","3"
"25-JUN-2026","LEMONTREE","LEMON TREE HOTELS LTD","1"
"25-JUN-2026","LLOYDSENT","LLOYDS ENTERPRISES LTD","60"
"25-JUN-2026","LLOYDSME","LLOYDS METALS N ENERGY L","14"
"25-JUN-2026","LTM","LTIMINDTREE LIMITED","5"
"25-JUN-2026","M&M","MAHINDRA & MAHINDRA LTD","4"
"25-JUN-2026","MARICO","MARICO LIMITED","79"
"25-JUN-2026","MARUTI","MARUTI SUZUKI INDIA LTD.","77"
"25-JUN-2026","MCX","MULTI COMMODITY EXCHANGE OF INDIA LIMITED","25"
"25-JUN-2026","MON100","MOTILAL OS NASDAQ100 ETF","1"
"25-JUN-2026","MOTHERSON","SAMVRDHNA MTHRSN INT","18,450"
"25-JUN-2026","MTARTECH","MTAR TECHNOLOGIES LIMITED","200"
"25-JUN-2026","NHPC","NHPC LTD","25"
"25-JUN-2026","NTPC","NTPC LTD","3,000"
"25-JUN-2026","OFSS","Oracle Financial Services Software Limited","1,104"
"25-JUN-2026","PAYTM","ONE 97 COMMUNICATIONS LTD","30"
"25-JUN-2026","PNBHOUSING","PNB HOUSING FIN LTD.   ","10"
"25-JUN-2026","POKARNA","POKARNA LIMITED","5"
"25-JUN-2026","PTC","PTC INDIA LIMITED","600"
"25-JUN-2026","REFEX","REFEX INDUSTRIES LIMITED","1"
"25-JUN-2026","RELIANCE","RELIANCE INDUSTRIES LTD","1,500"
"25-JUN-2026","RVNL","RVNL","24,100"
"25-JUN-2026","SAGILITY","SAGILITY INDIA LIMITED","1"
"25-JUN-2026","SBIN","STATE BANK OF INDIA","90"
"25-JUN-2026","SHRIRAMFIN","SHRIRAM FINANCE LIMITED","850"
"25-JUN-2026","SRF","SRF LTD","200"
"25-JUN-2026","SUNPHARMA","SUN PHARMACEUTICALS IND.","7"
"25-JUN-2026","SYRMA","SYRMA SGS TECHNOLOGY LTD","139"
"25-JUN-2026","TATACHEM","TATA CHEMICALS LTD","5"
"25-JUN-2026","TATACONSUM","TATA CONSUMER PRODUCT","1"
"25-JUN-2026","TATAELXSI","TATA ELXSI LIMITED       ","75"
"25-JUN-2026","TCS","TATA CONSULTANCY SERV LT","4,700"
"25-JUN-2026","THOMASCOOK","THOMAS COOK (INDIA) LTD  ","47"
"25-JUN-2026","TMB","TAMILNAD MERCA BANK LTD","45"
"25-JUN-2026","TMCV","TATA MOTORS LIMITED","22"
"25-JUN-2026","TMPV","TATA MOTORS PASS VEH LTD","1,600"
"25-JUN-2026","TRENT","TRENT LIMITED","2,257"
"25-JUN-2026","TVSMOTOR","TVS MOTOR COMPANY  LTD","1"
"25-JUN-2026","UNOMINDA","UNO MINDA LIMITED","25"
"25-JUN-2026","VEDL","VEDANTA LIMITED","10"
"25-JUN-2026","VENUSPIPES","VENUS PIPES & TUBES LTD","50"
"25-JUN-2026","VIMTALABS","VIMTA LABS LIMITED","628"
"25-JUN-2026","VMM","VISHAL MEGA MART LIMITED","14"
"25-JUN-2026","WAAREEENER","WAAREE ENERGIES LIMITED","350"
"25-JUN-2026","WIPRO","WIPRO LTD","6,000"
"25-JUN-2026","ZEEL","ZEE ENTERTAINMENT ENT LTD","500"
"29-JUN-2026","AAVAS","AAVAS FINANCIERS LIMITED","100"
"29-JUN-2026","ABB","ABB LTD.","250"
"29-JUN-2026","ADANIENSOL","ADANI ENERGY SOLUTION LTD","20"
"29-JUN-2026","BHARATFORG","BHARAT FORGE LTD","63,156"
"29-JUN-2026","BHARTIARTL","BHARTI AIRTEL LIMITED","50"
"29-JUN-2026","BHEL","BHEL","780"
"29-JUN-2026","BPCL","BHARAT PETROLEUM CORP  LT","3,320"
"29-JUN-2026","BSE","BSE LIMITED","78"
"29-JUN-2026","CAMPUS","CAMPUS ACTIVEWEAR LIMITED","27"
"29-JUN-2026","CGPOWER","CG POWER AND INDUSTRIAL SOLUTIONS LIMITED","804"
"29-JUN-2026","COALINDIA","COALINDIA","1"
"29-JUN-2026","CPPLUS","ADITYA INFOTECH LIMITED","7,829"
"29-JUN-2026","CUMMINSIND","CUMMINS INDIA LTD","10"
"29-JUN-2026","CUPID","CUPID LIMITED","5,875"
"29-JUN-2026","DBL","DILIP BUILDCON LIMITED","10,226"
"29-JUN-2026","DIXON","DIXON TECHNO (INDIA) LTD","15"
"29-JUN-2026","DMART","AVENUE SUPERMARTS LIMITED","10"
"29-JUN-2026","DRREDDY","DR. REDDY'S LABORATORIES","33,910"
"29-JUN-2026","EICHERMOT","EICHER MOTORS LIMITED","2"
"29-JUN-2026","ELECON","ELECON ENG. CO. LTD","50"
"29-JUN-2026","FORCEMOT","FORCE MOTORS LIMITED","1"
"29-JUN-2026","GESHIP","THE GE SHPG.LTD","5"
"29-JUN-2026","GMRAIRPORT","GMR AIRPORTS LIMITED","401"
"29-JUN-2026","HCLTECH","HCL TECHNOLOGIES LTD","2,250"
"29-JUN-2026","HDFCBANK","HDFC BANK LTD","115"
"29-JUN-2026","HEROMOTOCO","HERO MOTOCORP LTD","1"
"29-JUN-2026","HEXT","HEXAWARE TECHNOLOGIES LTD","28"
"29-JUN-2026","HOMEFIRST","HOMEFIRST","1"
"29-JUN-2026","HYUNDAI","HYUNDAI MOTOR INDIA LTD","5"
"29-JUN-2026","IDBI","IDBI Bank Limited","15"
"29-JUN-2026","IDEAFORGE","IDEAFORGE TECHNO LTD","88"
"29-JUN-2026","IFCI","IFCI LTD","3,665"
"29-JUN-2026","INFY","INFOSYS TECHNOLOGIES LTD","13"
"29-JUN-2026","IREDA","INDIAN RENEWABLE ENERGY","60"
"29-JUN-2026","IRFC","IRFC","100"
"29-JUN-2026","JIOFIN","JIO FIN SERVICES LTD","165"
"29-JUN-2026","JSWENERGY","JSW ENERGY LIMITED","460"
"29-JUN-2026","JWL","JUPITER WAGONS LIMITED","6,813"
"29-JUN-2026","JYOTICNC","JYOTI CNC AUTOMATION LTD","1"
"29-JUN-2026","KEI","KEI INDUSTRIES LTD.      ","8,225"
"29-JUN-2026","KOTAKBANK","KOTAK MAHINDRA BANK LTD","25"
"29-JUN-2026","KPITTECH","KPIT TECHNOLOGIES LTD","11,626"
"29-JUN-2026","LLOYDSENGG","LLOYDS ENGG WORK LIMITED","500"
"29-JUN-2026","LTF","L&T FINANCE LIMITED","75"
"29-JUN-2026","M&M","MAHINDRA & MAHINDRA LTD","1"
"29-JUN-2026","MARICO","MARICO LIMITED","1"
"29-JUN-2026","MCX","MULTI COMMODITY EXCHANGE OF INDIA LIMITED","1"
"29-JUN-2026","MEESHO","MEESHO LIMITED","200"
"29-JUN-2026","MOTHERSON","SAMVRDHNA MTHRSN INT","1,65,778"
"29-JUN-2026","MTARTECH","MTAR TECHNOLOGIES LIMITED","299"
"29-JUN-2026","NATIONALUM","NATIONAL ALUMINIUM CO LTD","100"
"29-JUN-2026","NHPC","NHPC LTD","100"
"29-JUN-2026","NTPC","NTPC LTD","71"
"29-JUN-2026","PERSISTENT","PERSISTENT SYSTEMS LTD","50"
"29-JUN-2026","PIRAMALFIN","PIRAMAL FINANCE LIMITED","100"
"29-JUN-2026","POLICYBZR","PB FINTECH LIMITED","16"
"29-JUN-2026","POLYCAB","POLYCAB INDIA LIMITED","8,380"
"29-JUN-2026","PPLPHARMA","PIRAMAL PHARMA LIMITED","100"
"29-JUN-2026","PREMEXPLN","PREMIER EXPLOSIVES LTD","1"
"29-JUN-2026","QPOWER","QUALITY POWER ELEC EQUP L","1"
"29-JUN-2026","RBLBANK","RBL BANK LIMITED    ","1"
"29-JUN-2026","SANGHVIMOV","SANGHVI MOVERS LTD","1"
"29-JUN-2026","SBIN","STATE BANK OF INDIA","100"
"29-JUN-2026","SCI","SHIPPING CORP OF INDIA LT","1"
"29-JUN-2026","SHREECEM","SHREE CEMENTS LTD","3"
"29-JUN-2026","SKFINDIA","SKF INDIA LTD","10"
"29-JUN-2026","SOLARINDS","SOLAR INDUSTRIES (I) LTD","680"
"29-JUN-2026","SPARC","SUN PHARMA ADV.RES.CO.LTD","804"
"29-JUN-2026","SUNPHARMA","SUN PHARMACEUTICALS IND.","7"
"29-JUN-2026","TATACAP","TATA CAPITAL LIMITED","250"
"29-JUN-2026","TRENT","TRENT LIMITED","25"
"29-JUN-2026","UPL","UPL LIMITED","2"
"29-JUN-2026","VEDL","VEDANTA LIMITED","100"
"29-JUN-2026","WAAREEENER","WAAREE ENERGIES LIMITED","21,975"
"29-JUN-2026","WIPRO","WIPRO LTD","2,85,097"
"29-JUN-2026","YESBANK","YES BANK LIMITED","4,000"
"30-JUN-2026","ABB","ABB LTD.","125"
"30-JUN-2026","ABSLAMC","ADIT BIRL SUN LIF AMC LTD","1"
"30-JUN-2026","ADANIENSOL","ADANI ENERGY SOLUTION LTD","1,350"
"30-JUN-2026","ADANIENT","ADANI ENTERPRISES LIMITED","9,214"
"30-JUN-2026","ADANIGREEN","ADANI GREEN ENERGY LTD","3,591"
"30-JUN-2026","ADANIPORTS","ADANI PORT & SEZ LTD","950"
"30-JUN-2026","ADANIPOWER","ADANI POWER LTD","10,650"
"30-JUN-2026","AEGISLOG","AEGIS LOGISTICS LIMITED","200"
"30-JUN-2026","ALKEM","ALKEM LABORATORIES LTD.","635"
"30-JUN-2026","AMBER","AMBER ENTERPRISES (I) LTD","202"
"30-JUN-2026","AMBUJACEM","AMBUJA CEMENTS LTD","57"
"30-JUN-2026","ANANDRATHI","ANAND RATHI WEALTH LTD","1"
"30-JUN-2026","ANGELONE","ANGEL ONE LTD","2,500"
"30-JUN-2026","APLAPOLLO","APL APOLLO TUBES LTD","1,757"
"30-JUN-2026","APOLLO","APOLLO MICRO SYSTEMS LTD","100"
"30-JUN-2026","APOLLOHOSP","APOLLO HOSPITALS ENTERPRISE LIMITED","972"
"30-JUN-2026","ASHOKLEY","ASHOK LEYLAND LTD","16,457"
"30-JUN-2026","ASIANPAINT","ASIAN PAINTS LIMITED","250"
"30-JUN-2026","ASTRAL","ASTRAL POLY TECHNIK LIMITED","2,125"
"30-JUN-2026","AUBANK","AU SMALL FINANCE BANK LIMITED","24,000"
"30-JUN-2026","AUROPHARMA","AUROBINDO PHARMA LTD","1,100"
"30-JUN-2026","AUTOIETF","ICICIPRAMC - ICICIAUTO","206"
"30-JUN-2026","AXISBANK","AXIS BANK LIMITED","40,625"
"30-JUN-2026","BAJAJ-AUTO","BAJAJ AUTO LIMITED","206"
"30-JUN-2026","BANDHANBNK","BANDHAN BANK LIMITED","10,000"
"30-JUN-2026","BANKBARODA","BANK OF BARODA","90,625"
"30-JUN-2026","BDL","BHARAT DYNAMICS LIMITED","1,750"
"30-JUN-2026","BEL","BHARAT ELECTRONICS LTD","1,314"
"30-JUN-2026","BHARATFORG","BHARAT FORGE LTD","13,850"
"30-JUN-2026","BHARTIARTL","BHARTI AIRTEL LIMITED","28,975"
"30-JUN-2026","BHEL","BHEL","45,155"
"30-JUN-2026","BIOCON","BIOCON LIMITED.","2,500"
"30-JUN-2026","BOSCHLTD","BOSCH LIMITED","142"
"30-JUN-2026","BPCL","BHARAT PETROLEUM CORP  LT","15,631"
"30-JUN-2026","BRITANNIA","BRITANNIA INDUSTRIES LIMITED","1,001"
"30-JUN-2026","BSE","BSE LIMITED","750"
"30-JUN-2026","CAMS","COMPUTER AGE MGMT SER LTD","850"
"30-JUN-2026","CANBK","CANARA BANK","1,35,000"
"30-JUN-2026","CDSL","CENTRAL DEPOSITORY SERVICES (INDIA) LIMITED","1,162"
"30-JUN-2026","CGPOWER","CG POWER AND INDUSTRIAL SOLUTIONS LIMITED","2,096"
"30-JUN-2026","CHOLAFIN","CHOLAMANDALAM IN & FIN CO","4,375"
"30-JUN-2026","CIPLA","CIPLA LTD","6,699"
"30-JUN-2026","COALINDIA","COALINDIA","2,949"
"30-JUN-2026","COCHINSHIP","COCHIN SHIPYARD LIMITED","800"
"30-JUN-2026","COFORGE","COFORGE LIMITED","7,386"
"30-JUN-2026","CONCOR","CONTAINER CORP OF IND LTD","1,165"
"30-JUN-2026","CROMPTON","CROMPT GREA CON ELEC LTD  ","1,800"
"30-JUN-2026","CUMMINSIND","CUMMINS INDIA LTD","800"
"30-JUN-2026","CYIENT","CYIENT LIMITED           ","50"
"30-JUN-2026","DALBHARAT","DALMIA BHARAT LIMITED","325"
"30-JUN-2026","DELHIVERY","DELHIVERY LIMITED","4,150"
"30-JUN-2026","DIXON","DIXON TECHNO (INDIA) LTD","663"
"30-JUN-2026","DLF","DLF LIMITED","28,500"
"30-JUN-2026","DMART","AVENUE SUPERMARTS LIMITED","450"
"30-JUN-2026","DRREDDY","DR. REDDY'S LABORATORIES","1,855"
"30-JUN-2026","EICHERMOT","EICHER MOTORS LIMITED","216"
"30-JUN-2026","ETERNAL","ETERNAL LIMITED","43,075"
"30-JUN-2026","EXIDEIND","EXIDE INDUSTRIES LTD","7,200"
"30-JUN-2026","FEDERALBNK","FEDERAL BANK LTD","1,21,043"
"30-JUN-2026","FORTIS","FORTIS HEALTHCARE (I) LTD","8,520"
"30-JUN-2026","GAIL","GAIL (INDIA) LTD","18,900"
"30-JUN-2026","GLAXO","GLAXOSMITHKLINE PHARMA LT","4"
"30-JUN-2026","GLENMARK","GLENMARK PHARMACEUTICALS LIMITED","1,125"
"30-JUN-2026","GMRAIRPORT","GMR AIRPORTS LIMITED","69,808"
"30-JUN-2026","GODREJPROP","GODREJ PROPERTIES LTD","275"
"30-JUN-2026","GRASIM","GRASIM INDUSTRIES LTD","500"
"30-JUN-2026","HAL","HINDUSTAN AERONAUTICS LTD","1,040"
"30-JUN-2026","HCLTECH","HCL TECHNOLOGIES LTD","1,22,950"
"30-JUN-2026","HDFCAMC","HDFC AMC LIMITED","2,434"
"30-JUN-2026","HDFCBANK","HDFC BANK LTD","1,34,352"
"30-JUN-2026","HDFCLIFE","HDFC STANDARD LIFE INSURANCE COMPANY LIMITED","2,200"
"30-JUN-2026","HEG","HEG LIMITED","30"
"30-JUN-2026","HEROMOTOCO","HERO MOTOCORP LTD","455"
"30-JUN-2026","HINDPETRO","HINDUSTAN PETROLEUM CORP","4,074"
"30-JUN-2026","HINDUNILVR","HINDUSTAN UNILEVER LTD.","311"
"30-JUN-2026","HINDZINC","HINDUSTAN ZINC LIMITED","3,720"
"30-JUN-2026","HUBTOWN","HUBTOWN LIMITED","1"
"30-JUN-2026","HYUNDAI","HYUNDAI MOTOR INDIA LTD","558"
"30-JUN-2026","ICICIBANK","ICICI BANK LTD.","69,257"
"30-JUN-2026","IDEA","Vodafone Idea Limited","19,29,825"
"30-JUN-2026","IDFCFIRSTB","IDFC FIRST BANK LIMI","3,86,100"
"30-JUN-2026","IEX","INDIAN ENERGY EXCHANGE LIMITED","80"
"30-JUN-2026","INDHOTEL","THE INDIAN HOTELS CO. LTD","3,000"
"30-JUN-2026","INDIANB","INDIAN BANK","1,000"
"30-JUN-2026","INDIGO","INTERGLOBE AVIATION LTD  ","1,201"
"30-JUN-2026","INDUSINDBK","INDUSIND BANK LIMITED","26,400"
"30-JUN-2026","INDUSTOWER","INDUS","1,700"
"30-JUN-2026","INFY","INFOSYS TECHNOLOGIES LTD","13,174"
"30-JUN-2026","INOXWIND","INOX WIND LIMITED        ","11,255"
"30-JUN-2026","IOC","INDIAN OIL CORP LTD","9,750"
"30-JUN-2026","IREDA","INDIAN RENEWABLE ENERGY","9,368"
"30-JUN-2026","ITC","ITC LTD","17,600"
"30-JUN-2026","JAINREC","JAIN RESOURCE RECYCLING L","50"
"30-JUN-2026","JBMA","JBM AUTO LIMITED","1"
"30-JUN-2026","JINDALSTEL","JINDAL STEEL & POWER LTD","22,500"
"30-JUN-2026","JIOFIN","JIO FIN SERVICES LTD","4,700"
"30-JUN-2026","JSWENERGY","JSW ENERGY LIMITED","2,096"
"30-JUN-2026","JSWSTEEL","JSW STEEL LIMITED","2,675"
"30-JUN-2026","JUBLFOOD","JUBILANT FOODWORKS LTD","1,250"
"30-JUN-2026","JWL","JUPITER WAGONS LIMITED","1,483"
"30-JUN-2026","KALYANKJIL","KALYAN JEWELLERS IND LTD","1,175"
"30-JUN-2026","KEI","KEI INDUSTRIES LTD.      ","175"
"30-JUN-2026","KFINTECH","KFIN TECHNOLOGIES LIMITED","1,621"
"30-JUN-2026","KOTAKBANK","KOTAK MAHINDRA BANK LTD","1,28,007"
"30-JUN-2026","KPITTECH","KPIT TECHNOLOGIES LTD","1,461"
"30-JUN-2026","KRN","KRN HEAT EXCHANGE N REF L","1"
"30-JUN-2026","KSB","KSB","10"
"30-JUN-2026","LAURUSLABS","LAURUS LABS LIMITED","12,917"
"30-JUN-2026","LICHSGFIN","LIC HOUSING FINANCE LTD","1,000"
"30-JUN-2026","LICI","LIFE INSURA CORP OF INDIA","33,630"
"30-JUN-2026","LODHA","LODHA","1,800"
"30-JUN-2026","LT","LARSEN & TOUBRO LTD.","341"
"30-JUN-2026","LTF","L&T FINANCE LIMITED","20,377"
"30-JUN-2026","LUPIN","LUPIN LIMITED","7,312"
"30-JUN-2026","M&M","MAHINDRA & MAHINDRA LTD","600"
"30-JUN-2026","MANAPPURAM","MANAPPURAM FINANCE LTD","12,000"
"30-JUN-2026","MANKIND","MANKIND PHARMA LIMITED","675"
"30-JUN-2026","MARKSANS","MARKSANS PHARMA LIMITED  ","200"
"30-JUN-2026","MARUTI","MARUTI SUZUKI INDIA LTD.","1,672"
"30-JUN-2026","MAXHEALTH","MAX HEALTHCARE INS LTD","4,725"
"30-JUN-2026","MAZDOCK","MAZAGON DOCK SHIPBUIL LTD","200"
"30-JUN-2026","MCX","MULTI COMMODITY EXCHANGE OF INDIA LIMITED","437"
"30-JUN-2026","MEESHO","MEESHO LIMITED","8"
"30-JUN-2026","MOTHERSON","SAMVRDHNA MTHRSN INT","6,150"
"30-JUN-2026","MOTILALOFS","MOTILAL OSWAL FIN LTD   ","775"
"30-JUN-2026","MPHASIS","MPHASIS LIMITED","2,750"
"30-JUN-2026","MTARTECH","MTAR TECHNOLOGIES LIMITED","3"
"30-JUN-2026","NAM-INDIA","NIPPON L I A M LTD","1,250"
"30-JUN-2026","NATIONALUM","NATIONAL ALUMINIUM CO LTD","2,630"
"30-JUN-2026","NAUKRI","INFO EDGE (I) LTD","1,125"
"30-JUN-2026","NESTLEIND","NESTLE INDIA LIMITED","1,500"
"30-JUN-2026","NETWEB","NETWEB TECH INDIA LTD","1"
"30-JUN-2026","NHPC","NHPC LTD","4,26,055"
"30-JUN-2026","NIFTYBEES","GOLDMAN SACHS NIFTY EXCHANGE TRADED SCHEME","99"
"30-JUN-2026","NMDC","NMDC LTD.","6,750"
"30-JUN-2026","NTPC","NTPC LTD","9"
"30-JUN-2026","NUVAMA","NUVAMA WEALTH MANAGE LTD","1,650"
"30-JUN-2026","NYKAA","FSN E COMMERCE VENTURES","56,250"
"30-JUN-2026","OBEROIRLTY","OBEROI REALTY LIMITED","700"
"30-JUN-2026","OFSS","Oracle Financial Services Software Limited","825"
"30-JUN-2026","ONGC","OIL AND NATURAL GAS CORP.","5,850"
"30-JUN-2026","PAGEIND","PAGE INDUSTRIES LTD","222"
"30-JUN-2026","PARAS","PARAS DEF AND SPCE TECH L","56"
"30-JUN-2026","PAYTM","ONE 97 COMMUNICATIONS LTD","2,275"
"30-JUN-2026","PERSISTENT","PERSISTENT SYSTEMS LTD","400"
"30-JUN-2026","PFC","POWER FIN CORP LTD.","11,700"
"30-JUN-2026","PGEL","PG ELECTROPLAST LTD","1,900"
"30-JUN-2026","PHOENIXLTD","THE PHOENIX MILLS LIMITED","350"
"30-JUN-2026","PIDILITIND","PIDILITE INDUSTRIES LIMITED","3,335"
"30-JUN-2026","PIIND","PI INDUSTRIES LTD        ","175"
"30-JUN-2026","PNB","PUNJAB NATIONAL BANK","1,87,000"
"30-JUN-2026","PNBHOUSING","PNB HOUSING FIN LTD.   ","1,300"
"30-JUN-2026","POLICYBZR","PB FINTECH LIMITED","4,200"
"30-JUN-2026","POLYCAB","POLYCAB INDIA LIMITED","5,753"
"30-JUN-2026","POWERGRID","POWER GRID CORP. LTD.","3,640"
"30-JUN-2026","POWERINDIA","ABB POWER PRO N SYS IND L","300"
"30-JUN-2026","PREMEXPLN","PREMIER EXPLOSIVES LTD","4"
"30-JUN-2026","PREMIERENE","PREMIER ENERGIES LIMITED","2,300"
"30-JUN-2026","PRESTIGE","PRESTIGE ESTATES PROJECTS LIMITED","5"
"30-JUN-2026","RADICO","RADICO KHAITAN LIMITED","300"
"30-JUN-2026","RBLBANK","RBL BANK LIMITED    ","3,174"
"30-JUN-2026","RECLTD","RURAL ELEC CORP. LTD.","4,200"
"30-JUN-2026","RELIANCE","RELIANCE INDUSTRIES LTD","1,04,479"
"30-JUN-2026","RPOWER","RELIANCE POWER LTD.","7"
"30-JUN-2026","RVNL","RVNL","5,897"
"30-JUN-2026","SAIL","STEEL AUTHORITY OF INDIA","500"
"30-JUN-2026","SAMMAANCAP","SAMMAAN CAPITAL LIMITED","8,944"
"30-JUN-2026","SBICARD","SBI CARDS & PAY SER LTD","4,800"
"30-JUN-2026","SBILIFE","SBI LIFE INSURANCE COMPANY LIMITED","375"
"30-JUN-2026","SBIN","STATE BANK OF INDIA","48,047"
"30-JUN-2026","SENCO","SENCO GOLD LIMITED","94"
"30-JUN-2026","SHREECEM","SHREE CEMENTS LTD","50"
"30-JUN-2026","SHRIRAMFIN","SHRIRAM FINANCE LIMITED","4,005"
"30-JUN-2026","SIEMENS","SIEMENS LTD","1,040"
"30-JUN-2026","SOLARINDS","SOLAR INDUSTRIES (I) LTD","401"
"30-JUN-2026","SONACOMS","SONA BLW PRECISION FRGS L","1,575"
"30-JUN-2026","SUNPHARMA","SUN PHARMACEUTICALS IND.","700"
"30-JUN-2026","SUZLON","SUZLON ENERGY LIMITED","1,19,375"
"30-JUN-2026","SWIGGY","SWIGGY LIMITED","7,800"
"30-JUN-2026","TATAELXSI","TATA ELXSI LIMITED       ","660"
"30-JUN-2026","TATASTEEL","TATA STEEL LIMITED","2,750"
"30-JUN-2026","TCS","TATA CONSULTANCY SERV LT","1,705"
"30-JUN-2026","TECHM","TECH MAHINDRA LIMITED","1,800"
"30-JUN-2026","THANGAMAYL","THANGAMAYIL JEWELLERY LTD","1"
"30-JUN-2026","TIINDIA","TUBE INVEST OF INDIA LTD","200"
"30-JUN-2026","TITAN","TITAN INDUSTRIES LTD","747"
"30-JUN-2026","TMPV","TATA MOTORS PASS VEH LTD","9,600"
"30-JUN-2026","TORNTPHARM","TORRENT PHARMACEUTICALS L","3,250"
"30-JUN-2026","TRENT","TRENT LIMITED","3,747"
"30-JUN-2026","TVSMOTOR","TVS MOTOR COMPANY  LTD","350"
"30-JUN-2026","ULTRACEMCO","ULTRATECH CEMENT LIMITED","1"
"30-JUN-2026","UNIONBANK","UNION BANK OF INDIA","1,32,750"
"30-JUN-2026","UNITDSPR","UNITED SPIRITS LIMITED","1,590"
"30-JUN-2026","VBL","VARUN BEVERAGES LIMITED    ","2,265"
"30-JUN-2026","VEDL","VEDANTA LIMITED","9,700"
"30-JUN-2026","VIKRAMSOLR","VIKRAM SOLAR LIMITED","2,340"
"30-JUN-2026","VOLTAS","VOLTAS LTD","1,031"
"30-JUN-2026","WAAREEENER","WAAREE ENERGIES LIMITED","175"
"30-JUN-2026","WHIRLPOOL","WHIRLPOOL OF INDIA LTD   ","1,000"
"30-JUN-2026","WIPRO","WIPRO LTD","20,478"
"30-JUN-2026","YESBANK","YES BANK LIMITED","2,17,700"
"30-JUN-2026","ZYDUSLIFE","ZYDUS LIFESCIENCES","906"
"01-JUL-2026","ADANIENT","ADANI ENTERPRISES LIMITED","1,343"
"01-JUL-2026","ADANIGREEN","ADANI GREEN ENERGY LTD","295"
"01-JUL-2026","ADANIPORTS","ADANI PORT & SEZ LTD","204"
"01-JUL-2026","AJANTPHARM","AJANTA PHARMA LIMITED","10"
"01-JUL-2026","ALKEM","ALKEM LABORATORIES LTD.","13"
"01-JUL-2026","APLAPOLLO","APL APOLLO TUBES LTD","27"
"01-JUL-2026","ASIANPAINT","ASIAN PAINTS LIMITED","218"
"01-JUL-2026","ASTRAL","ASTRAL POLY TECHNIK LIMITED","20"
"01-JUL-2026","AUBANK","AU SMALL FINANCE BANK LIMITED","1,358"
"01-JUL-2026","AXISBANK","AXIS BANK LIMITED","61"
"01-JUL-2026","BAJAJ-AUTO","BAJAJ AUTO LIMITED","2"
"01-JUL-2026","BAJFINANCE","BAJAJ FINANCE LIMITED","1,790"
"01-JUL-2026","BANDHANBNK","BANDHAN BANK LIMITED","1,510"
"01-JUL-2026","BANKBARODA","BANK OF BARODA","5,000"
"01-JUL-2026","BDL","BHARAT DYNAMICS LIMITED","14"
"01-JUL-2026","BHARATFORG","BHARAT FORGE LTD","9,467"
"01-JUL-2026","BHARTIARTL","BHARTI AIRTEL LIMITED","25"
"01-JUL-2026","BHEL","BHEL","2,015"
"01-JUL-2026","BIOCON","BIOCON LIMITED.","130"
"01-JUL-2026","BOSCHLTD","BOSCH LIMITED","338"
"01-JUL-2026","BSE","BSE LIMITED","29"
"01-JUL-2026","CANBK","CANARA BANK","1,582"
"01-JUL-2026","CEMPRO","CEMINDIA PROJECTS LIMITED","2,273"
"01-JUL-2026","CGPOWER","CG POWER AND INDUSTRIAL SOLUTIONS LIMITED","3,427"
"01-JUL-2026","CHOLAFIN","CHOLAMANDALAM IN & FIN CO","5"
"01-JUL-2026","COCHINSHIP","COCHIN SHIPYARD LIMITED","904"
"01-JUL-2026","COFORGE","COFORGE LIMITED","4,510"
"01-JUL-2026","COLPAL","COLGATE PALMOLIVE LTD.","1"
"01-JUL-2026","CPPLUS","ADITYA INFOTECH LIMITED","7"
"01-JUL-2026","CUMMINSIND","CUMMINS INDIA LTD","99"
"01-JUL-2026","DABUR","DABUR INDIA LTD","1"
"01-JUL-2026","DELHIVERY","DELHIVERY LIMITED","1,000"
"01-JUL-2026","DIXON","DIXON TECHNO (INDIA) LTD","138"
"01-JUL-2026","DLF","DLF LIMITED","300"
"01-JUL-2026","DMART","AVENUE SUPERMARTS LIMITED","1,050"
"01-JUL-2026","DRREDDY","DR. REDDY'S LABORATORIES","11,875"
"01-JUL-2026","EBBETF0430","EDELAMC -EBBETF0430","5"
"01-JUL-2026","EBGNG","GNG ELECTRONICS LIMITED","3,479"
"01-JUL-2026","EDELWEISS","EDELWEISS FIN SERV LTD","100"
"01-JUL-2026","ETERNAL","ETERNAL LIMITED","13,007"
"01-JUL-2026","FEDERALBNK","FEDERAL BANK LTD","1,418"
"01-JUL-2026","FORTIS","FORTIS HEALTHCARE (I) LTD","833"
"01-JUL-2026","GABRIEL","GABRIEL INDIA LTD","150"
"01-JUL-2026","GENUSPOWER","GENUS POWER INFRASTRU LTD","7"
"01-JUL-2026","GMRAIRPORT","GMR AIRPORTS LIMITED","90"
"01-JUL-2026","GODREJPROP","GODREJ PROPERTIES LTD","1"
"01-JUL-2026","GOKEX","GOKALDAS EXPORTS LTD.","36"
"01-JUL-2026","GRASIM","GRASIM INDUSTRIES LTD","93"
"01-JUL-2026","HCC","HINDUSTAN CONSTRUCTION CO","5"
"01-JUL-2026","HDFCAMC","HDFC AMC LIMITED","24"
"01-JUL-2026","HDFCBANK","HDFC BANK LTD","418"
"01-JUL-2026","HEG","HEG LIMITED","2,000"
"01-JUL-2026","HEROMOTOCO","HERO MOTOCORP LTD","287"
"01-JUL-2026","HFCL","HIMACHAL FUTURISTIC COMMUNICATIONS LIMITED","10"
"01-JUL-2026","HINDPETRO","HINDUSTAN PETROLEUM CORP","245"
"01-JUL-2026","HINDUNILVR","HINDUSTAN UNILEVER LTD.","189"
"01-JUL-2026","HINDZINC","HINDUSTAN ZINC LIMITED","121"
"01-JUL-2026","ICICIBANK","ICICI BANK LTD.","3,733"
"01-JUL-2026","ICICIGI","ICICI LOMBARD GENERAL INSURANCE COMPANY LIMITED","42"
"01-JUL-2026","IDEA","Vodafone Idea Limited","428"
"01-JUL-2026","IEX","INDIAN ENERGY EXCHANGE LIMITED","80"
"01-JUL-2026","INDHOTEL","THE INDIAN HOTELS CO. LTD","469"
"01-JUL-2026","INDIGO","INTERGLOBE AVIATION LTD  ","19"
"01-JUL-2026","INFY","INFOSYS TECHNOLOGIES LTD","1"
"01-JUL-2026","IREDA","INDIAN RENEWABLE ENERGY","960"
"01-JUL-2026","ITC","ITC LTD","875"
"01-JUL-2026","ITETF","MIRAEAMC - ITETF","5,44,901"
"01-JUL-2026","JASH","JASH ENGINEERING LIMITED","3"
"01-JUL-2026","JIOFIN","JIO FIN SERVICES LTD","120"
"01-JUL-2026","KAYNES","KAYNES TECHNOLOGY IND LTD","300"
"01-JUL-2026","KFINTECH","KFIN TECHNOLOGIES LIMITED","105"
"01-JUL-2026","KOTAKBANK","KOTAK MAHINDRA BANK LTD","2,000"
"01-JUL-2026","KPITTECH","KPIT TECHNOLOGIES LTD","125"
"01-JUL-2026","LENSKART","LENSKART SOLUTIONS LTD","3"
"01-JUL-2026","LICI","LIFE INSURA CORP OF INDIA","300"
"01-JUL-2026","LLOYDSENGG","LLOYDS ENGG WORK LIMITED","10"
"01-JUL-2026","LODHA","LODHA","20"
"01-JUL-2026","LTF","L&T FINANCE LIMITED","11"
"01-JUL-2026","MARUTI","MARUTI SUZUKI INDIA LTD.","172"
"01-JUL-2026","MAXHEALTH","MAX HEALTHCARE INS LTD","525"
"01-JUL-2026","MCX","MULTI COMMODITY EXCHANGE OF INDIA LIMITED","42"
"01-JUL-2026","MEDPLUS","MEDPLUS HEALTH SERV LTD","30"
"01-JUL-2026","METAL","MIRAEAMC - METAL","1"
"01-JUL-2026","MIDCAPETF","MIRAEAMC - MAM150ETF","23,05,590"
"01-JUL-2026","MOREPENLAB","MOREPEN LAB. LTD         ","900"
"01-JUL-2026","MOSCHIP","MOSCHIP TECHNOLOGIES LTD","1"
"01-JUL-2026","MOTHERSON","SAMVRDHNA MTHRSN INT","5,954"
"01-JUL-2026","MSPL","MSP STEEL & POWER LTD.","2,103"
"01-JUL-2026","MTARTECH","MTAR TECHNOLOGIES LIMITED","1"
"01-JUL-2026","NAM-INDIA","NIPPON L I A M LTD","44"
"01-JUL-2026","NAUKRI","INFO EDGE (I) LTD","77"
"01-JUL-2026","NBCC","NATIONAL BUILDINGS LTD   ","26"
"01-JUL-2026","NESTLEIND","NESTLE INDIA LIMITED","4"
"01-JUL-2026","NHPC","NHPC LTD","13"
"01-JUL-2026","NYKAA","FSN E COMMERCE VENTURES","300"
"01-JUL-2026","OBEROIRLTY","OBEROI REALTY LIMITED","1"
"01-JUL-2026","OFSS","Oracle Financial Services Software Limited","200"
"01-JUL-2026","PAGEIND","PAGE INDUSTRIES LTD","5"
"01-JUL-2026","PARAS","PARAS DEF AND SPCE TECH L","5"
"01-JUL-2026","PAYTM","ONE 97 COMMUNICATIONS LTD","909"
"01-JUL-2026","PERSISTENT","PERSISTENT SYSTEMS LTD","28"
"01-JUL-2026","PFC","POWER FIN CORP LTD.","1"
"01-JUL-2026","PNB","PUNJAB NATIONAL BANK","2,750"
"01-JUL-2026","POLICYBZR","PB FINTECH LIMITED","6"
"01-JUL-2026","POWERGRID","POWER GRID CORP. LTD.","19"
"01-JUL-2026","PRESTIGE","PRESTIGE ESTATES PROJECTS LIMITED","1"
"01-JUL-2026","REFEX","REFEX INDUSTRIES LIMITED","750"
"01-JUL-2026","RELIANCE","RELIANCE INDUSTRIES LTD","44"
"01-JUL-2026","RITES","RITES LIMITED","240"
"01-JUL-2026","RPOWER","RELIANCE POWER LTD.","1"
"01-JUL-2026","SAIL","STEEL AUTHORITY OF INDIA","9"
"01-JUL-2026","SAMMAANCAP","SAMMAAN CAPITAL LIMITED","2"
"01-JUL-2026","SASKEN","SASKEN COMMU TECHNO LTD","535"
"01-JUL-2026","SBICARD","SBI CARDS & PAY SER LTD","19"
"01-JUL-2026","SBIN","STATE BANK OF INDIA","5,032"
"01-JUL-2026","SPARC","SUN PHARMA ADV.RES.CO.LTD","39"
"01-JUL-2026","SRF","SRF LTD","10"
"01-JUL-2026","SSWL","STEEL STRIPS WHEELS LTD.","1"
"01-JUL-2026","SUZLON","SUZLON ENERGY LIMITED","2,975"
"01-JUL-2026","SWIGGY","SWIGGY LIMITED","11,283"
"01-JUL-2026","TATAPOWER","TATA POWER CO LTD","107"
"01-JUL-2026","TECHM","TECH MAHINDRA LIMITED","37,800"
"01-JUL-2026","THANGAMAYL","THANGAMAYIL JEWELLERY LTD","4"
"01-JUL-2026","TITAN","TITAN INDUSTRIES LTD","11"
"01-JUL-2026","TMPV","TATA MOTORS PASS VEH LTD","472"
"01-JUL-2026","TRENT","TRENT LIMITED","268"
"01-JUL-2026","UFBL","UNITED FOODBRANDS LIMITED","10"
"01-JUL-2026","UNIONBANK","UNION BANK OF INDIA","3,800"
"01-JUL-2026","VBL","VARUN BEVERAGES LIMITED    ","77"
"01-JUL-2026","VENUSPIPES","VENUS PIPES & TUBES LTD","50"
"01-JUL-2026","VIJAYA","VIJAYA DIAGNOSTIC CEN LTD","5"
"01-JUL-2026","WAAREEENER","WAAREE ENERGIES LIMITED","50"
"01-JUL-2026","WEBELSOLAR","WEBSOL ENERGY SYSTEM LTD","50"
"01-JUL-2026","WIPRO","WIPRO LTD","1,11,425"
"01-JUL-2026","YESBANK","YES BANK LIMITED","1,303"
"01-JUL-2026","ZEEL","ZEE ENTERTAINMENT ENT LTD","4,850"
"01-JUL-2026","ZFCVINDIA","ZF COM VE CTR SYS IND LTD","300"
"02-JUL-2026","AADHARHFC","AADHAR HOUSING FINANCE L","50"
"02-JUL-2026","ACMESOLAR","ACME SOLAR HOLDINGS LTD","20"
"02-JUL-2026","ADFFOODS","ADF FOODS LIMITED","19"
"02-JUL-2026","ALKEM","ALKEM LABORATORIES LTD.","5"
"02-JUL-2026","AMBUJACEM","AMBUJA CEMENTS LTD","100"
"02-JUL-2026","ASHOKLEY","ASHOK LEYLAND LTD","40"
"02-JUL-2026","AXISBANK","AXIS BANK LIMITED","8"
"02-JUL-2026","BAJAJ-AUTO","BAJAJ AUTO LIMITED","2"
"02-JUL-2026","BAJAJHIND","BAJAJ HINDUSTAN LTD","3"
"02-JUL-2026","BAJFINANCE","BAJAJ FINANCE LIMITED","2"
"02-JUL-2026","BALKRISIND","BALKRISHNA IND. LTD      ","1"
"02-JUL-2026","BALUFORGE","BALU FORGE INDUSTRIES LTD","1"
"02-JUL-2026","BANKBARODA","BANK OF BARODA","20"
"02-JUL-2026","BANKINDIA","BANK OF INDIA","5"
"02-JUL-2026","BBOX","BLACK BOX LIMITED","4"
"02-JUL-2026","CEMPRO","CEMINDIA PROJECTS LIMITED","1,086"
"02-JUL-2026","CGPOWER","CG POWER AND INDUSTRIAL SOLUTIONS LIMITED","10"
"02-JUL-2026","COCHINSHIP","COCHIN SHIPYARD LIMITED","100"
"02-JUL-2026","CYIENT","CYIENT LIMITED           ","5,484"
"02-JUL-2026","DEEPAKFERT","DEEPAK FERTILIZERS AND PETROCHEMICALS CORPORATION LIMITED","561"
"02-JUL-2026","DELHIVERY","DELHIVERY LIMITED","1"
"02-JUL-2026","DIVISLAB","DIVI'S LABORATORIES LTD","2"
"02-JUL-2026","DIXON","DIXON TECHNO (INDIA) LTD","18"
"02-JUL-2026","DLF","DLF LIMITED","111"
"02-JUL-2026","DMART","AVENUE SUPERMARTS LIMITED","8,700"
"02-JUL-2026","EBGNG","GNG ELECTRONICS LIMITED","1"
"02-JUL-2026","EMMVEE","EMMVEE PHOTOVOLTAIC PWR L","500"
"02-JUL-2026","ETERNAL","ETERNAL LIMITED","23"
"02-JUL-2026","FCL","FINEOTEX CHEMICAL LIMITED","1"
"02-JUL-2026","FORCEMOT","FORCE MOTORS LIMITED","5"
"02-JUL-2026","FUSION","FUSION MICRO FINANCE LTD","100"
"02-JUL-2026","GROWW","BILLIONBRAINS GARAGE VN L","100"
"02-JUL-2026","GVPIL","GE POWER INDIA LIMITED","309"
"02-JUL-2026","HAL","HINDUSTAN AERONAUTICS LTD","5"
"02-JUL-2026","HCLTECH","HCL TECHNOLOGIES LTD","25"
"02-JUL-2026","HDFCBANK","HDFC BANK LTD","2"
"02-JUL-2026","HEXT","HEXAWARE TECHNOLOGIES LTD","119"
"02-JUL-2026","HFCL","HIMACHAL FUTURISTIC COMMUNICATIONS LIMITED","1"
"02-JUL-2026","HINDUNILVR","HINDUSTAN UNILEVER LTD.","55"
"02-JUL-2026","HUDCO","HOUSING & URBAN DEVELOPMENT CORPORATION LIMITED","51"
"02-JUL-2026","ICICIBANK","ICICI BANK LTD.","1"
"02-JUL-2026","IDEA","Vodafone Idea Limited","1"
"02-JUL-2026","IIFL","IIFL HOLDINGS LIMITED","100"
"02-JUL-2026","INDUSINDBK","INDUSIND BANK LIMITED","1"
"02-JUL-2026","INFY","INFOSYS TECHNOLOGIES LTD","860"
"02-JUL-2026","INOXGREEN","INOX GREEN ENERGY SER LTD","1"
"02-JUL-2026","IREDA","INDIAN RENEWABLE ENERGY","50"
"02-JUL-2026","ITC","ITC LTD","20"
"02-JUL-2026","JINDALSTEL","JINDAL STEEL & POWER LTD","1"
"02-JUL-2026","JKTYRE","JK TYRE & INDUSTRIES LTD","1"
"02-JUL-2026","LENSKART","LENSKART SOLUTIONS LTD","30"
"02-JUL-2026","LTF","L&T FINANCE LIMITED","25"
"02-JUL-2026","MCX","MULTI COMMODITY EXCHANGE OF INDIA LIMITED","10"
"02-JUL-2026","NAM-INDIA","NIPPON L I A M LTD","37"
"02-JUL-2026","NAUKRI","INFO EDGE (I) LTD","5"
"02-JUL-2026","NH","NARAYANA HRUDAYALAYA LTD.","22"
"02-JUL-2026","NHPC","NHPC LTD","120"
"02-JUL-2026","NMDC","NMDC LTD.","50"
"02-JUL-2026","NYKAA","FSN E COMMERCE VENTURES","109"
"02-JUL-2026","OIL","OIL INDIA LTD","1"
"02-JUL-2026","ONESOURCE","ONESOURCE SPECL PHARMA L","2"
"02-JUL-2026","ONGC","OIL AND NATURAL GAS CORP.","100"
"02-JUL-2026","PAGEIND","PAGE INDUSTRIES LTD","2"
"02-JUL-2026","PARAGMILK","PARAG MILK FOODS LTD.   ","2"
"02-JUL-2026","PAYTM","ONE 97 COMMUNICATIONS LTD","76"
"02-JUL-2026","PERSISTENT","PERSISTENT SYSTEMS LTD","21"
"02-JUL-2026","POLYMED","POLY MEDICURE LTD ","164"
"02-JUL-2026","QUESS","QUESS CORP LIMITED","100"
"02-JUL-2026","REFEX","REFEX INDUSTRIES LIMITED","4,500"
"02-JUL-2026","RELIANCE","RELIANCE INDUSTRIES LTD","1"
"02-JUL-2026","RHIM","RHI MAGNESITA INDIA LTD","250"
"02-JUL-2026","SAGILITY","SAGILITY INDIA LIMITED","50"
"02-JUL-2026","SAMBHV","SAMBHV STEEL TUBES LTD","100"
"02-JUL-2026","SANGHVIMOV","SANGHVI MOVERS LTD","250"
"02-JUL-2026","SCHNEIDER","SCHNEIDER ELECTRIC INFRA","7"
"02-JUL-2026","SKYGOLD","SKY GOLD AND DIAMONDS LTD","407"
"02-JUL-2026","SONACOMS","SONA BLW PRECISION FRGS L","750"
"02-JUL-2026","SONATSOFTW","SONATA SOFTWARE LIMITED","5"
"02-JUL-2026","SUVEN","SUVEN LIFE SCIENCES LTD  ","3"
"02-JUL-2026","SUZLON","SUZLON ENERGY LIMITED","400"
"02-JUL-2026","SWIGGY","SWIGGY LIMITED","851"
"02-JUL-2026","TATAELXSI","TATA ELXSI LIMITED       ","1,375"
"02-JUL-2026","TATASTEEL","TATA STEEL LIMITED","100"
"02-JUL-2026","TCS","TATA CONSULTANCY SERV LT","27"
"02-JUL-2026","THANGAMAYL","THANGAMAYIL JEWELLERY LTD","25"
"02-JUL-2026","TIPSMUSIC","TIPS MUSIC LIMITED","10"
"02-JUL-2026","TRENT","TRENT LIMITED","17"
"02-JUL-2026","TVSMOTOR","TVS MOTOR COMPANY  LTD","11"
"02-JUL-2026","UFBL","UNITED FOODBRANDS LIMITED","5,502"
"02-JUL-2026","VERANDA","VERANDA LEARNING SOL LTD","1"
"02-JUL-2026","VIKRAMSOLR","VIKRAM SOLAR LIMITED","100"
"02-JUL-2026","VOLTAS","VOLTAS LTD","43"
"02-JUL-2026","WEBELSOLAR","WEBSOL ENERGY SYSTEM LTD","4,205"
"02-JUL-2026","WIPRO","WIPRO LTD","2,03,597"
"02-JUL-2026","ZFCVINDIA","ZF COM VE CTR SYS IND LTD","10"
"03-JUL-2026","ABFRL","ADITYA BIRLA FASHION & RT","25"
"03-JUL-2026","ACC","ACC LIMITED","10"
"03-JUL-2026","AEGISVOPAK","AEGIS VOPAK TERMINALS LTD","18,417"
"03-JUL-2026","ALKEM","ALKEM LABORATORIES LTD.","4"
"03-JUL-2026","AMBUJACEM","AMBUJA CEMENTS LTD","885"
"03-JUL-2026","ATUL","ATUL LTD","5"
"03-JUL-2026","AUBANK","AU SMALL FINANCE BANK LIMITED","70"
"03-JUL-2026","AZAD","AZAD ENGINEERING LIMITED","200"
"03-JUL-2026","BAJAJ-AUTO","BAJAJ AUTO LIMITED","145"
"03-JUL-2026","BAJAJFINSV","BAJAJ FINSERV LIMITED","211"
"03-JUL-2026","BAJFINANCE","BAJAJ FINANCE LIMITED","10"
"03-JUL-2026","BHARTIARTL","BHARTI AIRTEL LIMITED","1"
"03-JUL-2026","BRITANNIA","BRITANNIA INDUSTRIES LIMITED","5"
"03-JUL-2026","CCAVENUE","AVENUESAI LIMITED","600"
"03-JUL-2026","CYIENT","CYIENT LIMITED           ","2,550"
"03-JUL-2026","DELHIVERY","DELHIVERY LIMITED","50"
"03-JUL-2026","DIXON","DIXON TECHNO (INDIA) LTD","30"
"03-JUL-2026","DMART","AVENUE SUPERMARTS LIMITED","34,801"
"03-JUL-2026","ELECTHERM","ELECTROTHERM (I) LTD.","1,044"
"03-JUL-2026","ENERGY","MIRAEAMC - ENERGY","1"
"03-JUL-2026","FINPIPE","FINOLEX INDUSTRIES LTD","500"
"03-JUL-2026","FORCEMOT","FORCE MOTORS LIMITED","125"
"03-JUL-2026","FUSION","FUSION MICRO FINANCE LTD","1"
"03-JUL-2026","GENUSPOWER","GENUS POWER INFRASTRU LTD","1,000"
"03-JUL-2026","GESHIP","THE GE SHPG.LTD","300"
"03-JUL-2026","GMRAIRPORT","GMR AIRPORTS LIMITED","7,160"
"03-JUL-2026","GRASIM","GRASIM INDUSTRIES LTD","25"
"03-JUL-2026","GREAVESCOT","GREAVES COTTON LTD","148"
"03-JUL-2026","GVPIL","GE POWER INDIA LIMITED","6"
"03-JUL-2026","HBLENGINE","HBL ENGINEERING LTD","2"
"03-JUL-2026","HDFCBANK","HDFC BANK LTD","10"
"03-JUL-2026","HFCL","HIMACHAL FUTURISTIC COMMUNICATIONS LIMITED","1,89,893"
"03-JUL-2026","HINDUNILVR","HINDUSTAN UNILEVER LTD.","50"
"03-JUL-2026","HYUNDAI","HYUNDAI MOTOR INDIA LTD","21"
"03-JUL-2026","ICICIBANK","ICICI BANK LTD.","11"
"03-JUL-2026","IIFL","IIFL HOLDINGS LIMITED","100"
"03-JUL-2026","IIFLCAPS","IIFL CAPITAL SERVICES LTD","3"
"03-JUL-2026","INDUSINDBK","INDUSIND BANK LIMITED","115"
"03-JUL-2026","INFY","INFOSYS TECHNOLOGIES LTD","116"
"03-JUL-2026","INTELLECT","INTELLECT DESIGN ARENA   ","20"
"03-JUL-2026","IREDA","INDIAN RENEWABLE ENERGY","50"
"03-JUL-2026","ITC","ITC LTD","50"
"03-JUL-2026","ITCHOTELS","ITC HOTELS LIMITED","10"
"03-JUL-2026","KIRLOSENG","KIRLOSENG","10"
"03-JUL-2026","KPIGREEN","KPI GREEN ENERGY LIMITED","1"
"03-JUL-2026","KPITTECH","KPIT TECHNOLOGIES LTD","2,325"
"03-JUL-2026","LATENTVIEW","LATENT VIEW ANALYTICS LTD","1"
"03-JUL-2026","LIQUIDBEES","NIP IND ETF LIQUID BEES","204"
"03-JUL-2026","LODHA","LODHA","723"
"03-JUL-2026","LT","LARSEN & TOUBRO LTD.","100"
"03-JUL-2026","LTF","L&T FINANCE LIMITED","50"
"03-JUL-2026","LUPIN","LUPIN LIMITED","23"
"03-JUL-2026","MARICO","MARICO LIMITED","10"
"03-JUL-2026","MOTHERSON","SAMVRDHNA MTHRSN INT","47"
"03-JUL-2026","NUVAMA","NUVAMA WEALTH MANAGE LTD","1"
"03-JUL-2026","OFSS","Oracle Financial Services Software Limited","30"
"03-JUL-2026","PAGEIND","PAGE INDUSTRIES LTD","1"
"03-JUL-2026","PERSISTENT","PERSISTENT SYSTEMS LTD","750"
"03-JUL-2026","PHOENIXLTD","THE PHOENIX MILLS LIMITED","52"
"03-JUL-2026","PIDILITIND","PIDILITE INDUSTRIES LIMITED","5"
"03-JUL-2026","PNB","PUNJAB NATIONAL BANK","8,000"
"03-JUL-2026","POLICYBZR","PB FINTECH LIMITED","1"
"03-JUL-2026","POONAWALLA","POONAWALLA FINCORP LTD","75"
"03-JUL-2026","PSPPROJECT","PSP PROJECTS LIMITED","1"
"03-JUL-2026","QUESS","QUESS CORP LIMITED","700"
"03-JUL-2026","RBLBANK","RBL BANK LIMITED    ","3"
"03-JUL-2026","RELIANCE","RELIANCE INDUSTRIES LTD","5"
"03-JUL-2026","RPOWER","RELIANCE POWER LTD.","27"
"03-JUL-2026","SBIN","STATE BANK OF INDIA","1"
"03-JUL-2026","SHAILY","SHAILY ENG PLASTICS LTD","2"
"03-JUL-2026","TATAELXSI","TATA ELXSI LIMITED       ","7"
"03-JUL-2026","TCS","TATA CONSULTANCY SERV LT","4,308"
"03-JUL-2026","TORNTPHARM","TORRENT PHARMACEUTICALS L","125"
"03-JUL-2026","TRENT","TRENT LIMITED","6,751"
"03-JUL-2026","UFBL","UNITED FOODBRANDS LIMITED","2,207"
"03-JUL-2026","VIYASH","VIYASH SCIENTIFIC LIMITED","850"
"03-JUL-2026","WIPRO","WIPRO LTD","3,30,005"
"06-JUL-2026","360ONE","360 ONE WAM LIMITED","1,001"
"06-JUL-2026","ABDL","ALLIED BLEND N DISTILS L","45"
"06-JUL-2026","ABREL","ADITYA BIRLA REAL EST LTD","100"
"06-JUL-2026","ADANIENT","ADANI ENTERPRISES LIMITED","4"
"06-JUL-2026","AEGISLOG","AEGIS LOGISTICS LIMITED","10"
"06-JUL-2026","AMBUJACEM","AMBUJA CEMENTS LTD","78"
"06-JUL-2026","BAJFINANCE","BAJAJ FINANCE LIMITED","4,200"
"06-JUL-2026","BANDHANBNK","BANDHAN BANK LIMITED","3,530"
"06-JUL-2026","BAYERCROP","BAYER CROPSCIENCE LTD    ","5"
"06-JUL-2026","BDL","BHARAT DYNAMICS LIMITED","850"
"06-JUL-2026","BHARTIARTL","BHARTI AIRTEL LIMITED","129"
"06-JUL-2026","BLS","BLS INTL SERVS LTD","18"
"06-JUL-2026","BPCL","BHARAT PETROLEUM CORP  LT","52"
"06-JUL-2026","CAMLINFINE","CAMLIN FINE SCIENCES LTD ","53"
"06-JUL-2026","CEMPRO","CEMINDIA PROJECTS LIMITED","4,165"
"06-JUL-2026","CHOLAFIN","CHOLAMANDALAM IN & FIN CO","1,178"
"06-JUL-2026","CIPLA","CIPLA LTD","130"
"06-JUL-2026","COALINDIA","COALINDIA","10"
"06-JUL-2026","COCHINSHIP","COCHIN SHIPYARD LIMITED","1,200"
"06-JUL-2026","COLPAL","COLGATE PALMOLIVE LTD.","53"
"06-JUL-2026","CYIENT","CYIENT LIMITED           ","15,432"
"06-JUL-2026","DABUR","DABUR INDIA LTD","2,636"
"06-JUL-2026","DATAMATICS","DATAMATICS GLOBAL SER LTD","3"
"06-JUL-2026","DIACABS","DIAMOND POWER INFRA LTD","16,864"
"06-JUL-2026","DIXON","DIXON TECHNO (INDIA) LTD","78"
"06-JUL-2026","DLF","DLF LIMITED","461"
"06-JUL-2026","DMART","AVENUE SUPERMARTS LIMITED","458"
"06-JUL-2026","DRREDDY","DR. REDDY'S LABORATORIES","2,003"
"06-JUL-2026","EMCURE","EMCURE PHARMACEUTICALS L","24"
"06-JUL-2026","EMIL","ELECTRONICS MART IND LTD","1"
"06-JUL-2026","ENRIN","SIEMENS ENERGY INDIA LTD","50"
"06-JUL-2026","GAIL","GAIL (INDIA) LTD","13,000"
"06-JUL-2026","GENUSPOWER","GENUS POWER INFRASTRU LTD","25,000"
"06-JUL-2026","GODREJPROP","GODREJ PROPERTIES LTD","744"
"06-JUL-2026","GRASIM","GRASIM INDUSTRIES LTD","300"
"06-JUL-2026","GVPIL","GE POWER INDIA LIMITED","685"
"06-JUL-2026","HAL","HINDUSTAN AERONAUTICS LTD","2"
"06-JUL-2026","HCLTECH","HCL TECHNOLOGIES LTD","10"
"06-JUL-2026","HDFCAMC","HDFC AMC LIMITED","83"
"06-JUL-2026","HDFCBANK","HDFC BANK LTD","751"
"06-JUL-2026","HFCL","HIMACHAL FUTURISTIC COMMUNICATIONS LIMITED","773"
"06-JUL-2026","HINDALCO","HINDALCO  INDUSTRIES  LTD","4"
"06-JUL-2026","HINDPETRO","HINDUSTAN PETROLEUM CORP","350"
"06-JUL-2026","HINDUNILVR","HINDUSTAN UNILEVER LTD.","8"
"06-JUL-2026","HINDZINC","HINDUSTAN ZINC LIMITED","500"
"06-JUL-2026","ICICIBANK","ICICI BANK LTD.","10"
"06-JUL-2026","ICICIPRULI","ICICI PRU LIFE INS CO LTD ","612"
"06-JUL-2026","INDIGO","INTERGLOBE AVIATION LTD  ","1"
"06-JUL-2026","INDUSINDBK","INDUSIND BANK LIMITED","25"
"06-JUL-2026","INFY","INFOSYS TECHNOLOGIES LTD","400"
"06-JUL-2026","INOXGREEN","INOX GREEN ENERGY SER LTD","20"
"06-JUL-2026","ITC","ITC LTD","100"
"06-JUL-2026","ITCHOTELS","ITC HOTELS LIMITED","100"
"06-JUL-2026","IZMO","IZMO LIMITED","2"
"06-JUL-2026","JAYNECOIND","JAYASWAL NECO INDUSTR LTD","1"
"06-JUL-2026","JPPOWER","JAIPRAKASH POWER VEN. LTD","6"
"06-JUL-2026","KPITTECH","KPIT TECHNOLOGIES LTD","101"
"06-JUL-2026","KRISHANA","KRISHANA PHOSCHEM LIMITED","600"
"06-JUL-2026","LAURUSLABS","LAURUS LABS LIMITED","1,295"
"06-JUL-2026","LIQUIDBEES","NIP IND ETF LIQUID BEES","1"
"06-JUL-2026","LLOYDSENGG","LLOYDS ENGG WORK LIMITED","1,104"
"06-JUL-2026","LODHA","LODHA","7,658"
"06-JUL-2026","LT","LARSEN & TOUBRO LTD.","1"
"06-JUL-2026","LTF","L&T FINANCE LIMITED","10"
"06-JUL-2026","LUPIN","LUPIN LIMITED","10"
"06-JUL-2026","M&M","MAHINDRA & MAHINDRA LTD","19"
"06-JUL-2026","MANAPPURAM","MANAPPURAM FINANCE LTD","300"
"06-JUL-2026","MARICO","MARICO LIMITED","1,210"
"06-JUL-2026","MARUTI","MARUTI SUZUKI INDIA LTD.","61"
"06-JUL-2026","NBCC","NATIONAL BUILDINGS LTD   ","38"
"06-JUL-2026","NIACL","THE NEW INDIA ASSU CO LTD","838"
"06-JUL-2026","NMDC","NMDC LTD.","1,600"
"06-JUL-2026","OFSS","Oracle Financial Services Software Limited","12"
"06-JUL-2026","OIL","OIL INDIA LTD","4,454"
"06-JUL-2026","PAISALO","PAISALO DIGITAL LIMITED","126"
"06-JUL-2026","PARAS","PARAS DEF AND SPCE TECH L","27"
"06-JUL-2026","PERSISTENT","PERSISTENT SYSTEMS LTD","1,250"
"06-JUL-2026","PFC","POWER FIN CORP LTD.","2,600"
"06-JUL-2026","PGEL","PG ELECTROPLAST LTD","43"
"06-JUL-2026","PHOENIXLTD","THE PHOENIX MILLS LIMITED","620"
"06-JUL-2026","PIIND","PI INDUSTRIES LTD        ","4"
"06-JUL-2026","POWERINDIA","ABB POWER PRO N SYS IND L","50"
"06-JUL-2026","PSPPROJECT","PSP PROJECTS LIMITED","148"
"06-JUL-2026","QUESS","QUESS CORP LIMITED","500"
"06-JUL-2026","RADICO","RADICO KHAITAN LIMITED","250"
"06-JUL-2026","RAIN","RAIN INDUSTRIES LIMITED","100"
"06-JUL-2026","RBLBANK","RBL BANK LIMITED    ","10,439"
"06-JUL-2026","REFEX","REFEX INDUSTRIES LIMITED","250"
"06-JUL-2026","RELIANCE","RELIANCE INDUSTRIES LTD","8,501"
"06-JUL-2026","RVNL","RVNL","1"
"06-JUL-2026","SHRIRAMFIN","SHRIRAM FINANCE LIMITED","10"
"06-JUL-2026","SIEMENS","SIEMENS LTD","10"
"06-JUL-2026","SONACOMS","SONA BLW PRECISION FRGS L","182"
"06-JUL-2026","SOTL","SAVITA OIL TECHNOLO. LTD","32"
"06-JUL-2026","SPARC","SUN PHARMA ADV.RES.CO.LTD","54,600"
"06-JUL-2026","STYRENIX","STYRENIX PERFORMANCE LTD","10"
"06-JUL-2026","SUVEN","SUVEN LIFE SCIENCES LTD  ","2"
"06-JUL-2026","TATAELXSI","TATA ELXSI LIMITED       ","500"
"06-JUL-2026","TATASTEEL","TATA STEEL LIMITED","10"
"06-JUL-2026","TATATECH","TATA TECHNOLOGIES LIMITED","6"
"06-JUL-2026","THELEELA","SCHLOSS BANGALORE LIMITED","50"
"06-JUL-2026","TITAN","TITAN INDUSTRIES LTD","1"
"06-JUL-2026","UCOBANK","UCO BANK","2,850"
"06-JUL-2026","UFBL","UNITED FOODBRANDS LIMITED","386"
"06-JUL-2026","ULTRACEMCO","ULTRATECH CEMENT LIMITED","2"
"06-JUL-2026","UNITDSPR","UNITED SPIRITS LIMITED","2,000"
"06-JUL-2026","VEDL","VEDANTA LIMITED","1"
"06-JUL-2026","WEBELSOLAR","WEBSOL ENERGY SYSTEM LTD","2"
"06-JUL-2026","ZYDUSLIFE","ZYDUS LIFESCIENCES","2,200"
"07-JUL-2026","ABB","ABB LTD.","2,000"
"07-JUL-2026","ADANIENSOL","ADANI ENERGY SOLUTION LTD","50"
"07-JUL-2026","ADANIGREEN","ADANI GREEN ENERGY LTD","169"
"07-JUL-2026","ADANIPORTS","ADANI PORT & SEZ LTD","34"
"07-JUL-2026","APOLLOHOSP","APOLLO HOSPITALS ENTERPRISE LIMITED","7"
"07-JUL-2026","BAJAJ-AUTO","BAJAJ AUTO LIMITED","20"
"07-JUL-2026","BAJFINANCE","BAJAJ FINANCE LIMITED","10"
"07-JUL-2026","BANDHANBNK","BANDHAN BANK LIMITED","482"
"07-JUL-2026","BDL","BHARAT DYNAMICS LIMITED","2"
"07-JUL-2026","BELRISE","BELRISE INDUSTRIES LTD","99"
"07-JUL-2026","BHARATCOAL","BHARAT COKING COAL LTD","5"
"07-JUL-2026","BLUEJET","BLUE JET HEALTHCARE LTD","1"
"07-JUL-2026","BOSCHLTD","BOSCH LIMITED","24"
"07-JUL-2026","CGPOWER","CG POWER AND INDUSTRIAL SOLUTIONS LIMITED","100"
"07-JUL-2026","CHOLAFIN","CHOLAMANDALAM IN & FIN CO","54"
"07-JUL-2026","CMPDI","CENTRAL MINE P N D INST L","1"
"07-JUL-2026","COCHINSHIP","COCHIN SHIPYARD LIMITED","49,070"
"07-JUL-2026","COFORGE","COFORGE LIMITED","2"
"07-JUL-2026","DABUR","DABUR INDIA LTD","2"
"07-JUL-2026","DELHIVERY","DELHIVERY LIMITED","100"
"07-JUL-2026","DIACABS","DIAMOND POWER INFRA LTD","1"
"07-JUL-2026","DIXON","DIXON TECHNO (INDIA) LTD","1"
"07-JUL-2026","DMART","AVENUE SUPERMARTS LIMITED","1,434"
"07-JUL-2026","EICHERMOT","EICHER MOTORS LIMITED","5"
"07-JUL-2026","ETERNAL","ETERNAL LIMITED","50"
"07-JUL-2026","FIRSTCRY","BRAINBEES SOLUTIONS LTD","1"
"07-JUL-2026","GODREJPROP","GODREJ PROPERTIES LTD","48"
"07-JUL-2026","GRAPHITE","GRAPHITE INDIA LIMITED","3"
"07-JUL-2026","GVPIL","GE POWER INDIA LIMITED","784"
"07-JUL-2026","HCLTECH","HCL TECHNOLOGIES LTD","50"
"07-JUL-2026","HDFCBANK","HDFC BANK LTD","10"
"07-JUL-2026","HFCL","HIMACHAL FUTURISTIC COMMUNICATIONS LIMITED","10,000"
"07-JUL-2026","HINDPETRO","HINDUSTAN PETROLEUM CORP","1,950"
"07-JUL-2026","HINDUNILVR","HINDUSTAN UNILEVER LTD.","125"
"07-JUL-2026","HIRECT","HIND RECTIFIER LIMITED","25"
"07-JUL-2026","HITECH","HI-TECH PIPES LIMITED","900"
"07-JUL-2026","INDUSINDBK","INDUSIND BANK LIMITED","426"
"07-JUL-2026","IOLCP","IOL CHEM AND PHARMA LTD","310"
"07-JUL-2026","IRCTC","INDIAN RAIL TOUR CORP LTD","76"
"07-JUL-2026","JINDALSTEL","JINDAL STEEL & POWER LTD","33"
"07-JUL-2026","JIOFIN","JIO FIN SERVICES LTD","100"
"07-JUL-2026","JUBLFOOD","JUBILANT FOODWORKS LTD","400"
"07-JUL-2026","KOTAKBANK","KOTAK MAHINDRA BANK LTD","229"
"07-JUL-2026","KTKBANK","KARNATAKA BANK LIMITED","2"
"07-JUL-2026","KWIL","KWALITY WALL'S (INDIA) L","2"
"07-JUL-2026","LENSKART","LENSKART SOLUTIONS LTD","78"
"07-JUL-2026","LIQUIDBEES","NIP IND ETF LIQUID BEES","189"
"07-JUL-2026","LODHA","LODHA","13,131"
"07-JUL-2026","LUPIN","LUPIN LIMITED","10"
"07-JUL-2026","MANAPPURAM","MANAPPURAM FINANCE LTD","289"
"07-JUL-2026","MAZDOCK","MAZAGON DOCK SHIPBUIL LTD","1"
"07-JUL-2026","MEESHO","MEESHO LIMITED","1,342"
"07-JUL-2026","NAUKRI","INFO EDGE (I) LTD","1"
"07-JUL-2026","NMDC","NMDC LTD.","1"
"07-JUL-2026","OBEROIRLTY","OBEROI REALTY LIMITED","9"
"07-JUL-2026","ONGC","OIL AND NATURAL GAS CORP.","6"
"07-JUL-2026","PERSISTENT","PERSISTENT SYSTEMS LTD","2,375"
"07-JUL-2026","PGEL","PG ELECTROPLAST LTD","2,502"
"07-JUL-2026","PHOENIXLTD","THE PHOENIX MILLS LIMITED","11"
"07-JUL-2026","PINELABS","PINE LABS LIMITED","3,018"
"07-JUL-2026","POLICYBZR","PB FINTECH LIMITED","1,686"
"07-JUL-2026","PSPPROJECT","PSP PROJECTS LIMITED","1"
"07-JUL-2026","PWL","PHYSICSWALLAH LIMITED","1"
"07-JUL-2026","QUESS","QUESS CORP LIMITED","2,700"
"07-JUL-2026","RBLBANK","RBL BANK LIMITED    ","56"
"07-JUL-2026","RELIANCE","RELIANCE INDUSTRIES LTD","80"
"07-JUL-2026","SBIN","STATE BANK OF INDIA","100"
"07-JUL-2026","SCHNEIDER","SCHNEIDER ELECTRIC INFRA","2"
"07-JUL-2026","SHAREINDIA","SHARE IND. SECURITIES LTD","4,24,603"
"07-JUL-2026","SHRIRAMFIN","SHRIRAM FINANCE LIMITED","10"
"07-JUL-2026","SKYGOLD","SKY GOLD AND DIAMONDS LTD","25"
"07-JUL-2026","SONACOMS","SONA BLW PRECISION FRGS L","280"
"07-JUL-2026","SPARC","SUN PHARMA ADV.RES.CO.LTD","24"
"07-JUL-2026","SWIGGY","SWIGGY LIMITED","5"
"07-JUL-2026","TATACAP","TATA CAPITAL LIMITED","200"
"07-JUL-2026","TATATECH","TATA TECHNOLOGIES LIMITED","2"
"07-JUL-2026","TRENT","TRENT LIMITED","7,672"
"07-JUL-2026","VARROC","VARROC ENGINEERING LTD.","1"
"07-JUL-2026","VOLTAS","VOLTAS LTD","2"
"08-JUL-2026","ABFRL","ADITYA BIRLA FASHION & RT","6,00,000"
"08-JUL-2026","ADANIENSOL","ADANI ENERGY SOLUTION LTD","1,061"
"08-JUL-2026","ADANIENT","ADANI ENTERPRISES LIMITED","15"
"08-JUL-2026","AEGISLOG","AEGIS LOGISTICS LIMITED","1"
"08-JUL-2026","AEGISVOPAK","AEGIS VOPAK TERMINALS LTD","90"
"08-JUL-2026","ANANTRAJ","ANANT RAJ LIMITED","550"
"08-JUL-2026","APOLLO","APOLLO MICRO SYSTEMS LTD","9"
"08-JUL-2026","APTUS","APTUS VALUE HSG FIN I LTD","476"
"08-JUL-2026","ASTRAL","ASTRAL POLY TECHNIK LIMITED","2,975"
"08-JUL-2026","ATHERENERG","ATHER ENERGY LIMITED","1"
"08-JUL-2026","BAJAJ-AUTO","BAJAJ AUTO LIMITED","1"
"08-JUL-2026","BAJAJFINSV","BAJAJ FINSERV LIMITED","8"
"08-JUL-2026","BAJFINANCE","BAJAJ FINANCE LIMITED","10"
"08-JUL-2026","BHARATFORG","BHARAT FORGE LTD","650"
"08-JUL-2026","BORORENEW","BOROSIL RENEWABLES LTD","28"
"08-JUL-2026","CCAVENUE","AVENUESAI LIMITED","15,000"
"08-JUL-2026","CGPOWER","CG POWER AND INDUSTRIAL SOLUTIONS LIMITED","19"
"08-JUL-2026","CMPDI","CENTRAL MINE P N D INST L","896"
"08-JUL-2026","COALINDIA","COALINDIA","1"
"08-JUL-2026","COCHINSHIP","COCHIN SHIPYARD LIMITED","310"
"08-JUL-2026","CUPID","CUPID LIMITED","6,000"
"08-JUL-2026","DBL","DILIP BUILDCON LIMITED","33"
"08-JUL-2026","DELHIVERY","DELHIVERY LIMITED","700"
"08-JUL-2026","DMART","AVENUE SUPERMARTS LIMITED","644"
"08-JUL-2026","EBGNG","GNG ELECTRONICS LIMITED","1"
"08-JUL-2026","EICHERMOT","EICHER MOTORS LIMITED","3"
"08-JUL-2026","ETERNAL","ETERNAL LIMITED","50"
"08-JUL-2026","FIVESTAR","FIVE-STAR BUS FIN LTD","35,292"
"08-JUL-2026","GMRAIRPORT","GMR AIRPORTS LIMITED","6,000"
"08-JUL-2026","GVPIL","GE POWER INDIA LIMITED","501"
"08-JUL-2026","HDFCBANK","HDFC BANK LTD","10"
"08-JUL-2026","HDFCLIFE","HDFC STANDARD LIFE INSURANCE COMPANY LIMITED","1"
"08-JUL-2026","HFCL","HIMACHAL FUTURISTIC COMMUNICATIONS LIMITED","1"
"08-JUL-2026","HINDUNILVR","HINDUSTAN UNILEVER LTD.","50"
"08-JUL-2026","HINDZINC","HINDUSTAN ZINC LIMITED","100"
"08-JUL-2026","HSCL","HIMADRI SPECIALITY CHEMICAL LIMITED","11"
"08-JUL-2026","ICICIBANK","ICICI BANK LTD.","10"
"08-JUL-2026","IDEA","Vodafone Idea Limited","4,000"
"08-JUL-2026","INFY","INFOSYS TECHNOLOGIES LTD","100"
"08-JUL-2026","IOLCP","IOL CHEM AND PHARMA LTD","90"
"08-JUL-2026","IRFC","IRFC","69,790"
"08-JUL-2026","JASH","JASH ENGINEERING LIMITED","5"
"08-JUL-2026","JKCEMENT","JK CEMENT LIMITED","30"
"08-JUL-2026","JSWCEMENT","JSW CEMENT LIMITED","47"
"08-JUL-2026","KALYANKJIL","KALYAN JEWELLERS IND LTD","8"
"08-JUL-2026","KEI","KEI INDUSTRIES LTD.      ","66"
"08-JUL-2026","KPITTECH","KPIT TECHNOLOGIES LTD","9,954"
"08-JUL-2026","LIQUIDBEES","NIP IND ETF LIQUID BEES","379"
"08-JUL-2026","LODHA","LODHA","41,747"
"08-JUL-2026","LTF","L&T FINANCE LIMITED","3,305"
"08-JUL-2026","LTM","LTIMINDTREE LIMITED","150"
"08-JUL-2026","LUPIN","LUPIN LIMITED","25"
"08-JUL-2026","MANINDS","MAN INDUSTRIES (I) LTD.  ","200"
"08-JUL-2026","MARICO","MARICO LIMITED","10"
"08-JUL-2026","MARUTI","MARUTI SUZUKI INDIA LTD.","110"
"08-JUL-2026","MCX","MULTI COMMODITY EXCHANGE OF INDIA LIMITED","10"
"08-JUL-2026","MON100","MOTILAL OS NASDAQ100 ETF","2"
"08-JUL-2026","NACLIND","NACL INDUSTRIES LIMITED","1,620"
"08-JUL-2026","NAUKRI","INFO EDGE (I) LTD","200"
"08-JUL-2026","NIFTYETF","MIRAEAMC - MAN50ETF","324"
"08-JUL-2026","NPST","NETWORK PEOPLE SRV TECH L","71"
"08-JUL-2026","PAGEIND","PAGE INDUSTRIES LTD","3"
"08-JUL-2026","PAISALO","PAISALO DIGITAL LIMITED","50"
"08-JUL-2026","PARADEEP","PARADEEP PHOSPHATES LTD","500"
"08-JUL-2026","PINELABS","PINE LABS LIMITED","1"
"08-JUL-2026","POONAWALLA","POONAWALLA FINCORP LTD","1,62,000"
"08-JUL-2026","PSB","PUNJAB & SIND BANK","930"
"08-JUL-2026","PTC","PTC INDIA LIMITED","5"
"08-JUL-2026","QUESS","QUESS CORP LIMITED","2,250"
"08-JUL-2026","RAIN","RAIN INDUSTRIES LIMITED","750"
"08-JUL-2026","RAYMOND","RAYMOND LIMITED","2"
"08-JUL-2026","RCF","RASHTRIYA CHEMICALS AND FERTILIZERS LIMITED","2,203"
"08-JUL-2026","REFEX","REFEX INDUSTRIES LIMITED","251"
"08-JUL-2026","RPTECH","RASHI PERIPHERALS LIMITED","50"
"08-JUL-2026","SHAREINDIA","SHARE IND. SECURITIES LTD","3,994"
"08-JUL-2026","SHREECEM","SHREE CEMENTS LTD","25"
"08-JUL-2026","SPARC","SUN PHARMA ADV.RES.CO.LTD","650"
"08-JUL-2026","SUDEEPPHRM","SUDEEP PHARMA LIMITED","150"
"08-JUL-2026","SUNPHARMA","SUN PHARMACEUTICALS IND.","10"
"08-JUL-2026","SUZLON","SUZLON ENERGY LIMITED","250"
"08-JUL-2026","SWIGGY","SWIGGY LIMITED","5"
"08-JUL-2026","TANLA","TANLA PLATFORMS LIMITED","25"
"08-JUL-2026","TATAINVEST","TATA INVESTMENT CORPORATION LIMITED","110"
"08-JUL-2026","TMPV","TATA MOTORS PASS VEH LTD","300"
"08-JUL-2026","TORNTPHARM","TORRENT PHARMACEUTICALS L","5,750"
"08-JUL-2026","TRENT","TRENT LIMITED","18,634"
"08-JUL-2026","UNIONBANK","UNION BANK OF INDIA","500"
"08-JUL-2026","VMM","VISHAL MEGA MART LIMITED","500"
"08-JUL-2026","WIPRO","WIPRO LTD","9,000"
"08-JUL-2026","ZYDUSLIFE","ZYDUS LIFESCIENCES","205"
"09-JUL-2026","ABCAPITAL","ADITYA BIRLA CAPITAL LIMITED","10"
"09-JUL-2026","AEQUS","AEQUS LIMITED","250"
"09-JUL-2026","AETHER","AETHER INDUSTRIES LIMITED","10"
"09-JUL-2026","AMBUJACEM","AMBUJA CEMENTS LTD","144"
"09-JUL-2026","ANANTRAJ","ANANT RAJ LIMITED","500"
"09-JUL-2026","ARE&M","AMARA RAJA ENERGY MOB","40"
"09-JUL-2026","ASTRAL","ASTRAL POLY TECHNIK LIMITED","1,700"
"09-JUL-2026","BAJAJFINSV","BAJAJ FINSERV LIMITED","3"
"09-JUL-2026","BAJFINANCE","BAJAJ FINANCE LIMITED","26"
"09-JUL-2026","BDL","BHARAT DYNAMICS LIMITED","2,975"
"09-JUL-2026","BHEL","BHEL","200"
"09-JUL-2026","BLISSGVS","BLISS GVS PHARMA LTD     ","16"
"09-JUL-2026","BLS","BLS INTL SERVS LTD","1"
"09-JUL-2026","BPCL","BHARAT PETROLEUM CORP  LT","100"
"09-JUL-2026","BRIGADE","BRIGADE ENTER. LTD","300"
"09-JUL-2026","CARYSIL","CARYSIL LIMITED","1"
"09-JUL-2026","CEMPRO","CEMINDIA PROJECTS LIMITED","7"
"09-JUL-2026","CGCL","CGCL","500"
"09-JUL-2026","COCKERILL","JOHN COCKERILL INDIA LTD.","279"
"09-JUL-2026","COFORGE","COFORGE LIMITED","100"
"09-JUL-2026","CUB","CITY UNION BANK LTD      ","500"
"09-JUL-2026","CUPID","CUPID LIMITED","500"
"09-JUL-2026","DEEPAKFERT","DEEPAK FERTILIZERS AND PETROCHEMICALS CORPORATION LIMITED","1"
"09-JUL-2026","DIXON","DIXON TECHNO (INDIA) LTD","31"
"09-JUL-2026","DMART","AVENUE SUPERMARTS LIMITED","13,906"
"09-JUL-2026","EIDPARRY","EID PARRY INDIA LTD","341"
"09-JUL-2026","ETERNAL","ETERNAL LIMITED","25"
"09-JUL-2026","EXIDEIND","EXIDE INDUSTRIES LTD","5"
"09-JUL-2026","FORTIS","FORTIS HEALTHCARE (I) LTD","25"
"09-JUL-2026","FRACTAL","FRACTAL ANALYTICS LIMITED","23"
"09-JUL-2026","GAIL","GAIL (INDIA) LTD","2,000"
"09-JUL-2026","GESHIP","THE GE SHPG.LTD","300"
"09-JUL-2026","GODREJAGRO","GODREJ AGROVET LIMITED","100"
"09-JUL-2026","GRAPHITE","GRAPHITE INDIA LIMITED","1"
"09-JUL-2026","GREAVESCOT","GREAVES COTTON LTD","200"
"09-JUL-2026","GVT&D","GE VERNOVA T&D INDIA LTD","3"
"09-JUL-2026","HCLTECH","HCL TECHNOLOGIES LTD","18"
"09-JUL-2026","HDFCBANK","HDFC BANK LTD","15"
"09-JUL-2026","HFCL","HIMACHAL FUTURISTIC COMMUNICATIONS LIMITED","450"
"09-JUL-2026","HSCL","HIMADRI SPECIALITY CHEMICAL LIMITED","200"
"09-JUL-2026","IDBI","IDBI Bank Limited","275"
"09-JUL-2026","IDEA","Vodafone Idea Limited","5"
"09-JUL-2026","IDFCFIRSTB","IDFC FIRST BANK LIMI","2,415"
"09-JUL-2026","IKS","INVENTURUS KNOWLEDGE SO L","200"
"09-JUL-2026","INFY","INFOSYS TECHNOLOGIES LTD","66,000"
"09-JUL-2026","IREDA","INDIAN RENEWABLE ENERGY","50"
"09-JUL-2026","IRFC","IRFC","50"
"09-JUL-2026","ITAXIS","AXISAMC-ITAXIS","1"
"09-JUL-2026","IZMO","IZMO LIMITED","1"
"09-JUL-2026","JTLIND","JTL INDUSTRIES LIMITED","50"
"09-JUL-2026","KALYANKJIL","KALYAN JEWELLERS IND LTD","497"
"09-JUL-2026","KAYNES","KAYNES TECHNOLOGY IND LTD","12"
"09-JUL-2026","LAURUSLABS","LAURUS LABS LIMITED","69"
"09-JUL-2026","LICI","LIFE INSURA CORP OF INDIA","2,410"
"09-JUL-2026","LIQUIDBEES","NIP IND ETF LIQUID BEES","-"
"09-JUL-2026","LODHA","LODHA","1,477"
"09-JUL-2026","LT","LARSEN & TOUBRO LTD.","2"
"09-JUL-2026","LUPIN","LUPIN LIMITED","30"
"09-JUL-2026","MAXHEALTH","MAX HEALTHCARE INS LTD","1"
"09-JUL-2026","MOSCHIP","MOSCHIP TECHNOLOGIES LTD","5"
"09-JUL-2026","NAUKRI","INFO EDGE (I) LTD","57"
"09-JUL-2026","NBCC","NATIONAL BUILDINGS LTD   ","100"
"09-JUL-2026","NEWGEN","NEWGEN","200"
"09-JUL-2026","PAGEIND","PAGE INDUSTRIES LTD","1"
"09-JUL-2026","PARADEEP","PARADEEP PHOSPHATES LTD","1,038"
"09-JUL-2026","PETRONET","PETRONET LNG LIMITED","90"
"09-JUL-2026","PNB","PUNJAB NATIONAL BANK","7,044"
"09-JUL-2026","POLYCAB","POLYCAB INDIA LIMITED","865"
"09-JUL-2026","POONAWALLA","POONAWALLA FINCORP LTD","25"
"09-JUL-2026","PREMIERENE","PREMIER ENERGIES LIMITED","1"
"09-JUL-2026","QUESS","QUESS CORP LIMITED","1,450"
"09-JUL-2026","RECLTD","RURAL ELEC CORP. LTD.","26,775"
"09-JUL-2026","REFEX","REFEX INDUSTRIES LIMITED","1,352"
"09-JUL-2026","RESPONIND","RESPONSIVE INDUSTRIES LTD","4"
"09-JUL-2026","SAIL","STEEL AUTHORITY OF INDIA","81"
"09-JUL-2026","SHAREINDIA","SHARE IND. SECURITIES LTD","6"
"09-JUL-2026","SPARC","SUN PHARMA ADV.RES.CO.LTD","407"
"09-JUL-2026","SUNPHARMA","SUN PHARMACEUTICALS IND.","2"
"09-JUL-2026","SUPRIYA","SUPRIYA LIFESCIENCE LTD","200"
"09-JUL-2026","SUZLON","SUZLON ENERGY LIMITED","4,387"
"09-JUL-2026","SWIGGY","SWIGGY LIMITED","1,510"
"09-JUL-2026","TORNTPHARM","TORRENT PHARMACEUTICALS L","375"
"09-JUL-2026","TRENT","TRENT LIMITED","450"
"09-JUL-2026","UFBL","UNITED FOODBRANDS LIMITED","650"
"09-JUL-2026","ULTRACEMCO","ULTRATECH CEMENT LIMITED","146"
"09-JUL-2026","UNOMINDA","UNO MINDA LIMITED","2"
"09-JUL-2026","WALCHANNAG","WALCHANDNAGAR INDUSTRIES","3,000"
"09-JUL-2026","WELCORP","WELSPUN CORP LIMITED","400"
"09-JUL-2026","WIPRO","WIPRO LTD","9,000"
"10-JUL-2026","ABB","ABB LTD.","10"
"10-JUL-2026","ABREL","ADITYA BIRLA REAL EST LTD","225"
"10-JUL-2026","ADANIPORTS","ADANI PORT & SEZ LTD","5"
"10-JUL-2026","AMBUJACEM","AMBUJA CEMENTS LTD","335"
"10-JUL-2026","APLAPOLLO","APL APOLLO TUBES LTD","1"
"10-JUL-2026","ASTRAL","ASTRAL POLY TECHNIK LIMITED","2,550"
"10-JUL-2026","AUROPHARMA","AUROBINDO PHARMA LTD","1,650"
"10-JUL-2026","BAJAJCON","BAJAJ CONSUMER CARE LTD","4"
"10-JUL-2026","BAJAJHLDNG","BAJAJ HOLDINGS & INVS LTD","10"
"10-JUL-2026","BDL","BHARAT DYNAMICS LIMITED","3,400"
"10-JUL-2026","BEL","BHARAT ELECTRONICS LTD","282"
"10-JUL-2026","BHEL","BHEL","1,225"
"10-JUL-2026","BLUEJET","BLUE JET HEALTHCARE LTD","3,611"
"10-JUL-2026","BRIGADE","BRIGADE ENTER. LTD","6"
"10-JUL-2026","CARTRADE","CARTRADE TECH LIMITED","10"
"10-JUL-2026","CESC","CESC LTD","30"
"10-JUL-2026","DATAPATTNS","DATA PATTERNS INDIA LTD","30"
"10-JUL-2026","DELHIVERY","DELHIVERY LIMITED","1"
"10-JUL-2026","DIXON","DIXON TECHNO (INDIA) LTD","856"
"10-JUL-2026","DMART","AVENUE SUPERMARTS LIMITED","6,150"
"10-JUL-2026","ECLERX","ECLERX SERVICES LTD ","5"
"10-JUL-2026","EMUDHRA","EMUDHRA LIMITED","30"
"10-JUL-2026","FSL","FIRSTSOURCE SOLU. LTD.","1"
"10-JUL-2026","GODREJIND","GODREJ INDUSTRIES LTD","1"
"10-JUL-2026","GREAVESCOT","GREAVES COTTON LTD","9"
"10-JUL-2026","HAPPSTMNDS","HAPPIEST MINDS TECHNO LTD","3"
"10-JUL-2026","HAVELLS","HAVELLS INDIA LIMITED","3"
"10-JUL-2026","HCC","HINDUSTAN CONSTRUCTION CO","120"
"10-JUL-2026","HDFCBANK","HDFC BANK LTD","11"
"10-JUL-2026","HDFCBSE500","HDFCAMC - HDFCBSE500","5"
"10-JUL-2026","HDFCLIFE","HDFC STANDARD LIFE INSURANCE COMPANY LIMITED","10"
"10-JUL-2026","HEG","HEG LIMITED","1,950"
"10-JUL-2026","HINDCOPPER","HINDUSTAN COPPER LIMITED","2"
"10-JUL-2026","HINDZINC","HINDUSTAN ZINC LIMITED","100"
"10-JUL-2026","IDFCFIRSTB","IDFC FIRST BANK LIMI","25"
"10-JUL-2026","INDIANB","INDIAN BANK","23"
"10-JUL-2026","INFY","INFOSYS TECHNOLOGIES LTD","10"
"10-JUL-2026","IREDA","INDIAN RENEWABLE ENERGY","150"
"10-JUL-2026","J&KBANK","J & K BANK LTD.","12"
"10-JUL-2026","JINDALSTEL","JINDAL STEEL & POWER LTD","10"
"10-JUL-2026","JKTYRE","JK TYRE & INDUSTRIES LTD","125"
"10-JUL-2026","JSWSTEEL","JSW STEEL LIMITED","1,000"
"10-JUL-2026","KAJARIACER","KAJARIA CERAMICS LTD     ","100"
"10-JUL-2026","KALYANKJIL","KALYAN JEWELLERS IND LTD","891"
"10-JUL-2026","KAYNES","KAYNES TECHNOLOGY IND LTD","2"
"10-JUL-2026","KEI","KEI INDUSTRIES LTD.      ","109"
"10-JUL-2026","KSB","KSB","216"
"10-JUL-2026","LICI","LIFE INSURA CORP OF INDIA","15"
"10-JUL-2026","LODHA","LODHA","71"
"10-JUL-2026","MAHABANK","MAHABANK","2,000"
"10-JUL-2026","MRPL","MRPL","1"
"10-JUL-2026","MUTHOOTMF","MUTHOOT MICROFIN LIMITED","2,057"
"10-JUL-2026","NEOGEN","NEOGEN CHEMICALS LIMITED","8"
"10-JUL-2026","NEWGEN","NEWGEN","15"
"10-JUL-2026","NIFTYBEES","GOLDMAN SACHS NIFTY EXCHANGE TRADED SCHEME","200"
"10-JUL-2026","NUVAMA","NUVAMA WEALTH MANAGE LTD","1,005"
"10-JUL-2026","OFSS","Oracle Financial Services Software Limited","2"
"10-JUL-2026","PAYTM","ONE 97 COMMUNICATIONS LTD","213"
"10-JUL-2026","PERSISTENT","PERSISTENT SYSTEMS LTD","1"
"10-JUL-2026","RELIANCE","RELIANCE INDUSTRIES LTD","36"
"10-JUL-2026","ROLEXRINGS","ROLEX RINGS LIMITED","500"
"10-JUL-2026","RVNL","RVNL","15"
"10-JUL-2026","SASKEN","SASKEN COMMU TECHNO LTD","45"
"10-JUL-2026","SBILIFE","SBI LIFE INSURANCE COMPANY LIMITED","44"
"10-JUL-2026","SHADOWFAX","SHADOWFAX TECHNOLOGIES L","25"
"10-JUL-2026","SOLARINDS","SOLAR INDUSTRIES (I) LTD","1"
"10-JUL-2026","STALLION","STALLION IND FLUOROCHEM L","400"
"10-JUL-2026","SUNPHARMA","SUN PHARMACEUTICALS IND.","10"
"10-JUL-2026","SUPRAJIT","SUPRAJIT ENGINEERING LTD","56"
"10-JUL-2026","SUVEN","SUVEN LIFE SCIENCES LTD  ","2,501"
"10-JUL-2026","SWIGGY","SWIGGY LIMITED","110"
"10-JUL-2026","TATAELXSI","TATA ELXSI LIMITED       ","1,250"
"10-JUL-2026","TCS","TATA CONSULTANCY SERV LT","150"
"10-JUL-2026","TDPOWERSYS","TD POWER SYSTEMS LTD.","9"
"10-JUL-2026","TECHM","TECH MAHINDRA LIMITED","13,800"
"10-JUL-2026","TEJASNET","TEJAS NETWORKS LIMITED","3"
"10-JUL-2026","TORNTPHARM","TORRENT PHARMACEUTICALS L","7,413"
"10-JUL-2026","TRIVENI","TRIVENI ENGG. & INDS. LTD","100"
"10-JUL-2026","TTML","TATA TELESERV(MAHARASTRA)","50"
"10-JUL-2026","ULTRACEMCO","ULTRATECH CEMENT LIMITED","3"
"10-JUL-2026","URBANCO","URBAN COMPANY LIMITED","1"
"10-JUL-2026","VEDL","VEDANTA LIMITED","104"
"10-JUL-2026","YESBANK","YES BANK LIMITED","300"
"13-JUL-2026","AADHARHFC","AADHAR HOUSING FINANCE L","250"
"13-JUL-2026","ADANIGREEN","ADANI GREEN ENERGY LTD","2"
"13-JUL-2026","AEGISVOPAK","AEGIS VOPAK TERMINALS LTD","2,501"
"13-JUL-2026","ANURAS","ANUPAM RASAYAN INDIA LTD","5"
"13-JUL-2026","ASTRAL","ASTRAL POLY TECHNIK LIMITED","850"
"13-JUL-2026","AVANTEL","AVANTEL LIMITED","10"
"13-JUL-2026","AWL","ADANI WILMAR LIMITED","10"
"13-JUL-2026","AXISBANK","AXIS BANK LIMITED","42"
"13-JUL-2026","BAJAJ-AUTO","BAJAJ AUTO LIMITED","111"
"13-JUL-2026","BAJAJCON","BAJAJ CONSUMER CARE LTD","200"
"13-JUL-2026","BDL","BHARAT DYNAMICS LIMITED","39,098"
"13-JUL-2026","BHEL","BHEL","706"
"13-JUL-2026","BLS","BLS INTL SERVS LTD","4"
"13-JUL-2026","BLUESTARCO","BLUE STAR LIMITED","100"
"13-JUL-2026","BOMDYEING","BOMBAY DYEING & MFG. CO L","2,000"
"13-JUL-2026","BSOFT","BIRLASOFT LIMITED","1"
"13-JUL-2026","CMPDI","CENTRAL MINE P N D INST L","4"
"13-JUL-2026","COCHINSHIP","COCHIN SHIPYARD LIMITED","8"
"13-JUL-2026","COFORGE","COFORGE LIMITED","261"
"13-JUL-2026","DEEPAKFERT","DEEPAK FERTILIZERS AND PETROCHEMICALS CORPORATION LIMITED","1"
"13-JUL-2026","DIXON","DIXON TECHNO (INDIA) LTD","726"
"13-JUL-2026","DLF","DLF LIMITED","12"
"13-JUL-2026","DMART","AVENUE SUPERMARTS LIMITED","74,810"
"13-JUL-2026","EBGNG","GNG ELECTRONICS LIMITED","6"
"13-JUL-2026","FSL","FIRSTSOURCE SOLU. LTD.","4"
"13-JUL-2026","GALLANTT","GALLANTT ISPAT LIMITED","1,826"
"13-JUL-2026","GOKULAGRO","GOKUL AGRO RESOURCES LTD","400"
"13-JUL-2026","GOLDIAM","GOLDIAM INTERNATIONAL LTD","2,375"
"13-JUL-2026","GPPL","GUJARAT PIPAVAV PORT LTD","8"
"13-JUL-2026","GRAPHITE","GRAPHITE INDIA LIMITED","1"
"13-JUL-2026","GREAVESCOT","GREAVES COTTON LTD","1"
"13-JUL-2026","GVPIL","GE POWER INDIA LIMITED","4"
"13-JUL-2026","HCLTECH","HCL TECHNOLOGIES LTD","287"
"13-JUL-2026","HDFCAMC","HDFC AMC LIMITED","9"
"13-JUL-2026","HDFCBANK","HDFC BANK LTD","40"
"13-JUL-2026","HDFCLIFE","HDFC STANDARD LIFE INSURANCE COMPANY LIMITED","230"
"13-JUL-2026","HEG","HEG LIMITED","3,351"
"13-JUL-2026","ICICIBANK","ICICI BANK LTD.","50"
"13-JUL-2026","ICICIPRULI","ICICI PRU LIFE INS CO LTD ","7,500"
"13-JUL-2026","IDBI","IDBI Bank Limited","50"
"13-JUL-2026","INFY","INFOSYS TECHNOLOGIES LTD","18,241"
"13-JUL-2026","INOXWIND","INOX WIND LIMITED        ","1"
"13-JUL-2026","IZMO","IZMO LIMITED","1,364"
"13-JUL-2026","JPPOWER","JAIPRAKASH POWER VEN. LTD","6"
"13-JUL-2026","JSWCEMENT","JSW CEMENT LIMITED","5"
"13-JUL-2026","JUSTDIAL","JUST DIAL LIMITED","4,05,581"
"13-JUL-2026","KALYANKJIL","KALYAN JEWELLERS IND LTD","545"
"13-JUL-2026","KFINTECH","KFIN TECHNOLOGIES LIMITED","86"
"13-JUL-2026","LODHA","LODHA","1,875"
"13-JUL-2026","LTF","L&T FINANCE LIMITED","2,250"
"13-JUL-2026","MOBIKWIK","ONE MOBIKWIK SYSTEMS LTD","1"
"13-JUL-2026","MOREPENLAB","MOREPEN LAB. LTD         ","553"
"13-JUL-2026","MRPL","MRPL","76"
"13-JUL-2026","NEWGEN","NEWGEN","7"
"13-JUL-2026","NITINSPIN","NITIN SPINNERS LIMITED","200"
"13-JUL-2026","NTPC","NTPC LTD","300"
"13-JUL-2026","NYKAA","FSN E COMMERCE VENTURES","4"
"13-JUL-2026","OBEROIRLTY","OBEROI REALTY LIMITED","50"
"13-JUL-2026","OFSS","Oracle Financial Services Software Limited","55"
"13-JUL-2026","PAGEIND","PAGE INDUSTRIES LTD","1"
"13-JUL-2026","PAYTM","ONE 97 COMMUNICATIONS LTD","3"
"13-JUL-2026","PGHL","PROCTER & GAMBLE HEALTH L","1"
"13-JUL-2026","PINELABS","PINE LABS LIMITED","545"
"13-JUL-2026","PNB","PUNJAB NATIONAL BANK","5"
"13-JUL-2026","POLYCAB","POLYCAB INDIA LIMITED","475"
"13-JUL-2026","POLYMED","POLY MEDICURE LTD ","236"
"13-JUL-2026","QUESS","QUESS CORP LIMITED","2,250"
"13-JUL-2026","RAIN","RAIN INDUSTRIES LIMITED","250"
"13-JUL-2026","REFEX","REFEX INDUSTRIES LIMITED","250"
"13-JUL-2026","SAIL","STEEL AUTHORITY OF INDIA","10"
"13-JUL-2026","SKIPPER","SKIPPER LIMITED","3"
"13-JUL-2026","SOUTHBANK","THE SOUTH INDIAN BANK LTD","210"
"13-JUL-2026","SPARC","SUN PHARMA ADV.RES.CO.LTD","250"
"13-JUL-2026","SUZLON","SUZLON ENERGY LIMITED","10"
"13-JUL-2026","SWIGGY","SWIGGY LIMITED","50"
"13-JUL-2026","TATACAP","TATA CAPITAL LIMITED","126"
"13-JUL-2026","TATAPOWER","TATA POWER CO LTD","15"
"13-JUL-2026","TCS","TATA CONSULTANCY SERV LT","110"
"13-JUL-2026","TMPV","TATA MOTORS PASS VEH LTD","25"
"13-JUL-2026","TORNTPHARM","TORRENT PHARMACEUTICALS L","11,375"
"13-JUL-2026","TRENT","TRENT LIMITED","3"
"13-JUL-2026","ULTRACEMCO","ULTRATECH CEMENT LIMITED","5"
"13-JUL-2026","UNIONBANK","UNION BANK OF INDIA","7,500"
"13-JUL-2026","WIPRO","WIPRO LTD","18,000"
"13-JUL-2026","YESBANK","YES BANK LIMITED","1"
"13-JUL-2026","ZENSARTECH","ZENSAR TECHNOLOGIES  LTD ","201"
"14-JUL-2026","ADANIENSOL","ADANI ENERGY SOLUTION LTD","415"
"14-JUL-2026","ADANIGREEN","ADANI GREEN ENERGY LTD","5"
"14-JUL-2026","AETHER","AETHER INDUSTRIES LIMITED","1"
"14-JUL-2026","ASTRAL","ASTRAL POLY TECHNIK LIMITED","6,375"
"14-JUL-2026","AXISCADES","AXISCADES ENGG TECH LTD  ","70"
"14-JUL-2026","BANKINDIA","BANK OF INDIA","100"
"14-JUL-2026","BDL","BHARAT DYNAMICS LIMITED","850"
"14-JUL-2026","BHARTIHEXA","BHARTI HEXACOM LIMITED","10"
"14-JUL-2026","BIOCON","BIOCON LIMITED.","646"
"14-JUL-2026","CIEINDIA","CIE AUTOMOTIV","168"
"14-JUL-2026","COFORGE","COFORGE LIMITED","15"
"14-JUL-2026","CROMPTON","CROMPT GREA CON ELEC LTD  ","25"
"14-JUL-2026","DIVISLAB","DIVI'S LABORATORIES LTD","49"
"14-JUL-2026","DMART","AVENUE SUPERMARTS LIMITED","151"
"14-JUL-2026","EBGNG","GNG ELECTRONICS LIMITED","10"
"14-JUL-2026","FCL","FINEOTEX CHEMICAL LIMITED","500"
"14-JUL-2026","FRACTAL","FRACTAL ANALYTICS LIMITED","4"
"14-JUL-2026","FSL","FIRSTSOURCE SOLU. LTD.","1"
"14-JUL-2026","GMRAIRPORT","GMR AIRPORTS LIMITED","10"
"14-JUL-2026","GREAVESCOT","GREAVES COTTON LTD","2"
"14-JUL-2026","HCLTECH","HCL TECHNOLOGIES LTD","36,281"
"14-JUL-2026","HEG","HEG LIMITED","200"
"14-JUL-2026","IDEA","Vodafone Idea Limited","4,272"
"14-JUL-2026","IRB","IRB INFRA DEV LTD.","1"
"14-JUL-2026","IREDA","INDIAN RENEWABLE ENERGY","31,105"
"14-JUL-2026","JUSTDIAL","JUST DIAL LIMITED","7,267"
"14-JUL-2026","KALYANKJIL","KALYAN JEWELLERS IND LTD","1,047"
"14-JUL-2026","LICI","LIFE INSURA CORP OF INDIA","24,498"
"14-JUL-2026","MAZDOCK","MAZAGON DOCK SHIPBUIL LTD","450"
"14-JUL-2026","MCX","MULTI COMMODITY EXCHANGE OF INDIA LIMITED","3"
"14-JUL-2026","MON100","MOTILAL OS NASDAQ100 ETF","20"
"14-JUL-2026","NETWEB","NETWEB TECH INDIA LTD","4"
"14-JUL-2026","NMDC","NMDC LTD.","1,999"
"14-JUL-2026","OBEROIRLTY","OBEROI REALTY LIMITED","2"
"14-JUL-2026","OIL","OIL INDIA LTD","900"
"14-JUL-2026","PAGEIND","PAGE INDUSTRIES LTD","1"
"14-JUL-2026","PAYTM","ONE 97 COMMUNICATIONS LTD","101"
"14-JUL-2026","PDSL","PDS LIMITED","38"
"14-JUL-2026","PFC","POWER FIN CORP LTD.","13,390"
"14-JUL-2026","PGEL","PG ELECTROPLAST LTD","650"
"14-JUL-2026","QUESS","QUESS CORP LIMITED","25"
"14-JUL-2026","RBLBANK","RBL BANK LIMITED    ","105"
"14-JUL-2026","ROLEXRINGS","ROLEX RINGS LIMITED","446"
"14-JUL-2026","RSYSTEMS","R SYS INTERNATIONAL LTD","6"
"14-JUL-2026","SAATVIKGL","SAATVIK GREEN ENERGY LTD","34"
"14-JUL-2026","SBICARD","SBI CARDS & PAY SER LTD","1"
"14-JUL-2026","SCI","SHIPPING CORP OF INDIA LT","500"
"14-JUL-2026","SWIGGY","SWIGGY LIMITED","360"
"14-JUL-2026","TATAELXSI","TATA ELXSI LIMITED       ","1,000"
"14-JUL-2026","TATASTEEL","TATA STEEL LIMITED","1"
"14-JUL-2026","TECHM","TECH MAHINDRA LIMITED","9,580"
"14-JUL-2026","TMPV","TATA MOTORS PASS VEH LTD","150"
"14-JUL-2026","TORNTPHARM","TORRENT PHARMACEUTICALS L","10,901"
"14-JUL-2026","UNIONBANK","UNION BANK OF INDIA","2,000"
"14-JUL-2026","WALCHANNAG","WALCHANDNAGAR INDUSTRIES","10"
"14-JUL-2026","WIPRO","WIPRO LTD","78,000"
"15-JUL-2026","AAVAS","AAVAS FINANCIERS LIMITED","1"
"15-JUL-2026","ADANIGREEN","ADANI GREEN ENERGY LTD","200"
"15-JUL-2026","ANANTRAJ","ANANT RAJ LIMITED","500"
"15-JUL-2026","ARVIND","ARVIND LIMITED","500"
"15-JUL-2026","ASTRAL","ASTRAL POLY TECHNIK LIMITED","5,525"
"15-JUL-2026","BAJAJ-AUTO","BAJAJ AUTO LIMITED","3"
"15-JUL-2026","BANDHANBNK","BANDHAN BANK LIMITED","200"
"15-JUL-2026","BANKBARODA","BANK OF BARODA","1"
"15-JUL-2026","BDL","BHARAT DYNAMICS LIMITED","1"
"15-JUL-2026","BHARATFORG","BHARAT FORGE LTD","38"
"15-JUL-2026","BHEL","BHEL","3,196"
"15-JUL-2026","BIOCON","BIOCON LIMITED.","4,809"
"15-JUL-2026","BSE","BSE LIMITED","1"
"15-JUL-2026","CGPOWER","CG POWER AND INDUSTRIAL SOLUTIONS LIMITED","2,541"
"15-JUL-2026","COCHINSHIP","COCHIN SHIPYARD LIMITED","11"
"15-JUL-2026","CROMPTON","CROMPT GREA CON ELEC LTD  ","2"
"15-JUL-2026","DIXON","DIXON TECHNO (INDIA) LTD","530"
"15-JUL-2026","DLF","DLF LIMITED","1"
"15-JUL-2026","DMART","AVENUE SUPERMARTS LIMITED","450"
"15-JUL-2026","DRREDDY","DR. REDDY'S LABORATORIES","2"
"15-JUL-2026","ETERNAL","ETERNAL LIMITED","498"
"15-JUL-2026","FEDERALBNK","FEDERAL BANK LTD","75"
"15-JUL-2026","FEDFINA","FEDBANK FINANCIAL SER L","1,000"
"15-JUL-2026","FORCEMOT","FORCE MOTORS LIMITED","11"
"15-JUL-2026","FORTIS","FORTIS HEALTHCARE (I) LTD","2"
"15-JUL-2026","GOLDIAM","GOLDIAM INTERNATIONAL LTD","1"
"15-JUL-2026","GRAPHITE","GRAPHITE INDIA LIMITED","1"
"15-JUL-2026","GVPIL","GE POWER INDIA LIMITED","437"
"15-JUL-2026","HDFCLIFE","HDFC STANDARD LIFE INSURANCE COMPANY LIMITED","2"
"15-JUL-2026","HEG","HEG LIMITED","2,700"
"15-JUL-2026","HFCL","HIMACHAL FUTURISTIC COMMUNICATIONS LIMITED","16,663"
"15-JUL-2026","HIRECT","HIND RECTIFIER LIMITED","9,969"
"15-JUL-2026","ICICIBANK","ICICI BANK LTD.","1"
"15-JUL-2026","ICICIPRULI","ICICI PRU LIFE INS CO LTD ","500"
"15-JUL-2026","INDUSINDBK","INDUSIND BANK LIMITED","20"
"15-JUL-2026","INFY","INFOSYS TECHNOLOGIES LTD","1"
"15-JUL-2026","INOXWIND","INOX WIND LIMITED        ","6"
"15-JUL-2026","IREDA","INDIAN RENEWABLE ENERGY","13,600"
"15-JUL-2026","ITC","ITC LTD","2"
"15-JUL-2026","JINDALSTEL","JINDAL STEEL & POWER LTD","1"
"15-JUL-2026","JSFB","JANA SMALL FIN BANK LTD","1"
"15-JUL-2026","JUSTDIAL","JUST DIAL LIMITED","200"
"15-JUL-2026","JYOTICNC","JYOTI CNC AUTOMATION LTD","37"
"15-JUL-2026","KALYANKJIL","KALYAN JEWELLERS IND LTD","123"
"15-JUL-2026","KWIL","KWALITY WALL'S (INDIA) L","1"
"15-JUL-2026","LT","LARSEN & TOUBRO LTD.","1"
"15-JUL-2026","LTF","L&T FINANCE LIMITED","6,750"
"15-JUL-2026","M&M","MAHINDRA & MAHINDRA LTD","1"
"15-JUL-2026","MAXHEALTH","MAX HEALTHCARE INS LTD","50"
"15-JUL-2026","MEESHO","MEESHO LIMITED","10,000"
"15-JUL-2026","MOSCHIP","MOSCHIP TECHNOLOGIES LTD","26"
"15-JUL-2026","OFSS","Oracle Financial Services Software Limited","5"
"15-JUL-2026","OIL","OIL INDIA LTD","50"
"15-JUL-2026","PAGEIND","PAGE INDUSTRIES LTD","4"
"15-JUL-2026","PARADEEP","PARADEEP PHOSPHATES LTD","300"
"15-JUL-2026","PARAGMILK","PARAG MILK FOODS LTD.   ","1"
"15-JUL-2026","PATANJALI","PATANJALI FOODS LIMITED","220"
"15-JUL-2026","PAYTM","ONE 97 COMMUNICATIONS LTD","13"
"15-JUL-2026","PCJEWELLER","PC JEWELLER LTD          ","54"
"15-JUL-2026","PFC","POWER FIN CORP LTD.","5"
"15-JUL-2026","PNB","PUNJAB NATIONAL BANK","10"
"15-JUL-2026","POLICYBZR","PB FINTECH LIMITED","1"
"15-JUL-2026","POWERINDIA","ABB POWER PRO N SYS IND L","26"
"15-JUL-2026","PRESTIGE","PRESTIGE ESTATES PROJECTS LIMITED","100"
"15-JUL-2026","RADICO","RADICO KHAITAN LIMITED","21"
"15-JUL-2026","RAIN","RAIN INDUSTRIES LIMITED","10"
"15-JUL-2026","RAYMONDREL","RAYMOND REALTY LIMITED","100"
"15-JUL-2026","RELIANCE","RELIANCE INDUSTRIES LTD","10"
"15-JUL-2026","ROLEXRINGS","ROLEX RINGS LIMITED","192"
"15-JUL-2026","RPOWER","RELIANCE POWER LTD.","1"
"15-JUL-2026","SFL","SFL","2"
"15-JUL-2026","SGMART","SG MART LIMITED","1"
"15-JUL-2026","SPARC","SUN PHARMA ADV.RES.CO.LTD","500"
"15-JUL-2026","SUNPHARMA","SUN PHARMACEUTICALS IND.","10"
"15-JUL-2026","SWIGGY","SWIGGY LIMITED","1,551"
"15-JUL-2026","TATAELXSI","TATA ELXSI LIMITED       ","9,625"
"15-JUL-2026","TIMETECHNO","TIME TECHNOPLAST LIMITED","2"
"15-JUL-2026","TITAN","TITAN INDUSTRIES LTD","1"
"15-JUL-2026","TORNTPHARM","TORRENT PHARMACEUTICALS L","1,000"
"15-JUL-2026","TVSMOTOR","TVS MOTOR COMPANY  LTD","10"
"15-JUL-2026","UNIONBANK","UNION BANK OF INDIA","2,000"
"15-JUL-2026","UNITDSPR","UNITED SPIRITS LIMITED","1"
"15-JUL-2026","UPL","UPL LIMITED","12"
"15-JUL-2026","VEDL","VEDANTA LIMITED","89"
"15-JUL-2026","VISHNU","VISHNU CHEMICALS LIMITED","25"
"15-JUL-2026","WAAREEENER","WAAREE ENERGIES LIMITED","50"
"15-JUL-2026","WOCKPHARMA","WOCKHARDT LIMITED","25"
"15-JUL-2026","YESBANK","YES BANK LIMITED","1"
"16-JUL-2026","AARTIDRUGS","AARTI DRUGS LTD","250"
"16-JUL-2026","ABB","ABB LTD.","6"
"16-JUL-2026","ADANIENT","ADANI ENTERPRISES LIMITED","10"
"16-JUL-2026","ANANDRATHI","ANAND RATHI WEALTH LTD","1"
"16-JUL-2026","ANGELONE","ANGEL ONE LTD","30"
"16-JUL-2026","APTUS","APTUS VALUE HSG FIN I LTD","25"
"16-JUL-2026","ASTRAL","ASTRAL POLY TECHNIK LIMITED","850"
"16-JUL-2026","AVANTIFEED","AVANTI FEEDS LIMITED","200"
"16-JUL-2026","AXISCADES","AXISCADES ENGG TECH LTD  ","120"
"16-JUL-2026","BAJAJ-AUTO","BAJAJ AUTO LIMITED","3"
"16-JUL-2026","BAYERCROP","BAYER CROPSCIENCE LTD    ","139"
"16-JUL-2026","BECTORFOOD","MRS BECTORS FOOD SPE LTD","2"
"16-JUL-2026","BIOCON","BIOCON LIMITED.","500"
"16-JUL-2026","CEATLTD","CEAT LIMITED","51"
"16-JUL-2026","CGPOWER","CG POWER AND INDUSTRIAL SOLUTIONS LIMITED","392"
"16-JUL-2026","CHENNPETRO","CHENNAI PETROLEUM CORP LT","2"
"16-JUL-2026","COALINDIA","COALINDIA","18"
"16-JUL-2026","DIXON","DIXON TECHNO (INDIA) LTD","1,658"
"16-JUL-2026","ETERNAL","ETERNAL LIMITED","140"
"16-JUL-2026","FCL","FINEOTEX CHEMICAL LIMITED","5,324"
"16-JUL-2026","HAVELLS","HAVELLS INDIA LIMITED","180"
"16-JUL-2026","HEG","HEG LIMITED","250"
"16-JUL-2026","HFCL","HIMACHAL FUTURISTIC COMMUNICATIONS LIMITED","1"
"16-JUL-2026","HIRECT","HIND RECTIFIER LIMITED","731"
"16-JUL-2026","HYUNDAI","HYUNDAI MOTOR INDIA LTD","793"
"16-JUL-2026","ICICIPRULI","ICICI PRU LIFE INS CO LTD ","2"
"16-JUL-2026","IEX","INDIAN ENERGY EXCHANGE LIMITED","100"
"16-JUL-2026","IGL","INDRAPRASTHA GAS LTD","200"
"16-JUL-2026","INDHOTEL","THE INDIAN HOTELS CO. LTD","500"
"16-JUL-2026","INFY","INFOSYS TECHNOLOGIES LTD","156"
"16-JUL-2026","IOLCP","IOL CHEM AND PHARMA LTD","1,000"
"16-JUL-2026","ITC","ITC LTD","1"
"16-JUL-2026","IZMO","IZMO LIMITED","291"
"16-JUL-2026","JSWCEMENT","JSW CEMENT LIMITED","1,500"
"16-JUL-2026","JUBLINGREA","JUBLINGREA","20"
"16-JUL-2026","JUSTDIAL","JUST DIAL LIMITED","10"
"16-JUL-2026","KALYANKJIL","KALYAN JEWELLERS IND LTD","1,350"
"16-JUL-2026","KEI","KEI INDUSTRIES LTD.      ","1,025"
"16-JUL-2026","KERNEX","KERNEX MICROSYS(I) LTD","1"
"16-JUL-2026","KFINTECH","KFIN TECHNOLOGIES LIMITED","14"
"16-JUL-2026","KPITTECH","KPIT TECHNOLOGIES LTD","627"
"16-JUL-2026","LICI","LIFE INSURA CORP OF INDIA","44,098"
"16-JUL-2026","LTTS","L&T TECHNOLOGY SER. LTD","10"
"16-JUL-2026","MOSCHIP","MOSCHIP TECHNOLOGIES LTD","1"
"16-JUL-2026","NAM-INDIA","NIPPON L I A M LTD","15"
"16-JUL-2026","NTPC","NTPC LTD","1,106"
"16-JUL-2026","OFSS","Oracle Financial Services Software Limited","4"
"16-JUL-2026","PATANJALI","PATANJALI FOODS LIMITED","74"
"16-JUL-2026","PAYTM","ONE 97 COMMUNICATIONS LTD","23"
"16-JUL-2026","PGEL","PG ELECTROPLAST LTD","4,400"
"16-JUL-2026","POLYCAB","POLYCAB INDIA LIMITED","100"
"16-JUL-2026","POWERINDIA","ABB POWER PRO N SYS IND L","2"
"16-JUL-2026","PREMIERENE","PREMIER ENERGIES LIMITED","5"
"16-JUL-2026","RALLIS","RALLIS INDIA LTD","1"
"16-JUL-2026","RELIANCE","RELIANCE INDUSTRIES LTD","3"
"16-JUL-2026","RHIM","RHI MAGNESITA INDIA LTD","1"
"16-JUL-2026","SCI","SHIPPING CORP OF INDIA LT","152"
"16-JUL-2026","STALLION","STALLION IND FLUOROCHEM L","1"
"16-JUL-2026","SUVEN","SUVEN LIFE SCIENCES LTD  ","3"
"16-JUL-2026","SWIGGY","SWIGGY LIMITED","1"
"16-JUL-2026","TATAELXSI","TATA ELXSI LIMITED       ","2,375"
"16-JUL-2026","TCS","TATA CONSULTANCY SERV LT","9,900"
"16-JUL-2026","TECHM","TECH MAHINDRA LIMITED","29"
"16-JUL-2026","TIMETECHNO","TIME TECHNOPLAST LIMITED","1"
"16-JUL-2026","TITAN","TITAN INDUSTRIES LTD","6"
"16-JUL-2026","TORNTPHARM","TORRENT PHARMACEUTICALS L","16,207"
"16-JUL-2026","TRENT","TRENT LIMITED","10"
"16-JUL-2026","TTML","TATA TELESERV(MAHARASTRA)","100"
"16-JUL-2026","TVSMOTOR","TVS MOTOR COMPANY  LTD","5"
"16-JUL-2026","UNIMECH","UNIMECH AEROSPACE N MFG L","2"
"16-JUL-2026","VERANDA","VERANDA LEARNING SOL LTD","1"
"16-JUL-2026","WHIRLPOOL","WHIRLPOOL OF INDIA LTD   ","400"
"16-JUL-2026","WIPRO","WIPRO LTD","100"
"16-JUL-2026","YESBANK","YES BANK LIMITED","1"
"17-JUL-2026","360ONE","360 ONE WAM LIMITED","29"
"17-JUL-2026","ADANIENT","ADANI ENTERPRISES LIMITED","1"
"17-JUL-2026","ADANIGREEN","ADANI GREEN ENERGY LTD","383"
"17-JUL-2026","ADANIPORTS","ADANI PORT & SEZ LTD","10"
"17-JUL-2026","AJANTPHARM","AJANTA PHARMA LIMITED","20"
"17-JUL-2026","ALKEM","ALKEM LABORATORIES LTD.","6"
"17-JUL-2026","AMBUJACEM","AMBUJA CEMENTS LTD","176"
"17-JUL-2026","ANGELONE","ANGEL ONE LTD","224"
"17-JUL-2026","APLAPOLLO","APL APOLLO TUBES LTD","20"
"17-JUL-2026","ASHOKLEY","ASHOK LEYLAND LTD","326"
"17-JUL-2026","ASTRAL","ASTRAL POLY TECHNIK LIMITED","34,979"
"17-JUL-2026","AUBANK","AU SMALL FINANCE BANK LIMITED","64"
"17-JUL-2026","AUROPHARMA","AUROBINDO PHARMA LTD","81"
"17-JUL-2026","BAJAJ-AUTO","BAJAJ AUTO LIMITED","11"
"17-JUL-2026","BECTORFOOD","MRS BECTORS FOOD SPE LTD","2,801"
"17-JUL-2026","BHARATFORG","BHARAT FORGE LTD","1,351"
"17-JUL-2026","BIOCON","BIOCON LIMITED.","81"
"17-JUL-2026","BOSCHLTD","BOSCH LIMITED","1"
"17-JUL-2026","BPCL","BHARAT PETROLEUM CORP  LT","51"
"17-JUL-2026","BRITANNIA","BRITANNIA INDUSTRIES LIMITED","8"
"17-JUL-2026","BSE","BSE LIMITED","100"
"17-JUL-2026","CANBK","CANARA BANK","100"
"17-JUL-2026","CEATLTD","CEAT LIMITED","1"
"17-JUL-2026","CGPOWER","CG POWER AND INDUSTRIAL SOLUTIONS LIMITED","200"
"17-JUL-2026","COCHINSHIP","COCHIN SHIPYARD LIMITED","1"
"17-JUL-2026","CONCOR","CONTAINER CORP OF IND LTD","39"
"17-JUL-2026","DIXON","DIXON TECHNO (INDIA) LTD","1,154"
"17-JUL-2026","DLF","DLF LIMITED","200"
"17-JUL-2026","DMART","AVENUE SUPERMARTS LIMITED","1"
"17-JUL-2026","ECLERX","ECLERX SERVICES LTD ","1"
"17-JUL-2026","EICHERMOT","EICHER MOTORS LIMITED","1"
"17-JUL-2026","EXIDEIND","EXIDE INDUSTRIES LTD","52"
"17-JUL-2026","FEDERALBNK","FEDERAL BANK LTD","281"
"17-JUL-2026","FINCABLES","FINOLEX CABLES LTD","80"
"17-JUL-2026","FORTIS","FORTIS HEALTHCARE (I) LTD","59"
"17-JUL-2026","GENUSPOWER","GENUS POWER INFRASTRU LTD","99"
"17-JUL-2026","GLENMARK","GLENMARK PHARMACEUTICALS LIMITED","17"
"17-JUL-2026","GROWW","BILLIONBRAINS GARAGE VN L","500"
"17-JUL-2026","HAL","HINDUSTAN AERONAUTICS LTD","2"
"17-JUL-2026","HAVELLS","HAVELLS INDIA LIMITED","245"
"17-JUL-2026","HCC","HINDUSTAN CONSTRUCTION CO","3"
"17-JUL-2026","HDFCBANK","HDFC BANK LTD","41"
"17-JUL-2026","HEROMOTOCO","HERO MOTOCORP LTD","15"
"17-JUL-2026","HSCL","HIMADRI SPECIALITY CHEMICAL LIMITED","100"
"17-JUL-2026","HYUNDAI","HYUNDAI MOTOR INDIA LTD","3,575"
"17-JUL-2026","ICICIBANK","ICICI BANK LTD.","1"
"17-JUL-2026","ICICIGI","ICICI LOMBARD GENERAL INSURANCE COMPANY LIMITED","27"
"17-JUL-2026","ICICIPRULI","ICICI PRU LIFE INS CO LTD ","45"
"17-JUL-2026","IDBI","IDBI Bank Limited","64"
"17-JUL-2026","IDEA","Vodafone Idea Limited","3,205"
"17-JUL-2026","IDFCFIRSTB","IDFC FIRST BANK LIMI","755"
"17-JUL-2026","INDHOTEL","THE INDIAN HOTELS CO. LTD","30"
"17-JUL-2026","INDIANB","INDIAN BANK","40"
"17-JUL-2026","INDUSTOWER","INDUS","146"
"17-JUL-2026","INFY","INFOSYS TECHNOLOGIES LTD","28,750"
"17-JUL-2026","IREDA","INDIAN RENEWABLE ENERGY","1,71,950"
"17-JUL-2026","IZMO","IZMO LIMITED","3"
"17-JUL-2026","JIOFIN","JIO FIN SERVICES LTD","150"
"17-JUL-2026","KALYANKJIL","KALYAN JEWELLERS IND LTD","1,049"
"17-JUL-2026","KAYNES","KAYNES TECHNOLOGY IND LTD","1"
"17-JUL-2026","KEI","KEI INDUSTRIES LTD.      ","1,225"
"17-JUL-2026","KIRLOSBROS","KIRLOSKAR BROTHERS LTD","35"
"17-JUL-2026","LAURUSLABS","LAURUS LABS LIMITED","44"
"17-JUL-2026","LICHSGFIN","LIC HOUSING FINANCE LTD","34"
"17-JUL-2026","LICI","LIFE INSURA CORP OF INDIA","14,000"
"17-JUL-2026","LTF","L&T FINANCE LIMITED","2,250"
"17-JUL-2026","LUMAXTECH","LUMAX AUTO TECH LTD","60"
"17-JUL-2026","M&M","MAHINDRA & MAHINDRA LTD","5"
"17-JUL-2026","MANKIND","MANKIND PHARMA LIMITED","20"
"17-JUL-2026","MARICO","MARICO LIMITED","3"
"17-JUL-2026","MFSL","MAX FINANCIAL SERV LTD","30"
"17-JUL-2026","MINDACORP","MINDA CORPORATION LIMITED","130"
"17-JUL-2026","MOTILALOFS","MOTILAL OSWAL FIN LTD   ","18"
"17-JUL-2026","MPHASIS","MPHASIS LIMITED","15"
"17-JUL-2026","MRPL","MRPL","1"
"17-JUL-2026","NAM-INDIA","NIPPON L I A M LTD","20"
"17-JUL-2026","NAVA","NAVA LIMITED","150"
"17-JUL-2026","NHPC","NHPC LTD","1,14,870"
"17-JUL-2026","NMDC","NMDC LTD.","393"
"17-JUL-2026","PAGEIND","PAGE INDUSTRIES LTD","2"
"17-JUL-2026","PAYTM","ONE 97 COMMUNICATIONS LTD","10"
"17-JUL-2026","PHOENIXLTD","THE PHOENIX MILLS LIMITED","81"
"17-JUL-2026","PIIND","PI INDUSTRIES LTD        ","10"
"17-JUL-2026","PINELABS","PINE LABS LIMITED","1"
"17-JUL-2026","POLYMED","POLY MEDICURE LTD ","200"
"17-JUL-2026","POWERINDIA","ABB POWER PRO N SYS IND L","4"
"17-JUL-2026","PPLPHARMA","PIRAMAL PHARMA LIMITED","100"
"17-JUL-2026","RELAXO","RELAXO FOOT LTD","6,25,707"
"17-JUL-2026","RELIANCE","RELIANCE INDUSTRIES LTD","953"
"17-JUL-2026","RESPONIND","RESPONSIVE INDUSTRIES LTD","42"
"17-JUL-2026","RITES","RITES LIMITED","300"
"17-JUL-2026","RKFORGE","RAMKRISHNA FORGINGS LTD","1"
"17-JUL-2026","ROLEXRINGS","ROLEX RINGS LIMITED","618"
"17-JUL-2026","RVNL","RVNL","64"
"17-JUL-2026","SAIL","STEEL AUTHORITY OF INDIA","264"
"17-JUL-2026","SAILIFE","SAI LIFE SCIENCES LIMITED","64"
"17-JUL-2026","SBICARD","SBI CARDS & PAY SER LTD","34"
"17-JUL-2026","SBIN","STATE BANK OF INDIA","57"
"17-JUL-2026","SHADOWFAX","SHADOWFAX TECHNOLOGIES L","4"
"17-JUL-2026","SHARDACROP","SHARDA CROPCHEM LTD.","99"
"17-JUL-2026","SKFINDIA","SKF INDIA LTD","90"
"17-JUL-2026","SOLARINDS","SOLAR INDUSTRIES (I) LTD","50"
"17-JUL-2026","SONACOMS","SONA BLW PRECISION FRGS L","20"
"17-JUL-2026","STARHEALTH","STAR HEALTH & AL INS CO L","116"
"17-JUL-2026","SUPREMEIND","SUPREME INDUSTRIES LTD","7"
"17-JUL-2026","TATAELXSI","TATA ELXSI LIMITED       ","625"
"17-JUL-2026","TATASTEEL","TATA STEEL LIMITED","5,214"
"17-JUL-2026","TBOTEK","TBO TEK LIMITED","1"
"17-JUL-2026","TCS","TATA CONSULTANCY SERV LT","6,300"
"17-JUL-2026","TECHM","TECH MAHINDRA LIMITED","10"
"17-JUL-2026","TIMETECHNO","TIME TECHNOPLAST LIMITED","1"
"17-JUL-2026","TIMKEN","TIMKEN INDIA LTD.","20"
"17-JUL-2026","TITAN","TITAN INDUSTRIES LTD","5"
"17-JUL-2026","VEDL","VEDANTA LIMITED","1"
"17-JUL-2026","WAAREEENER","WAAREE ENERGIES LIMITED","1"
"17-JUL-2026","WEBELSOLAR","WEBSOL ENERGY SYSTEM LTD","28,156"
"17-JUL-2026","YESBANK","YES BANK LIMITED","2,000"
"20-JUL-2026","360ONE","360 ONE WAM LIMITED","25"
"20-JUL-2026","AMBER","AMBER ENTERPRISES (I) LTD","1"
"20-JUL-2026","ANANTRAJ","ANANT RAJ LIMITED","14"
"20-JUL-2026","APOLLOHOSP","APOLLO HOSPITALS ENTERPRISE LIMITED","6"
"20-JUL-2026","ASTRAL","ASTRAL POLY TECHNIK LIMITED","4,675"
"20-JUL-2026","ATHERENERG","ATHER ENERGY LIMITED","80"
"20-JUL-2026","BAJAJFINSV","BAJAJ FINSERV LIMITED","5"
"20-JUL-2026","BECTORFOOD","MRS BECTORS FOOD SPE LTD","3"
"20-JUL-2026","BHARATFORG","BHARAT FORGE LTD","145"
"20-JUL-2026","BOSCHLTD","BOSCH LIMITED","2"
"20-JUL-2026","CAMS","COMPUTER AGE MGMT SER LTD","52"
"20-JUL-2026","CGPOWER","CG POWER AND INDUSTRIAL SOLUTIONS LIMITED","50"
"20-JUL-2026","COCHINSHIP","COCHIN SHIPYARD LIMITED","1"
"20-JUL-2026","CUPID","CUPID LIMITED","251"
"20-JUL-2026","DALBHARAT","DALMIA BHARAT LIMITED","9"
"20-JUL-2026","DATAPATTNS","DATA PATTERNS INDIA LTD","6"
"20-JUL-2026","DIACABS","DIAMOND POWER INFRA LTD","36,678"
"20-JUL-2026","DIXON","DIXON TECHNO (INDIA) LTD","4"
"20-JUL-2026","ELECTCAST","ELECTROSTEEL CASTINGS LTD","2,000"
"20-JUL-2026","EMUDHRA","EMUDHRA LIMITED","83"
"20-JUL-2026","EXIDEIND","EXIDE INDUSTRIES LTD","75"
"20-JUL-2026","GOKEX","GOKALDAS EXPORTS LTD.","1"
"20-JUL-2026","GOLDIAM","GOLDIAM INTERNATIONAL LTD","66"
"20-JUL-2026","GVPIL","GE POWER INDIA LIMITED","902"
"20-JUL-2026","HAVELLS","HAVELLS INDIA LIMITED","25"
"20-JUL-2026","HCLTECH","HCL TECHNOLOGIES LTD","21"
"20-JUL-2026","HDFCBANK","HDFC BANK LTD","16"
"20-JUL-2026","HEG","HEG LIMITED","573"
"20-JUL-2026","HEROMOTOCO","HERO MOTOCORP LTD","5"
"20-JUL-2026","HINDPETRO","HINDUSTAN PETROLEUM CORP","300"
"20-JUL-2026","HIRECT","HIND RECTIFIER LIMITED","84"
"20-JUL-2026","HSCL","HIMADRI SPECIALITY CHEMICAL LIMITED","150"
"20-JUL-2026","ICICIBANK","ICICI BANK LTD.","115"
"20-JUL-2026","IDEA","Vodafone Idea Limited","6"
"20-JUL-2026","IDFCFIRSTB","IDFC FIRST BANK LIMI","501"
"20-JUL-2026","IEX","INDIAN ENERGY EXCHANGE LIMITED","1"
"20-JUL-2026","IIFL","IIFL HOLDINGS LIMITED","1"
"20-JUL-2026","INDUSINDBK","INDUSIND BANK LIMITED","60"
"20-JUL-2026","INOXGREEN","INOX GREEN ENERGY SER LTD","1"
"20-JUL-2026","INOXWIND","INOX WIND LIMITED        ","2"
"20-JUL-2026","IREDA","INDIAN RENEWABLE ENERGY","25"
"20-JUL-2026","ISGEC","ISGEC HEAVY ENG LTD","38"
"20-JUL-2026","JAMNAAUTO","JAMNA AUTO IND LTD       ","16"
"20-JUL-2026","JIOFIN","JIO FIN SERVICES LTD","5"
"20-JUL-2026","JPPOWER","JAIPRAKASH POWER VEN. LTD","1,750"
"20-JUL-2026","JSWENERGY","JSW ENERGY LIMITED","43"
"20-JUL-2026","JYOTHYLAB","JYOTHY LABORATORIES LIMITED","5"
"20-JUL-2026","KIRLOSBROS","KIRLOSKAR BROTHERS LTD","8"
"20-JUL-2026","KIRLPNU","KIRLOSKAR PNEUMATIC COM L","15"
"20-JUL-2026","LAURUSLABS","LAURUS LABS LIMITED","100"
"20-JUL-2026","LLOYDSENGG","LLOYDS ENGG WORK LIMITED","1,000"
"20-JUL-2026","LLOYDSENT","LLOYDS ENTERPRISES LTD","1,219"
"20-JUL-2026","LT","LARSEN & TOUBRO LTD.","20"
"20-JUL-2026","LTF","L&T FINANCE LIMITED","5"
"20-JUL-2026","MAHKTECH","MIRAEAMC - MAHKTECH","81"
"20-JUL-2026","MARUTI","MARUTI SUZUKI INDIA LTD.","5"
"20-JUL-2026","MAXHEALTH","MAX HEALTHCARE INS LTD","1"
"20-JUL-2026","MFSL","MAX FINANCIAL SERV LTD","9"
"20-JUL-2026","MOSMALL250","MOTILALAMC - MOSMALL250","9"
"20-JUL-2026","MTARTECH","MTAR TECHNOLOGIES LIMITED","1"
"20-JUL-2026","NIF100BEES","NIP IND ETF NIFTY 100","14"
"20-JUL-2026","NSLNISP","NMDC STEEL LIMITED","4"
"20-JUL-2026","OFSS","Oracle Financial Services Software Limited","10"
"20-JUL-2026","OIL","OIL INDIA LTD","22,288"
"20-JUL-2026","OLECTRA","OLECTRA GREENTECH LIMITED","5"
"20-JUL-2026","ONGC","OIL AND NATURAL GAS CORP.","25"
"20-JUL-2026","ORCHPHARMA","ORCHID PHARMA LIMITED","1"
"20-JUL-2026","PATELENG","PATEL ENGINEERING LTD.","2,253"
"20-JUL-2026","PAYTM","ONE 97 COMMUNICATIONS LTD","3"
"20-JUL-2026","PCJEWELLER","PC JEWELLER LTD          ","15"
"20-JUL-2026","PERSISTENT","PERSISTENT SYSTEMS LTD","8"
"20-JUL-2026","PINELABS","PINE LABS LIMITED","57"
"20-JUL-2026","PNB","PUNJAB NATIONAL BANK","20"
"20-JUL-2026","POWERGRID","POWER GRID CORP. LTD.","1"
"20-JUL-2026","POWERINDIA","ABB POWER PRO N SYS IND L","2"
"20-JUL-2026","PSUBNKBEES","GOLDMAN SACHS PSU BNK ETF","100"
"20-JUL-2026","QUESS","QUESS CORP LIMITED","250"
"20-JUL-2026","RAIN","RAIN INDUSTRIES LIMITED","1,000"
"20-JUL-2026","REFEX","REFEX INDUSTRIES LIMITED","500"
"20-JUL-2026","RELAXO","RELAXO FOOT LTD","12,587"
"20-JUL-2026","RELIANCE","RELIANCE INDUSTRIES LTD","112"
"20-JUL-2026","RESPONIND","RESPONSIVE INDUSTRIES LTD","1"
"20-JUL-2026","ROLEXRINGS","ROLEX RINGS LIMITED","2,682"
"20-JUL-2026","SAATVIKGL","SAATVIK GREEN ENERGY LTD","21"
"20-JUL-2026","SAGILITY","SAGILITY INDIA LIMITED","242"
"20-JUL-2026","SBILIFE","SBI LIFE INSURANCE COMPANY LIMITED","2"
"20-JUL-2026","SBIN","STATE BANK OF INDIA","18"
"20-JUL-2026","SMLMAH","SML Mahindra Limited","71"
"20-JUL-2026","SOLARINDS","SOLAR INDUSTRIES (I) LTD","3"
"20-JUL-2026","SPARC","SUN PHARMA ADV.RES.CO.LTD","37"
"20-JUL-2026","SURYAROSNI","SURYA ROSHNI LTD","3"
"20-JUL-2026","TATAELXSI","TATA ELXSI LIMITED       ","22"
"20-JUL-2026","TATAPOWER","TATA POWER CO LTD","8"
"20-JUL-2026","TIINDIA","TUBE INVEST OF INDIA LTD","1"
"20-JUL-2026","TIMETECHNO","TIME TECHNOPLAST LIMITED","43"
"20-JUL-2026","TORNTPHARM","TORRENT PHARMACEUTICALS L","750"
"20-JUL-2026","UNIONBANK","UNION BANK OF INDIA","16"
"20-JUL-2026","VEDL","VEDANTA LIMITED","950"
"20-JUL-2026","VIMTALABS","VIMTA LABS LIMITED","3"
"20-JUL-2026","WELCORP","WELSPUN CORP LIMITED","150"
"21-JUL-2026","360ONE","360 ONE WAM LIMITED","1"
"21-JUL-2026","ADANIENSOL","ADANI ENERGY SOLUTION LTD","202"
"21-JUL-2026","ADANIPOWER","ADANI POWER LTD","8"
"21-JUL-2026","ANANDRATHI","ANAND RATHI WEALTH LTD","36"
"21-JUL-2026","ASHOKLEY","ASHOK LEYLAND LTD","10"
"21-JUL-2026","ASTRAL","ASTRAL POLY TECHNIK LIMITED","6,544"
"21-JUL-2026","AXISBANK","AXIS BANK LIMITED","78"
"21-JUL-2026","AYE","AYE FINANCE LIMITED","36"
"21-JUL-2026","BAJFINANCE","BAJAJ FINANCE LIMITED","4"
"21-JUL-2026","BALRAMCHIN","BALRAMPUR CHINI MILLS LTD","100"
"21-JUL-2026","BANKBARODA","BANK OF BARODA","1"
"21-JUL-2026","BANKINDIA","BANK OF INDIA","80"
"21-JUL-2026","BECTORFOOD","MRS BECTORS FOOD SPE LTD","104"
"21-JUL-2026","BELRISE","BELRISE INDUSTRIES LTD","1"
"21-JUL-2026","BLUESTARCO","BLUE STAR LIMITED","1,625"
"21-JUL-2026","BLUESTONE","BLUESTONE JEWEL LFSTL LTD","1,49,265"
"21-JUL-2026","CANHLIFE","CANARA HSBC LIFE INS CO L","10"
"21-JUL-2026","CEATLTD","CEAT LIMITED","19"
"21-JUL-2026","CGPOWER","CG POWER AND INDUSTRIAL SOLUTIONS LIMITED","15"
"21-JUL-2026","CHENNPETRO","CHENNAI PETROLEUM CORP LT","21"
"21-JUL-2026","CLEANMAX","CLEAN MAX ENVIRO EN SOL L","25"
"21-JUL-2026","CONCOR","CONTAINER CORP OF IND LTD","1"
"21-JUL-2026","CUPID","CUPID LIMITED","416"
"21-JUL-2026","DABUR","DABUR INDIA LTD","1"
"21-JUL-2026","DIACABS","DIAMOND POWER INFRA LTD","66,550"
"21-JUL-2026","DIXON","DIXON TECHNO (INDIA) LTD","550"
"21-JUL-2026","DMART","AVENUE SUPERMARTS LIMITED","2,400"
"21-JUL-2026","EXIDEIND","EXIDE INDUSTRIES LTD","10"
"21-JUL-2026","FEDERALBNK","FEDERAL BANK LTD","2,954"
"21-JUL-2026","GOLDIAM","GOLDIAM INTERNATIONAL LTD","50"
"21-JUL-2026","GRANULES","GRANULES INDIA LIMITED   ","500"
"21-JUL-2026","HAPPYFORGE","HAPPY FORGINGS LIMITED","100"
"21-JUL-2026","HAVELLS","HAVELLS INDIA LIMITED","20"
"21-JUL-2026","HCC","HINDUSTAN CONSTRUCTION CO","18"
"21-JUL-2026","HCLTECH","HCL TECHNOLOGIES LTD","18,001"
"21-JUL-2026","HDFCAMC","HDFC AMC LIMITED","132"
"21-JUL-2026","HFCL","HIMACHAL FUTURISTIC COMMUNICATIONS LIMITED","3,273"
"21-JUL-2026","HINDPETRO","HINDUSTAN PETROLEUM CORP","75"
"21-JUL-2026","HINDZINC","HINDUSTAN ZINC LIMITED","100"
"21-JUL-2026","HIRECT","HIND RECTIFIER LIMITED","1"
"21-JUL-2026","HYUNDAI","HYUNDAI MOTOR INDIA LTD","10"
"21-JUL-2026","ICICIPRULI","ICICI PRU LIFE INS CO LTD ","2"
"21-JUL-2026","IDFCFIRSTB","IDFC FIRST BANK LIMI","1"
"21-JUL-2026","INDHOTEL","THE INDIAN HOTELS CO. LTD","1"
"21-JUL-2026","IOC","INDIAN OIL CORP LTD","400"
"21-JUL-2026","JINDWORLD","JINDAL WORLDWIDE LTD","30"
"21-JUL-2026","JKPAPER","JK PAPER LIMITED","200"
"21-JUL-2026","JSWCEMENT","JSW CEMENT LIMITED","15,595"
"21-JUL-2026","JSWENERGY","JSW ENERGY LIMITED","2"
"21-JUL-2026","KALYANKJIL","KALYAN JEWELLERS IND LTD","716"
"21-JUL-2026","KARURVYSYA","KARUR VYSYA BANK LIMITED","916"
"21-JUL-2026","KPIL","Kalpataru Project In","300"
"21-JUL-2026","LAURUSLABS","LAURUS LABS LIMITED","5"
"21-JUL-2026","LICI","LIFE INSURA CORP OF INDIA","1,384"
"21-JUL-2026","LLOYDSENGG","LLOYDS ENGG WORK LIMITED","5"
"21-JUL-2026","LTF","L&T FINANCE LIMITED","4,500"
"21-JUL-2026","LUPIN","LUPIN LIMITED","10"
"21-JUL-2026","M&MFIN","MAHINDRA & MAHINDRA FINANCIAL SERVICES LIMITED","500"
"21-JUL-2026","MANAPPURAM","MANAPPURAM FINANCE LTD","200"
"21-JUL-2026","MARUTI","MARUTI SUZUKI INDIA LTD.","15"
"21-JUL-2026","MAXHEALTH","MAX HEALTHCARE INS LTD","2"
"21-JUL-2026","METALIETF","ICICIPRAMC - METALIETF","25"
"21-JUL-2026","MHRIL","MHRIL","1"
"21-JUL-2026","MOSCHIP","MOSCHIP TECHNOLOGIES LTD","100"
"21-JUL-2026","MTARTECH","MTAR TECHNOLOGIES LIMITED","259"
"21-JUL-2026","MUTHOOTFIN","MUTHOOT FINANCE LIMITED","20"
"21-JUL-2026","NATIONALUM","NATIONAL ALUMINIUM CO LTD","3"
"21-JUL-2026","NETWEB","NETWEB TECH INDIA LTD","30"
"21-JUL-2026","NHPC","NHPC LTD","1,43,000"
"21-JUL-2026","NIACL","THE NEW INDIA ASSU CO LTD","857"
"21-JUL-2026","PAYTM","ONE 97 COMMUNICATIONS LTD","25"
"21-JUL-2026","PGHL","PROCTER & GAMBLE HEALTH L","20"
"21-JUL-2026","PIIND","PI INDUSTRIES LTD        ","1"
"21-JUL-2026","PNB","PUNJAB NATIONAL BANK","100"
"21-JUL-2026","PRESTIGE","PRESTIGE ESTATES PROJECTS LIMITED","8"
"21-JUL-2026","QUESS","QUESS CORP LIMITED","250"
"21-JUL-2026","RAIN","RAIN INDUSTRIES LIMITED","608"
"21-JUL-2026","RELAXO","RELAXO FOOT LTD","10"
"21-JUL-2026","RELIANCE","RELIANCE INDUSTRIES LTD","10"
"21-JUL-2026","ROLEXRINGS","ROLEX RINGS LIMITED","11,241"
"21-JUL-2026","SAMMAANCAP","SAMMAAN CAPITAL LIMITED","1"
"21-JUL-2026","SANDUMA","SANDUR MANG & IRON ORES L","5"
"21-JUL-2026","SBICARD","SBI CARDS & PAY SER LTD","1"
"21-JUL-2026","SBIN","STATE BANK OF INDIA","3"
"21-JUL-2026","SONATSOFTW","SONATA SOFTWARE LIMITED","20"
"21-JUL-2026","SOUTHBANK","THE SOUTH INDIAN BANK LTD","95"
"21-JUL-2026","SSWL","STEEL STRIPS WHEELS LTD.","1"
"21-JUL-2026","STALLION","STALLION IND FLUOROCHEM L","30"
"21-JUL-2026","SUNPHARMA","SUN PHARMACEUTICALS IND.","10"
"21-JUL-2026","SUVEN","SUVEN LIFE SCIENCES LTD  ","5"
"21-JUL-2026","SUZLON","SUZLON ENERGY LIMITED","1"
"21-JUL-2026","TATACAP","TATA CAPITAL LIMITED","5"
"21-JUL-2026","TECHM","TECH MAHINDRA LIMITED","617"
"21-JUL-2026","TIINDIA","TUBE INVEST OF INDIA LTD","25"
"21-JUL-2026","TITAN","TITAN INDUSTRIES LTD","20"
"21-JUL-2026","TRENT","TRENT LIMITED","3"
"21-JUL-2026","UFBL","UNITED FOODBRANDS LIMITED","10"
"21-JUL-2026","ULTRACEMCO","ULTRATECH CEMENT LIMITED","81"
"21-JUL-2026","UPL","UPL LIMITED","50"
"21-JUL-2026","UTIAMC","UTI ASSET MNGMT CO LTD","143"
"21-JUL-2026","VBL","VARUN BEVERAGES LIMITED    ","2"
"21-JUL-2026","VEDL","VEDANTA LIMITED","400"
"21-JUL-2026","VIMTALABS","VIMTA LABS LIMITED","8"
"21-JUL-2026","YESBANK","YES BANK LIMITED","348"
"21-JUL-2026","ZEEL","ZEE ENTERTAINMENT ENT LTD","1,000"
"22-JUL-2026","ACMESOLAR","ACME SOLAR HOLDINGS LTD","100"
"22-JUL-2026","ADANIPOWER","ADANI POWER LTD","1,000"
"22-JUL-2026","ANANTRAJ","ANANT RAJ LIMITED","456"
"22-JUL-2026","ASTRAL","ASTRAL POLY TECHNIK LIMITED","2,550"
"22-JUL-2026","AYE","AYE FINANCE LIMITED","12"
"22-JUL-2026","BAJAJ-AUTO","BAJAJ AUTO LIMITED","4"
"22-JUL-2026","BANDHANBNK","BANDHAN BANK LIMITED","8"
"22-JUL-2026","BDL","BHARAT DYNAMICS LIMITED","1,700"
"22-JUL-2026","BHARTIARTL","BHARTI AIRTEL LIMITED","90"
"22-JUL-2026","BHEL","BHEL","42"
"22-JUL-2026","BLUESTARCO","BLUE STAR LIMITED","325"
"22-JUL-2026","BLUESTONE","BLUESTONE JEWEL LFSTL LTD","3,300"
"22-JUL-2026","BOMDYEING","BOMBAY DYEING & MFG. CO L","150"
"22-JUL-2026","BRITANNIA","BRITANNIA INDUSTRIES LIMITED","13"
"22-JUL-2026","CARTRADE","CARTRADE TECH LIMITED","50"
"22-JUL-2026","CEMPRO","CEMINDIA PROJECTS LIMITED","1"
"22-JUL-2026","CLEANMAX","CLEAN MAX ENVIRO EN SOL L","1"
"22-JUL-2026","CRAMC","CANARA ROBECO AMC LIMITED","10"
"22-JUL-2026","DATAPATTNS","DATA PATTERNS INDIA LTD","30"
"22-JUL-2026","DIXON","DIXON TECHNO (INDIA) LTD","450"
"22-JUL-2026","ELECTCAST","ELECTROSTEEL CASTINGS LTD","150"
"22-JUL-2026","EMAMILTD","EMAMI LIMITED","1"
"22-JUL-2026","ETERNAL","ETERNAL LIMITED","381"
"22-JUL-2026","FORCEMOT","FORCE MOTORS LIMITED","675"
"22-JUL-2026","GRSE","GARDEN REACH SHIP&ENG LTD","20"
"22-JUL-2026","GTLINFRA","GTL INFRA.LTD","16,840"
"22-JUL-2026","HAL","HINDUSTAN AERONAUTICS LTD","90"
"22-JUL-2026","HCC","HINDUSTAN CONSTRUCTION CO","30"
"22-JUL-2026","HCLTECH","HCL TECHNOLOGIES LTD","28,802"
"22-JUL-2026","HDFCBANK","HDFC BANK LTD","70"
"22-JUL-2026","HFCL","HIMACHAL FUTURISTIC COMMUNICATIONS LIMITED","10,000"
"22-JUL-2026","ICICIBANK","ICICI BANK LTD.","10"
"22-JUL-2026","IDEA","Vodafone Idea Limited","337"
"22-JUL-2026","IIFL","IIFL HOLDINGS LIMITED","111"
"22-JUL-2026","INDUSTOWER","INDUS","101"
"22-JUL-2026","INOXGREEN","INOX GREEN ENERGY SER LTD","1"
"22-JUL-2026","INTERARCH","INTERARCH BLDNG SOLTN LTD","49"
"22-JUL-2026","IRFC","IRFC","1,18,600"
"22-JUL-2026","JUBLINGREA","JUBLINGREA","100"
"22-JUL-2026","LTF","L&T FINANCE LIMITED","2,250"
"22-JUL-2026","M&MFIN","MAHINDRA & MAHINDRA FINANCIAL SERVICES LIMITED","220"
"22-JUL-2026","MARUTI","MARUTI SUZUKI INDIA LTD.","3"
"22-JUL-2026","MAZDOCK","MAZAGON DOCK SHIPBUIL LTD","900"
"22-JUL-2026","MRPL","MRPL","50"
"22-JUL-2026","MTARTECH","MTAR TECHNOLOGIES LIMITED","36"
"22-JUL-2026","NAM-INDIA","NIPPON L I A M LTD","1,250"
"22-JUL-2026","NESTLEIND","NESTLE INDIA LIMITED","150"
"22-JUL-2026","NHPC","NHPC LTD","2,01,550"
"22-JUL-2026","ORIENTELEC","ORIENT ELECTRIC LTD","1,000"
"22-JUL-2026","PAYTM","ONE 97 COMMUNICATIONS LTD","10"
"22-JUL-2026","PHARMABEES","NIPPONAMC - NETFPHARMA","3"
"22-JUL-2026","PNB","PUNJAB NATIONAL BANK","1,000"
"22-JUL-2026","PRESTIGE","PRESTIGE ESTATES PROJECTS LIMITED","1"
"22-JUL-2026","RBLBANK","RBL BANK LIMITED    ","250"
"22-JUL-2026","RRKABEL","R R KABEL LIMITED","47"
"22-JUL-2026","SAGILITY","SAGILITY INDIA LIMITED","6,033"
"22-JUL-2026","SEPC","SEPC LIMITED","100"
"22-JUL-2026","SOUTHBANK","THE SOUTH INDIAN BANK LTD","32"
"22-JUL-2026","SUNTECK","SUNTECK REALTY LIMITED","12"
"22-JUL-2026","SWIGGY","SWIGGY LIMITED","500"
"22-JUL-2026","TARC","TARC LIMITED","1"
"22-JUL-2026","TECHM","TECH MAHINDRA LIMITED","13,799"
"22-JUL-2026","TITAN","TITAN INDUSTRIES LTD","2"
"22-JUL-2026","TRENT","TRENT LIMITED","450"
"22-JUL-2026","UFBL","UNITED FOODBRANDS LIMITED","722"
"22-JUL-2026","UNIONBANK","UNION BANK OF INDIA","2"
"22-JUL-2026","WAAREEENER","WAAREE ENERGIES LIMITED","3,850"
"22-JUL-2026","WAKEFIT","WAKEFIT INNOVATIONS LTD","2"
"23-JUL-2026","ABFRL","ADITYA BIRLA FASHION & RT","34,010"
"23-JUL-2026","ADANIGREEN","ADANI GREEN ENERGY LTD","5"
"23-JUL-2026","AEQUS","AEQUS LIMITED","1"
"23-JUL-2026","ALOKINDS","ALOKINDS","2,500"
"23-JUL-2026","ANANTRAJ","ANANT RAJ LIMITED","6"
"23-JUL-2026","ANGELONE","ANGEL ONE LTD","394"
"23-JUL-2026","ASTRAL","ASTRAL POLY TECHNIK LIMITED","850"
"23-JUL-2026","ATGL","ADANI TOTAL GAS LIMITED","2"
"23-JUL-2026","BAJAJ-AUTO","BAJAJ AUTO LIMITED","107"
"23-JUL-2026","BAJAJHFL","BAJAJ HOUSING FINANCE LTD","11"
"23-JUL-2026","BANDHANBNK","BANDHAN BANK LIMITED","59"
"23-JUL-2026","BLUESTONE","BLUESTONE JEWEL LFSTL LTD","75"
"23-JUL-2026","BRITANNIA","BRITANNIA INDUSTRIES LIMITED","5"
"23-JUL-2026","CGPOWER","CG POWER AND INDUSTRIAL SOLUTIONS LIMITED","486"
"23-JUL-2026","CHENNPETRO","CHENNAI PETROLEUM CORP LT","4"
"23-JUL-2026","CIEINDIA","CIE AUTOMOTIV","2"
"23-JUL-2026","CIPLA","CIPLA LTD","1"
"23-JUL-2026","COCHINSHIP","COCHIN SHIPYARD LIMITED","3"
"23-JUL-2026","CONCOR","CONTAINER CORP OF IND LTD","1"
"23-JUL-2026","CONFIPET","CONFIDENCE PETRO IND LTD.","1"
"23-JUL-2026","CPPLUS","ADITYA INFOTECH LIMITED","2,771"
"23-JUL-2026","CUPID","CUPID LIMITED","100"
"23-JUL-2026","DABUR","DABUR INDIA LTD","1,247"
"23-JUL-2026","DIACABS","DIAMOND POWER INFRA LTD","54"
"23-JUL-2026","DIXON","DIXON TECHNO (INDIA) LTD","100"
"23-JUL-2026","DMART","AVENUE SUPERMARTS LIMITED","6"
"23-JUL-2026","DRREDDY","DR. REDDY'S LABORATORIES","505"
"23-JUL-2026","EASEMYTRIP","EASY TRIP PLANNERS LTD","194"
"23-JUL-2026","FEDERALBNK","FEDERAL BANK LTD","18"
"23-JUL-2026","GLENMARK","GLENMARK PHARMACEUTICALS LIMITED","16"
"23-JUL-2026","GMDCLTD","GUJARAT MINERAL DEV CORP","9"
"23-JUL-2026","GMRP&UI","GMR POW AND URBAN INFRA L","3"
"23-JUL-2026","GOLDIAM","GOLDIAM INTERNATIONAL LTD","50"
"23-JUL-2026","GTLINFRA","GTL INFRA.LTD","16,840"
"23-JUL-2026","HCLTECH","HCL TECHNOLOGIES LTD","400"
"23-JUL-2026","HDFCBANK","HDFC BANK LTD","2"
"23-JUL-2026","HEG","HEG LIMITED","2"
"23-JUL-2026","HFCL","HIMACHAL FUTURISTIC COMMUNICATIONS LIMITED","10,250"
"23-JUL-2026","HINDPETRO","HINDUSTAN PETROLEUM CORP","1"
"23-JUL-2026","HONAUT","HONEYWELL AUTOMATION IND","5"
"23-JUL-2026","ICICIBANK","ICICI BANK LTD.","1"
"23-JUL-2026","IDEA","Vodafone Idea Limited","5"
"23-JUL-2026","IEX","INDIAN ENERGY EXCHANGE LIMITED","1"
"23-JUL-2026","IRFC","IRFC","10,850"
"23-JUL-2026","JINDWORLD","JINDAL WORLDWIDE LTD","49"
"23-JUL-2026","JIOFIN","JIO FIN SERVICES LTD","2"
"23-JUL-2026","JKPAPER","JK PAPER LIMITED","1"
"23-JUL-2026","KALYANKJIL","KALYAN JEWELLERS IND LTD","230"
"23-JUL-2026","KIMS","KRISHNA INST OF MED SCI L","1"
"23-JUL-2026","KTKBANK","KARNATAKA BANK LIMITED","2"
"23-JUL-2026","LEMONTREE","LEMON TREE HOTELS LTD","1"
"23-JUL-2026","LIQUIDBEES","NIP IND ETF LIQUID BEES","191"
"23-JUL-2026","LOTUSDEV","SRI LOTUS DEVLPRS N RTY L","1"
"23-JUL-2026","LT","LARSEN & TOUBRO LTD.","5"
"23-JUL-2026","LTF","L&T FINANCE LIMITED","4,500"
"23-JUL-2026","M&M","MAHINDRA & MAHINDRA LTD","2"
"23-JUL-2026","MAHLIFE","MAHINDRA LIFESPACE DEVLTD","503"
"23-JUL-2026","MANAPPURAM","MANAPPURAM FINANCE LTD","7,005"
"23-JUL-2026","MARICO","MARICO LIMITED","25"
"23-JUL-2026","MARUTI","MARUTI SUZUKI INDIA LTD.","16"
"23-JUL-2026","MAZDOCK","MAZAGON DOCK SHIPBUIL LTD","1,350"
"23-JUL-2026","MOTHERSON","SAMVRDHNA MTHRSN INT","1"
"23-JUL-2026","MTARTECH","MTAR TECHNOLOGIES LIMITED","20"
"23-JUL-2026","NESTLEIND","NESTLE INDIA LIMITED","52"
"23-JUL-2026","NHPC","NHPC LTD","2,91,900"
"23-JUL-2026","OFSS","Oracle Financial Services Software Limited","2,851"
"23-JUL-2026","OIL","OIL INDIA LTD","900"
"23-JUL-2026","ONGC","OIL AND NATURAL GAS CORP.","20"
"23-JUL-2026","PARAS","PARAS DEF AND SPCE TECH L","57"
"23-JUL-2026","PARKHOSPS","PARK MEDI WORLD LIMITED","1"
"23-JUL-2026","PAYTM","ONE 97 COMMUNICATIONS LTD","10"
"23-JUL-2026","PIIND","PI INDUSTRIES LTD        ","700"
"23-JUL-2026","POLYMED","POLY MEDICURE LTD ","2"
"23-JUL-2026","RALLIS","RALLIS INDIA LTD","20"
"23-JUL-2026","RBLBANK","RBL BANK LIMITED    ","10"
"23-JUL-2026","RPSGVENT","RPSG VENTURES LIMITED","2"
"23-JUL-2026","SCHNEIDER","SCHNEIDER ELECTRIC INFRA","3"
"23-JUL-2026","SHREECEM","SHREE CEMENTS LTD","650"
"23-JUL-2026","SHRIRAMPPS","SHRIRAM PROPERTIES LTD","1"
"23-JUL-2026","SIEMENS","SIEMENS LTD","180"
"23-JUL-2026","SKFINDIA","SKF INDIA LTD","3"
"23-JUL-2026","SKIPPER","SKIPPER LIMITED","4"
"23-JUL-2026","SOLARA","SOLARA ACTIVE PHA SCI LTD","20"
"23-JUL-2026","SONACOMS","SONA BLW PRECISION FRGS L","5"
"23-JUL-2026","SOTL","SAVITA OIL TECHNOLO. LTD","50"
"23-JUL-2026","SUNPHARMA","SUN PHARMACEUTICALS IND.","12"
"23-JUL-2026","TARC","TARC LIMITED","1"
"23-JUL-2026","TATAINVEST","TATA INVESTMENT CORPORATION LIMITED","5"
"23-JUL-2026","TATAPOWER","TATA POWER CO LTD","1"
"23-JUL-2026","TATASTEEL","TATA STEEL LIMITED","1,500"
"23-JUL-2026","TCS","TATA CONSULTANCY SERV LT","900"
"23-JUL-2026","TORNTPHARM","TORRENT PHARMACEUTICALS L","1,875"
"23-JUL-2026","TRENT","TRENT LIMITED","450"
"23-JUL-2026","UFBL","UNITED FOODBRANDS LIMITED","17"
"23-JUL-2026","UJJIVANSFB","UJJIVAN SMALL FINANC BANK","8"
"23-JUL-2026","UNIONBANK","UNION BANK OF INDIA","4"
"23-JUL-2026","UPL","UPL LIMITED","25"
"23-JUL-2026","VINCOFE","VINTAGE COFFEE N BVRGS L","1"
"23-JUL-2026","VMM","VISHAL MEGA MART LIMITED","25"
"23-JUL-2026","WAAREEENER","WAAREE ENERGIES LIMITED","1,750"
"23-JUL-2026","WAKEFIT","WAKEFIT INNOVATIONS LTD","1"
"23-JUL-2026","WELCORP","WELSPUN CORP LIMITED","4"
"23-JUL-2026","WIPRO","WIPRO LTD","27,000"
"23-JUL-2026","YESBANK","YES BANK LIMITED","49"
"24-JUL-2026","360ONE","360 ONE WAM LIMITED","130"
"24-JUL-2026","AAVAS","AAVAS FINANCIERS LIMITED","23"
"24-JUL-2026","ABB","ABB LTD.","1"
"24-JUL-2026","ABDL","ALLIED BLEND N DISTILS L","239"
"24-JUL-2026","ABFRL","ADITYA BIRLA FASHION & RT","971"
"24-JUL-2026","ABREL","ADITYA BIRLA REAL EST LTD","8"
"24-JUL-2026","ABSLAMC","ADIT BIRL SUN LIF AMC LTD","25"
"24-JUL-2026","ADANIENSOL","ADANI ENERGY SOLUTION LTD","200"
"24-JUL-2026","AEGISLOG","AEGIS LOGISTICS LIMITED","198"
"24-JUL-2026","AFCONS","AFCONS INFRASTRUCTURE LTD","379"
"24-JUL-2026","AHLUCONT","AHLUWALIA CONT IND LTD","39"
"24-JUL-2026","AIIL","AUTHUM INVEST & INFRA LTD","132"
"24-JUL-2026","AJANTPHARM","AJANTA PHARMA LIMITED","10"
"24-JUL-2026","AKUMS","AKUMS DRUGS AND PHARMA L","33"
"24-JUL-2026","ALOKINDS","ALOKINDS","3,309"
"24-JUL-2026","AMBUJACEM","AMBUJA CEMENTS LTD","263"
"24-JUL-2026","ANGELONE","ANGEL ONE LTD","214"
"24-JUL-2026","APARINDS","APAR INDUSTRIES LTD.","22"
"24-JUL-2026","APLAPOLLO","APL APOLLO TUBES LTD","29"
"24-JUL-2026","APOLLO","APOLLO MICRO SYSTEMS LTD","1,987"
"24-JUL-2026","APOLLOHOSP","APOLLO HOSPITALS ENTERPRISE LIMITED","4"
"24-JUL-2026","APOLLOTYRE","APOLLO TYRES LTD","148"
"24-JUL-2026","ARVINDFASN","ARVIND FASHIONS LIMITED","25"
"24-JUL-2026","ASHAPURMIN","ASHAPURA MINECHEM LTD","31"
"24-JUL-2026","ASKAUTOLTD","ASK AUTOMOTIVE LIMITED","218"
"24-JUL-2026","ASTRAL","ASTRAL POLY TECHNIK LIMITED","871"
"24-JUL-2026","ATGL","ADANI TOTAL GAS LIMITED","579"
"24-JUL-2026","AUBANK","AU SMALL FINANCE BANK LIMITED","1"
"24-JUL-2026","AVALON","AVALON TECHNOLOGIES LTD","112"
"24-JUL-2026","AZAD","AZAD ENGINEERING LIMITED","124"
"24-JUL-2026","BAJAJ-AUTO","BAJAJ AUTO LIMITED","127"
"24-JUL-2026","BAJAJFINSV","BAJAJ FINSERV LIMITED","25"
"24-JUL-2026","BAJAJHFL","BAJAJ HOUSING FINANCE LTD","2,985"
"24-JUL-2026","BAJAJHIND","BAJAJ HINDUSTAN LTD","22"
"24-JUL-2026","BALAMINES","BALAJI AMINIES LIMITED","39"
"24-JUL-2026","BALKRISIND","BALKRISHNA IND. LTD      ","12"
"24-JUL-2026","BANDHANBNK","BANDHAN BANK LIMITED","529"
"24-JUL-2026","BANKBARODA","BANK OF BARODA","2,324"
"24-JUL-2026","BANKINDIA","BANK OF INDIA","3,357"
"24-JUL-2026","BATAINDIA","BATA INDIA LTD","167"
"24-JUL-2026","BAYERCROP","BAYER CROPSCIENCE LTD    ","70"
"24-JUL-2026","BDL","BHARAT DYNAMICS LIMITED","81"
"24-JUL-2026","BEL","BHARAT ELECTRONICS LTD","1,245"
"24-JUL-2026","BELRISE","BELRISE INDUSTRIES LTD","802"
"24-JUL-2026","BHEL","BHEL","25"
"24-JUL-2026","BLACKBUCK","ZINKA LOGISTICS SOL LTD","33"
"24-JUL-2026","BLUEJET","BLUE JET HEALTHCARE LTD","27"
"24-JUL-2026","BSE","BSE LIMITED","272"
"24-JUL-2026","BSOFT","BIRLASOFT LIMITED","278"
"24-JUL-2026","CAMPUS","CAMPUS ACTIVEWEAR LIMITED","84"
"24-JUL-2026","CAPLIPOINT","CAPLIN POINT LABORATORIES LIMITED","14"
"24-JUL-2026","CARTRADE","CARTRADE TECH LIMITED","45"
"24-JUL-2026","CGPOWER","CG POWER AND INDUSTRIAL SOLUTIONS LIMITED","55"
"24-JUL-2026","CHAMBLFERT","CHAMBAL FERTILIZERS LTD","217"
"24-JUL-2026","CHENNPETRO","CHENNAI PETROLEUM CORP LT","322"
"24-JUL-2026","CIEINDIA","CIE AUTOMOTIV","679"
"24-JUL-2026","CIPLA","CIPLA LTD","25"
"24-JUL-2026","COROMANDEL","COROMANDEL INTERNTL. LTD ","44"
"24-JUL-2026","CREDITACC","CREDITACCESS GRAMEEN LTD","96"
"24-JUL-2026","CUB","CITY UNION BANK LTD      ","541"
"24-JUL-2026","CUMMINSIND","CUMMINS INDIA LTD","4"
"24-JUL-2026","CYIENT","CYIENT LIMITED           ","473"
"24-JUL-2026","DALBHARAT","DALMIA BHARAT LIMITED","335"
"24-JUL-2026","DBL","DILIP BUILDCON LIMITED","2"
"24-JUL-2026","DCMSHRIRAM","DCM SHRIRAM LIMITED","14"
"24-JUL-2026","DEEPAKFERT","DEEPAK FERTILIZERS AND PETROCHEMICALS CORPORATION LIMITED","15"
"24-JUL-2026","DIACABS","DIAMOND POWER INFRA LTD","6,234"
"24-JUL-2026","DIXON","DIXON TECHNO (INDIA) LTD","69"
"24-JUL-2026","DMART","AVENUE SUPERMARTS LIMITED","133"
"24-JUL-2026","DOMS","DOMS INDUSTRIES LIMITED","10"
"24-JUL-2026","EBGNG","GNG ELECTRONICS LIMITED","2,273"
"24-JUL-2026","EDELWEISS","EDELWEISS FIN SERV LTD","318"
"24-JUL-2026","ELECON","ELECON ENG. CO. LTD","51"
"24-JUL-2026","EMBDL","EQUINOX INDIA DEV LTD","314"
"24-JUL-2026","EMCURE","EMCURE PHARMACEUTICALS L","15"
"24-JUL-2026","EMMVEE","EMMVEE PHOTOVOLTAIC PWR L","133"
"24-JUL-2026","ENDURANCE","ENDURANCE TECHNOLOGIES LIMITED","10"
"24-JUL-2026","EQUITASBNK","EQUITASBNK","164"
"24-JUL-2026","ESCORTS","ESCORTS INDIA LTD","20"
"24-JUL-2026","ETERNAL","ETERNAL LIMITED","5,330"
"24-JUL-2026","EXIDEIND","EXIDE INDUSTRIES LTD","803"
"24-JUL-2026","FEDFINA","FEDBANK FINANCIAL SER L","233"
"24-JUL-2026","FINCABLES","FINOLEX CABLES LTD","40"
"24-JUL-2026","FINPIPE","FINOLEX INDUSTRIES LTD","97"
"24-JUL-2026","FIRSTCRY","BRAINBEES SOLUTIONS LTD","106"
"24-JUL-2026","FIVESTAR","FIVE-STAR BUS FIN LTD","630"
"24-JUL-2026","FLUOROCHEM","FLUOROCHEM","11"
"24-JUL-2026","FORCEMOT","FORCE MOTORS LIMITED","29"
"24-JUL-2026","GAIL","GAIL (INDIA) LTD","176"
"24-JUL-2026","GENUSPOWER","GENUS POWER INFRASTRU LTD","273"
"24-JUL-2026","GESHIP","THE GE SHPG.LTD","259"
"24-JUL-2026","GICRE","GENERAL INSURANCE CORPORATION OF INDIA","281"
"24-JUL-2026","GLAND","GLAND PHARMA LIMITED","14"
"24-JUL-2026","GMDCLTD","GUJARAT MINERAL DEV CORP","121"
"24-JUL-2026","GODREJPROP","GODREJ PROPERTIES LTD","61"
"24-JUL-2026","GOKEX","GOKALDAS EXPORTS LTD.","408"
"24-JUL-2026","GOLDIAM","GOLDIAM INTERNATIONAL LTD","199"
"24-JUL-2026","GPIL","GPIL","150"
"24-JUL-2026","GRASIM","GRASIM INDUSTRIES LTD","56"
"24-JUL-2026","GREAVESCOT","GREAVES COTTON LTD","198"
"24-JUL-2026","GROWW","BILLIONBRAINS GARAGE VN L","8,221"
"24-JUL-2026","GRSE","GARDEN REACH SHIP&ENG LTD","122"
"24-JUL-2026","GTLINFRA","GTL INFRA.LTD","1"
"24-JUL-2026","HAL","HINDUSTAN AERONAUTICS LTD","51"
"24-JUL-2026","HAPPSTMNDS","HAPPIEST MINDS TECHNO LTD","114"
"24-JUL-2026","HBLENGINE","HBL ENGINEERING LTD","329"
"24-JUL-2026","HCLTECH","HCL TECHNOLOGIES LTD","143"
"24-JUL-2026","HDBFS","HDB FINANCIAL SERVICES L","31"
"24-JUL-2026","HEG","HEG LIMITED","1,500"
"24-JUL-2026","HEXT","HEXAWARE TECHNOLOGIES LTD","46"
"24-JUL-2026","HINDCOPPER","HINDUSTAN COPPER LIMITED","525"
"24-JUL-2026","HINDUNILVR","HINDUSTAN UNILEVER LTD.","113"
"24-JUL-2026","HINDZINC","HINDUSTAN ZINC LIMITED","631"
"24-JUL-2026","HONASA","HONASA CONSUMER LIMITED","39"
"24-JUL-2026","HYUNDAI","HYUNDAI MOTOR INDIA LTD","73"
"24-JUL-2026","ICICIAMC","ICICI PRUDENTIAL AMC LTD","7"
"24-JUL-2026","IDBI","IDBI Bank Limited","1,721"
"24-JUL-2026","IDEA","Vodafone Idea Limited","97,340"
"24-JUL-2026","IEX","INDIAN ENERGY EXCHANGE LIMITED","3,383"
"24-JUL-2026","IFBIND","IFB INDUSTRIES LIMITED","19"
"24-JUL-2026","IGL","INDRAPRASTHA GAS LTD","545"
"24-JUL-2026","IKS","INVENTURUS KNOWLEDGE SO L","11"
"24-JUL-2026","INDGN","INDEGENE LIMITED","95"
"24-JUL-2026","INDHOTEL","THE INDIAN HOTELS CO. LTD","286"
"24-JUL-2026","INDIANB","INDIAN BANK","202"
"24-JUL-2026","INDUSTOWER","INDUS","259"
"24-JUL-2026","INFY","INFOSYS TECHNOLOGIES LTD","100"
"24-JUL-2026","INOXINDIA","INOX INDIA LIMITED","57"
"24-JUL-2026","INOXWIND","INOX WIND LIMITED        ","2,468"
"24-JUL-2026","IOB","INDIAN OVERSEAS BANK","2,462"
"24-JUL-2026","IRCON","IRCON","1,010"
"24-JUL-2026","IRFC","IRFC","4,510"
"24-JUL-2026","ISGEC","ISGEC HEAVY ENG LTD","20"
"24-JUL-2026","ITC","ITC LTD","91"
"24-JUL-2026","J&KBANK","J & K BANK LTD.","717"
"24-JUL-2026","JAINREC","JAIN RESOURCE RECYCLING L","82"
"24-JUL-2026","JAYNECOIND","JAYASWAL NECO INDUSTR LTD","378"
"24-JUL-2026","JBMA","JBM AUTO LIMITED","86"
"24-JUL-2026","JINDALSAW","JINDAL SAW LIMITED","42"
"24-JUL-2026","JINDALSTEL","JINDAL STEEL & POWER LTD","1"
"24-JUL-2026","JIOFIN","JIO FIN SERVICES LTD","6,001"
"24-JUL-2026","JKTYRE","JK TYRE & INDUSTRIES LTD","167"
"24-JUL-2026","JMFINANCIL","JM FINANCIAL LIMITED    ","552"
"24-JUL-2026","JSFB","JANA SMALL FIN BANK LTD","36"
"24-JUL-2026","JSWINFRA","JSW INFRASTRUCTURE LTD","373"
"24-JUL-2026","JUBLFOOD","JUBILANT FOODWORKS LTD","195"
"24-JUL-2026","KAJARIACER","KAJARIA CERAMICS LTD     ","9"
"24-JUL-2026","KEI","KEI INDUSTRIES LTD.      ","8"
"24-JUL-2026","KFINTECH","KFIN TECHNOLOGIES LIMITED","124"
"24-JUL-2026","KIRLOSENG","KIRLOSENG","51"
"24-JUL-2026","KOTAKBANK","KOTAK MAHINDRA BANK LTD","30"
"24-JUL-2026","KPITTECH","KPIT TECHNOLOGIES LTD","3,337"
"24-JUL-2026","KRBL","KRBL LIMITED","139"
"24-JUL-2026","KSB","KSB","40"
"24-JUL-2026","KTKBANK","KARNATAKA BANK LIMITED","2"
"24-JUL-2026","LAURUSLABS","LAURUS LABS LIMITED","422"
"24-JUL-2026","LENSKART","LENSKART SOLUTIONS LTD","187"
"24-JUL-2026","LGEINDIA","LG ELECTRONICS INDIA LTD","21"
"24-JUL-2026","LLOYDSENT","LLOYDS ENTERPRISES LTD","173"
"24-JUL-2026","LLOYDSME","LLOYDS METALS N ENERGY L","226"
"24-JUL-2026","LTF","L&T FINANCE LIMITED","155"
"24-JUL-2026","LTTS","L&T TECHNOLOGY SER. LTD","13"
"24-JUL-2026","M&MFIN","MAHINDRA & MAHINDRA FINANCIAL SERVICES LIMITED","455"
"24-JUL-2026","MAHLIFE","MAHINDRA LIFESPACE DEVLTD","758"
"24-JUL-2026","MANAPPURAM","MANAPPURAM FINANCE LTD","3,663"
"24-JUL-2026","MAPMYINDIA","C.E. INFO SYSTEMS LIMITED","118"
"24-JUL-2026","MARICO","MARICO LIMITED","67"
"24-JUL-2026","MARUTI","MARUTI SUZUKI INDIA LTD.","53"
"24-JUL-2026","MASTEK","MASTEK LTD               ","6"
"24-JUL-2026","MAXHEALTH","MAX HEALTHCARE INS LTD","177"
"24-JUL-2026","MAZDOCK","MAZAGON DOCK SHIPBUIL LTD","196"
"24-JUL-2026","MEDANTA","GLOBAL HEALTH LIMITED","84"
"24-JUL-2026","MEESHO","MEESHO LIMITED","10,223"
"24-JUL-2026","METROBRAND","METRO BRANDS LIMITED","15"
"24-JUL-2026","MFSL","MAX FINANCIAL SERV LTD","13"
"24-JUL-2026","MGL","MAHANAGAR GAS LTD.    ","52"
"24-JUL-2026","MIDHANI","MIDHANI","92"
"24-JUL-2026","MINDACORP","MINDA CORPORATION LIMITED","16"
"24-JUL-2026","MOIL","MOIL LIMITED     ","41"
"24-JUL-2026","MOREPENLAB","MOREPEN LAB. LTD         ","5"
"24-JUL-2026","MOTILALOFS","MOTILAL OSWAL FIN LTD   ","2,883"
"24-JUL-2026","MPHASIS","MPHASIS LIMITED","29"
"24-JUL-2026","MRF","MRF LTD","1"
"24-JUL-2026","NAVA","NAVA LIMITED","152"
"24-JUL-2026","NBCC","NATIONAL BUILDINGS LTD   ","2,178"
"24-JUL-2026","NCC","NCC LIMITED","853"
"24-JUL-2026","NEOGEN","NEOGEN CHEMICALS LIMITED","33"
"24-JUL-2026","NEPHROPLUS","NEPHROCARE HEALTH SERV L","49"
"24-JUL-2026","NEWGEN","NEWGEN","542"
"24-JUL-2026","NHPC","NHPC LTD","17,656"
"24-JUL-2026","NMDC","NMDC LTD.","1,837"
"24-JUL-2026","NTPC","NTPC LTD","1,057"
"24-JUL-2026","NTPCGREEN","NTPC GREEN ENERGY LIMITED","12,343"
"24-JUL-2026","NUVOCO","NUVOCO VISTAS CORP LTD","480"
"24-JUL-2026","NYKAA","FSN E COMMERCE VENTURES","174"
"24-JUL-2026","OBEROIRLTY","OBEROI REALTY LIMITED","13"
"24-JUL-2026","OFSS","Oracle Financial Services Software Limited","16"
"24-JUL-2026","OIL","OIL INDIA LTD","781"
"24-JUL-2026","OLAELEC","OLA ELECTRIC MOBILITY LTD","13,446"
"24-JUL-2026","OSWALPUMPS","OSWAL PUMPS LIMITED","25"
"24-JUL-2026","PARAS","PARAS DEF AND SPCE TECH L","328"
"24-JUL-2026","PCBL","PCBL LIMITED","327"
"24-JUL-2026","PCJEWELLER","PC JEWELLER LTD          ","70,250"
"24-JUL-2026","PETRONET","PETRONET LNG LIMITED","158"
"24-JUL-2026","PGEL","PG ELECTROPLAST LTD","159"
"24-JUL-2026","PINELABS","PINE LABS LIMITED","1,016"
"24-JUL-2026","PNB","PUNJAB NATIONAL BANK","9,128"
"24-JUL-2026","POLYCAB","POLYCAB INDIA LIMITED","73"
"24-JUL-2026","POLYMED","POLY MEDICURE LTD ","8"
"24-JUL-2026","POONAWALLA","POONAWALLA FINCORP LTD","84"
"24-JUL-2026","PPLPHARMA","PIRAMAL PHARMA LIMITED","686"
"24-JUL-2026","PREMIERENE","PREMIER ENERGIES LIMITED","58"
"24-JUL-2026","PRESTIGE","PRESTIGE ESTATES PROJECTS LIMITED","87"
"24-JUL-2026","PRIVISCL","PRIVI SPECIALITY CHE LTD","9"
"24-JUL-2026","PSB","PUNJAB & SIND BANK","1,075"
"24-JUL-2026","PTCIL","PTC INDUSTRIES LIMITED","5"
"24-JUL-2026","PVRINOX","PVR INOX Limited","147"
"24-JUL-2026","PWL","PHYSICSWALLAH LIMITED","697"
"24-JUL-2026","RAILTEL","RAILTEL","402"
"24-JUL-2026","RAIN","RAIN INDUSTRIES LIMITED","1,209"
"24-JUL-2026","RATEGAIN","RATEGAIN TRAVEL TECHN LTD","45"
"24-JUL-2026","RECLTD","RURAL ELEC CORP. LTD.","871"
"24-JUL-2026","REDINGTON","REDINGTON (INDIA) LTD.","196"
"24-JUL-2026","RELAXO","RELAXO FOOT LTD","88"
"24-JUL-2026","RELIANCE","RELIANCE INDUSTRIES LTD","100"
"24-JUL-2026","RKFORGE","RAMKRISHNA FORGINGS LTD","671"
"24-JUL-2026","RPEL","RAGHAV PRODUCTIVITY ENH L","22"
"24-JUL-2026","RRKABEL","R R KABEL LIMITED","50"
"24-JUL-2026","RTNINDIA","RATTANINDIA ENT LIMITED","500"
"24-JUL-2026","RVNL","RVNL","1,002"
"24-JUL-2026","SAGILITY","SAGILITY INDIA LIMITED","8,695"
"24-JUL-2026","SAIL","STEEL AUTHORITY OF INDIA","316"
"24-JUL-2026","SAILIFE","SAI LIFE SCIENCES LIMITED","47"
"24-JUL-2026","SAMHI","SAMHI HOTELS LIMITED","1"
"24-JUL-2026","SANDUMA","SANDUR MANG & IRON ORES L","98"
"24-JUL-2026","SANOFICONR","SANOFI CONS HEALTHC IND L","3"
"24-JUL-2026","SBICARD","SBI CARDS & PAY SER LTD","148"
"24-JUL-2026","SBILIFE","SBI LIFE INSURANCE COMPANY LIMITED","325"
"24-JUL-2026","SCHAEFFLER","SCHAEFFLER INDIA LIMITED","19"
"24-JUL-2026","SCHNEIDER","SCHNEIDER ELECTRIC INFRA","44"
"24-JUL-2026","SENCO","SENCO GOLD LIMITED","176"
"24-JUL-2026","SEPC","SEPC LIMITED","11,058"
"24-JUL-2026","SGMART","SG MART LIMITED","103"
"24-JUL-2026","SHADOWFAX","SHADOWFAX TECHNOLOGIES L","3"
"24-JUL-2026","SHAKTIPUMP","SHAKTI PUMPS (I) LTD","153"
"24-JUL-2026","SHARDACROP","SHARDA CROPCHEM LTD.","83"
"24-JUL-2026","SHRIRAMFIN","SHRIRAM FINANCE LIMITED","477"
"24-JUL-2026","SIEMENS","SIEMENS LTD","16"
"24-JUL-2026","SIS","SECURITY AND INTELLIGENCE SERVICES (INDIA) LIMITED","55"
"24-JUL-2026","SKFINDIA","SKF INDIA LTD","10"
"24-JUL-2026","SKIPPER","SKIPPER LIMITED","224"
"24-JUL-2026","SOBHA","SOBHA DEVELOPERS LTD","40"
"24-JUL-2026","SONATSOFTW","SONATA SOFTWARE LIMITED","190"
"24-JUL-2026","SRF","SRF LTD","1,400"
"24-JUL-2026","STAR","STRIDES ARCOLAB LIMITED","12"
"24-JUL-2026","STYLAMIND","STYLAM INDUSTRIES LIMITED","20"
"24-JUL-2026","SUNDARMFIN","SUNDARAM FINANCE LIMITED","14"
"24-JUL-2026","SUNPHARMA","SUN PHARMACEUTICALS IND.","586"
"24-JUL-2026","SUNTV","SUN TV NETWORK LIMITED","40"
"24-JUL-2026","SUPREMEIND","SUPREME INDUSTRIES LTD","10"
"24-JUL-2026","SURYODAY","SURYODAY SMALL FIN BK LTD","1"
"24-JUL-2026","SUVEN","SUVEN LIFE SCIENCES LTD  ","346"
"24-JUL-2026","SUZLON","SUZLON ENERGY LIMITED","14,910"
"24-JUL-2026","SYRMA","SYRMA SGS TECHNOLOGY LTD","112"
"24-JUL-2026","TANLA","TANLA PLATFORMS LIMITED","2,005"
"24-JUL-2026","TATACOMM","TATA COMMUNICATIONS LTD","2"
"24-JUL-2026","TATAELXSI","TATA ELXSI LIMITED       ","77"
"24-JUL-2026","TATAINVEST","TATA INVESTMENT CORPORATION LIMITED","60"
"24-JUL-2026","TATASTEEL","TATA STEEL LIMITED","4,736"
"24-JUL-2026","TATATECH","TATA TECHNOLOGIES LIMITED","119"
"24-JUL-2026","TCS","TATA CONSULTANCY SERV LT","1,687"
"24-JUL-2026","TECHNOE","TECHNOE","28"
"24-JUL-2026","TEJASNET","TEJAS NETWORKS LIMITED","847"
"24-JUL-2026","TFCILTD","TOURISM FINANCE CORP.","35"
"24-JUL-2026","THYROCARE","THYROCARE TECH LTD","1,659"
"24-JUL-2026","TI","TILAKNAGAR INDUSTRIES LTD","33"
"24-JUL-2026","TIPSMUSIC","TIPS MUSIC LIMITED","1"
"24-JUL-2026","TITAGARH","TITAGARH RAIL SYSTEMS","169"
"24-JUL-2026","TITAN","TITAN INDUSTRIES LTD","417"
"24-JUL-2026","TMB","TAMILNAD MERCA BANK LTD","74"
"24-JUL-2026","TRANSRAILL","TRANSRAIL LIGHTING LTD","59"
"24-JUL-2026","TRIDENT","TRIDENT LIMITED","1,960"
"24-JUL-2026","TRITURBINE","TRIVENI TURBINE LIMITED","32"
"24-JUL-2026","UBL","UNITED BREWERIES LIMITED","44"
"24-JUL-2026","UCOBANK","UCO BANK","2,400"
"24-JUL-2026","UJJIVANSFB","UJJIVAN SMALL FINANC BANK","700"
"24-JUL-2026","UNIONBANK","UNION BANK OF INDIA","2,578"
"24-JUL-2026","UNITDSPR","UNITED SPIRITS LIMITED","3"
"24-JUL-2026","UNOMINDA","UNO MINDA LIMITED","18"
"24-JUL-2026","UPL","UPL LIMITED","96"
"24-JUL-2026","URBANCO","URBAN COMPANY LIMITED","100"
"24-JUL-2026","VBL","VARUN BEVERAGES LIMITED    ","541"
"24-JUL-2026","VIJAYA","VIJAYA DIAGNOSTIC CEN LTD","30"
"24-JUL-2026","VTL","VARDHMAN TEXTILES LIMITED    ","31"
"24-JUL-2026","WAAREEENER","WAAREE ENERGIES LIMITED","89"
"24-JUL-2026","WAAREERTL","WAAREE RENEWABLE TECH LTD","64"
"24-JUL-2026","WEBELSOLAR","WEBSOL ENERGY SYSTEM LTD","1"
"24-JUL-2026","WELCORP","WELSPUN CORP LIMITED","106"
"24-JUL-2026","WESTLIFE","WESTLIFE DEVELOPMENT LIMITED","23"
"24-JUL-2026","WOCKPHARMA","WOCKHARDT LIMITED","63"
"24-JUL-2026","YESBANK","YES BANK LIMITED","2"
"24-JUL-2026","ZEEL","ZEE ENTERTAINMENT ENT LTD","2,342"
"24-JUL-2026","ZENSARTECH","ZENSAR TECHNOLOGIES  LTD ","303"
"24-JUL-2026","ZENTEC","ZEN TECHNOLOGIES LIMITED","66"
"24-JUL-2026","ZFCVINDIA","ZF COM VE CTR SYS IND LTD","8"
"24-JUL-2026","ZYDUSWELL","ZYDUS WELLNESS LIMITED","29"
"27-JUL-2026","ADANIPORTS","ADANI PORT & SEZ LTD","100"
"27-JUL-2026","ANANTRAJ","ANANT RAJ LIMITED","7"
"27-JUL-2026","APOLLOHOSP","APOLLO HOSPITALS ENTERPRISE LIMITED","33"
"27-JUL-2026","ARVIND","ARVIND LIMITED","100"
"27-JUL-2026","AUBANK","AU SMALL FINANCE BANK LIMITED","549"
"27-JUL-2026","BAJAJFINSV","BAJAJ FINSERV LIMITED","2"
"27-JUL-2026","BAJFINANCE","BAJAJ FINANCE LIMITED","128"
"27-JUL-2026","BANDHANBNK","BANDHAN BANK LIMITED","50"
"27-JUL-2026","BANKINDIA","BANK OF INDIA","446"
"27-JUL-2026","BECTORFOOD","MRS BECTORS FOOD SPE LTD","1"
"27-JUL-2026","BEL","BHARAT ELECTRONICS LTD","100"
"27-JUL-2026","BIOCON","BIOCON LIMITED.","100"
"27-JUL-2026","BRITANNIA","BRITANNIA INDUSTRIES LIMITED","86"
"27-JUL-2026","CARTRADE","CARTRADE TECH LIMITED","50"
"27-JUL-2026","CDSL","CENTRAL DEPOSITORY SERVICES (INDIA) LIMITED","120"
"27-JUL-2026","CEMPRO","CEMINDIA PROJECTS LIMITED","378"
"27-JUL-2026","CGPOWER","CG POWER AND INDUSTRIAL SOLUTIONS LIMITED","8"
"27-JUL-2026","CIPLA","CIPLA LTD","138"
"27-JUL-2026","COFORGE","COFORGE LIMITED","922"
"27-JUL-2026","CONCOR","CONTAINER CORP OF IND LTD","4"
"27-JUL-2026","CYIENT","CYIENT LIMITED           ","65"
"27-JUL-2026","DABUR","DABUR INDIA LTD","600"
"27-JUL-2026","DEEPINDS","DEEP INDUSTRIES LIMITED","5"
"27-JUL-2026","DIXON","DIXON TECHNO (INDIA) LTD","51"
"27-JUL-2026","ETERNAL","ETERNAL LIMITED","4,051"
"27-JUL-2026","FEDERALBNK","FEDERAL BANK LTD","386"
"27-JUL-2026","GAEL","GAEL","1"
"27-JUL-2026","GALLANTT","GALLANTT ISPAT LIMITED","161"
"27-JUL-2026","GODFRYPHLP","GODFREY PHILLIPS INDIA LT","30"
"27-JUL-2026","GODREJCP","GODREJ CONSUMER PRODUCTS LIMITED","50"
"27-JUL-2026","GRAVITA","GRAVITA INDIA LIMITED","39"
"27-JUL-2026","GSFC","GUJ STATE FERT & CHEM LTD","500"
"27-JUL-2026","HAL","HINDUSTAN AERONAUTICS LTD","10"
"27-JUL-2026","HCLTECH","HCL TECHNOLOGIES LTD","25"
"27-JUL-2026","HEG","HEG LIMITED","800"
"27-JUL-2026","HFCL","HIMACHAL FUTURISTIC COMMUNICATIONS LIMITED","1"
"27-JUL-2026","HINDPETRO","HINDUSTAN PETROLEUM CORP","25"
"27-JUL-2026","ICICIGI","ICICI LOMBARD GENERAL INSURANCE COMPANY LIMITED","72"
"27-JUL-2026","IDFCFIRSTB","IDFC FIRST BANK LIMI","201"
"27-JUL-2026","INDHOTEL","THE INDIAN HOTELS CO. LTD","1,851"
"27-JUL-2026","INFY","INFOSYS TECHNOLOGIES LTD","300"
"27-JUL-2026","INOXWIND","INOX WIND LIMITED        ","55"
"27-JUL-2026","IOC","INDIAN OIL CORP LTD","15"
"27-JUL-2026","IREDA","INDIAN RENEWABLE ENERGY","10"
"27-JUL-2026","J&KBANK","J & K BANK LTD.","100"
"27-JUL-2026","JSWSTEEL","JSW STEEL LIMITED","889"
"27-JUL-2026","KFINTECH","KFIN TECHNOLOGIES LIMITED","106"
"27-JUL-2026","KSB","KSB","2"
"27-JUL-2026","KTKBANK","KARNATAKA BANK LIMITED","115"
"27-JUL-2026","LAURUSLABS","LAURUS LABS LIMITED","159"
"27-JUL-2026","LIQUID","MIRAEAMC - LIQUID","2"
"27-JUL-2026","LLOYDSENT","LLOYDS ENTERPRISES LTD","1"
"27-JUL-2026","LODHA","LODHA","51"
"27-JUL-2026","LTF","L&T FINANCE LIMITED","5"
"27-JUL-2026","LXCHEM","LAXMI ORGANIC INDUS LTD","250"
"27-JUL-2026","MAHABANK","MAHABANK","40"
"27-JUL-2026","MANKIND","MANKIND PHARMA LIMITED","68"
"27-JUL-2026","MARKSANS","MARKSANS PHARMA LIMITED  ","4"
"27-JUL-2026","MAXHEALTH","MAX HEALTHCARE INS LTD","1,116"
"27-JUL-2026","MSUMI","MOTHERSON SUMI WRNG IND L","50"
"27-JUL-2026","NATIONALUM","NATIONAL ALUMINIUM CO LTD","685"
"27-JUL-2026","NAUKRI","INFO EDGE (I) LTD","27"
"27-JUL-2026","NAVINFLUOR","NAVIN FLUORINE INT. LTD","15"
"27-JUL-2026","NBCC","NATIONAL BUILDINGS LTD   ","785"
"27-JUL-2026","NEOGEN","NEOGEN CHEMICALS LIMITED","1"
"27-JUL-2026","NHPC","NHPC LTD","41,700"
"27-JUL-2026","NMDC","NMDC LTD.","300"
"27-JUL-2026","OFSS","Oracle Financial Services Software Limited","146"
"27-JUL-2026","PAGEIND","PAGE INDUSTRIES LTD","3"
"27-JUL-2026","PAYTM","ONE 97 COMMUNICATIONS LTD","136"
"27-JUL-2026","PFC","POWER FIN CORP LTD.","500"
"27-JUL-2026","PGEL","PG ELECTROPLAST LTD","101"
"27-JUL-2026","PHOENIXLTD","THE PHOENIX MILLS LIMITED","65"
"27-JUL-2026","PNBHOUSING","PNB HOUSING FIN LTD.   ","8"
"27-JUL-2026","PNGJL","P N GADGIL JEWELLERS LTD","1"
"27-JUL-2026","PREMIERENE","PREMIER ENERGIES LIMITED","705"
"27-JUL-2026","RAIN","RAIN INDUSTRIES LIMITED","1"
"27-JUL-2026","RATNAMANI","RATNAMANI","1"
"27-JUL-2026","RBLBANK","RBL BANK LIMITED    ","2,318"
"27-JUL-2026","REDINGTON","REDINGTON (INDIA) LTD.","88"
"27-JUL-2026","REFEX","REFEX INDUSTRIES LIMITED","4,197"
"27-JUL-2026","RELIANCE","RELIANCE INDUSTRIES LTD","3"
"27-JUL-2026","ROLEXRINGS","ROLEX RINGS LIMITED","1"
"27-JUL-2026","RRKABEL","R R KABEL LIMITED","40"
"27-JUL-2026","SAGILITY","SAGILITY INDIA LIMITED","2,000"
"27-JUL-2026","SAIL","STEEL AUTHORITY OF INDIA","50"
"27-JUL-2026","SAMBHV","SAMBHV STEEL TUBES LTD","1"
"27-JUL-2026","SAMHI","SAMHI HOTELS LIMITED","2"
"27-JUL-2026","SAMMAANCAP","SAMMAAN CAPITAL LIMITED","601"
"27-JUL-2026","SATIN","SATIN CREDITCARE NETWORK LIMITED","1"
"27-JUL-2026","SBICARD","SBI CARDS & PAY SER LTD","1,278"
"27-JUL-2026","SBILIFE","SBI LIFE INSURANCE COMPANY LIMITED","115"
"27-JUL-2026","SCHNEIDER","SCHNEIDER ELECTRIC INFRA","5"
"27-JUL-2026","SHREECEM","SHREE CEMENTS LTD","4"
"27-JUL-2026","SONATSOFTW","SONATA SOFTWARE LIMITED","16"
"27-JUL-2026","SUNPHARMA","SUN PHARMACEUTICALS IND.","1,760"
"27-JUL-2026","SUPREMEIND","SUPREME INDUSTRIES LTD","39"
"27-JUL-2026","SUZLON","SUZLON ENERGY LIMITED","1,344"
"27-JUL-2026","SYNGENE","SYNGENE INTERNATIONAL LTD","217"
"27-JUL-2026","TARC","TARC LIMITED","1"
"27-JUL-2026","TARIL","TRANS & RECTI. LTD","1"
"27-JUL-2026","TATACONSUM","TATA CONSUMER PRODUCT","100"
"27-JUL-2026","TCS","TATA CONSULTANCY SERV LT","400"
"27-JUL-2026","TFCILTD","TOURISM FINANCE CORP.","1"
"27-JUL-2026","TIINDIA","TUBE INVEST OF INDIA LTD","42"
"27-JUL-2026","TITAN","TITAN INDUSTRIES LTD","292"
"27-JUL-2026","TRIVENI","TRIVENI ENGG. & INDS. LTD","2"
"27-JUL-2026","TVSMOTOR","TVS MOTOR COMPANY  LTD","16"
"27-JUL-2026","UJJIVANSFB","UJJIVAN SMALL FINANC BANK","756"
"27-JUL-2026","UNOMINDA","UNO MINDA LIMITED","21"
"27-JUL-2026","UPL","UPL LIMITED","50"
"27-JUL-2026","ZEEL","ZEE ENTERTAINMENT ENT LTD","2,000"
"28-JUL-2026","ABB","ABB LTD.","375"
"28-JUL-2026","ABREL","ADITYA BIRLA REAL EST LTD","30"
"28-JUL-2026","ADANIENSOL","ADANI ENERGY SOLUTION LTD","40"
"28-JUL-2026","ADANIENT","ADANI ENTERPRISES LIMITED","618"
"28-JUL-2026","ADANIGREEN","ADANI GREEN ENERGY LTD","610"
"28-JUL-2026","ADANIPORTS","ADANI PORT & SEZ LTD","453"
"28-JUL-2026","ADANIPOWER","ADANI POWER LTD","24,850"
"28-JUL-2026","AGIIL","AGI INFRA LIMITED","9"
"28-JUL-2026","ALKEM","ALKEM LABORATORIES LTD.","125"
"28-JUL-2026","AMBER","AMBER ENTERPRISES (I) LTD","100"
"28-JUL-2026","AMBUJACEM","AMBUJA CEMENTS LTD","1,200"
"28-JUL-2026","APLAPOLLO","APL APOLLO TUBES LTD","1,050"
"28-JUL-2026","APOLLOHOSP","APOLLO HOSPITALS ENTERPRISE LIMITED","253"
"28-JUL-2026","ASHOKLEY","ASHOK LEYLAND LTD","14,996"
"28-JUL-2026","ASIANPAINT","ASIAN PAINTS LIMITED","1,085"
"28-JUL-2026","ASTRAL","ASTRAL POLY TECHNIK LIMITED","10,395"
"28-JUL-2026","AUBANK","AU SMALL FINANCE BANK LIMITED","2,022"
"28-JUL-2026","AUROPHARMA","AUROBINDO PHARMA LTD","1,100"
"28-JUL-2026","AXISBANK","AXIS BANK LIMITED","625"
"28-JUL-2026","BAJAJ-AUTO","BAJAJ AUTO LIMITED","1,488"
"28-JUL-2026","BAJFINANCE","BAJAJ FINANCE LIMITED","3,767"
"28-JUL-2026","BALRAMCHIN","BALRAMPUR CHINI MILLS LTD","100"
"28-JUL-2026","BANDHANBNK","BANDHAN BANK LIMITED","21,625"
"28-JUL-2026","BDL","BHARAT DYNAMICS LIMITED","500"
"28-JUL-2026","BECTORFOOD","MRS BECTORS FOOD SPE LTD","1"
"28-JUL-2026","BEL","BHARAT ELECTRONICS LTD","4,650"
"28-JUL-2026","BHARATFORG","BHARAT FORGE LTD","5,000"
"28-JUL-2026","BHARTIARTL","BHARTI AIRTEL LIMITED","3,803"
"28-JUL-2026","BHEL","BHEL","2,696"
"28-JUL-2026","BIOCON","BIOCON LIMITED.","9,000"
"28-JUL-2026","BLUESTARCO","BLUE STAR LIMITED","325"
"28-JUL-2026","BOSCHLTD","BOSCH LIMITED","150"
"28-JUL-2026","BPCL","BHARAT PETROLEUM CORP  LT","16,811"
"28-JUL-2026","BRITANNIA","BRITANNIA INDUSTRIES LIMITED","250"
"28-JUL-2026","BSE","BSE LIMITED","1,000"
"28-JUL-2026","BSOFT","BIRLASOFT LIMITED","31"
"28-JUL-2026","CAMS","COMPUTER AGE MGMT SER LTD","375"
"28-JUL-2026","CDSL","CENTRAL DEPOSITORY SERVICES (INDIA) LIMITED","1,899"
"28-JUL-2026","CEMPRO","CEMINDIA PROJECTS LIMITED","1"
"28-JUL-2026","CGPOWER","CG POWER AND INDUSTRIAL SOLUTIONS LIMITED","850"
"28-JUL-2026","CHOLAFIN","CHOLAMANDALAM IN & FIN CO","6,965"
"28-JUL-2026","CIPLA","CIPLA LTD","2,550"
"28-JUL-2026","COALINDIA","COALINDIA","4,050"
"28-JUL-2026","COCHINSHIP","COCHIN SHIPYARD LIMITED","3"
"28-JUL-2026","COFORGE","COFORGE LIMITED","99,313"
"28-JUL-2026","COLPAL","COLGATE PALMOLIVE LTD.","50"
"28-JUL-2026","CONCOR","CONTAINER CORP OF IND LTD","4,775"
"28-JUL-2026","CUB","CITY UNION BANK LTD      ","500"
"28-JUL-2026","CUMMINSIND","CUMMINS INDIA LTD","200"
"28-JUL-2026","DABUR","DABUR INDIA LTD","1,250"
"28-JUL-2026","DALBHARAT","DALMIA BHARAT LIMITED","650"
"28-JUL-2026","DIVISLAB","DIVI'S LABORATORIES LTD","200"
"28-JUL-2026","DIXON","DIXON TECHNO (INDIA) LTD","2,120"
"28-JUL-2026","DLF","DLF LIMITED","14,605"
"28-JUL-2026","DMART","AVENUE SUPERMARTS LIMITED","2,350"
"28-JUL-2026","DRREDDY","DR. REDDY'S LABORATORIES","626"
"28-JUL-2026","EICHERMOT","EICHER MOTORS LIMITED","301"
"28-JUL-2026","EIHOTEL","EIH LIMITED","220"
"28-JUL-2026","EQUAL50ADD","DSPAMC - DSPNEWETF","1"
"28-JUL-2026","ETERNAL","ETERNAL LIMITED","93,886"
"28-JUL-2026","EXIDEIND","EXIDE INDUSTRIES LTD","1,600"
"28-JUL-2026","FEDERALBNK","FEDERAL BANK LTD","75,000"
"28-JUL-2026","GAIL","GAIL (INDIA) LTD","400"
"28-JUL-2026","GALLANTT","GALLANTT ISPAT LIMITED","2,866"
"28-JUL-2026","GLAXO","GLAXOSMITHKLINE PHARMA LT","20"
"28-JUL-2026","GLENMARK","GLENMARK PHARMACEUTICALS LIMITED","1,125"
"28-JUL-2026","GMRAIRPORT","GMR AIRPORTS LIMITED","1"
"28-JUL-2026","GODFRYPHLP","GODFREY PHILLIPS INDIA LT","5,979"
"28-JUL-2026","GODREJCP","GODREJ CONSUMER PRODUCTS LIMITED","1,000"
"28-JUL-2026","GODREJIND","GODREJ INDUSTRIES LTD","300"
"28-JUL-2026","GRANULES","GRANULES INDIA LIMITED   ","10"
"28-JUL-2026","GRASIM","GRASIM INDUSTRIES LTD","250"
"28-JUL-2026","GROWW","BILLIONBRAINS GARAGE VN L","2,000"
"28-JUL-2026","HAL","HINDUSTAN AERONAUTICS LTD","1,654"
"28-JUL-2026","HAVELLS","HAVELLS INDIA LIMITED","1,909"
"28-JUL-2026","HCLTECH","HCL TECHNOLOGIES LTD","6,675"
"28-JUL-2026","HDFCBANK","HDFC BANK LTD","16,922"
"28-JUL-2026","HDFCLIFE","HDFC STANDARD LIFE INSURANCE COMPANY LIMITED","1,100"
"28-JUL-2026","HEG","HEG LIMITED","250"
"28-JUL-2026","HEROMOTOCO","HERO MOTOCORP LTD","440"
"28-JUL-2026","HINDALCO","HINDALCO  INDUSTRIES  LTD","2,800"
"28-JUL-2026","HINDPETRO","HINDUSTAN PETROLEUM CORP","8,301"
"28-JUL-2026","HINDUNILVR","HINDUSTAN UNILEVER LTD.","300"
"28-JUL-2026","HYUNDAI","HYUNDAI MOTOR INDIA LTD","7,670"
"28-JUL-2026","ICICIBANK","ICICI BANK LTD.","7,180"
"28-JUL-2026","ICICIGI","ICICI LOMBARD GENERAL INSURANCE COMPANY LIMITED","327"
"28-JUL-2026","ICICIPRULI","ICICI PRU LIFE INS CO LTD ","4,359"
"28-JUL-2026","IDBI","IDBI Bank Limited","200"
"28-JUL-2026","IDEA","Vodafone Idea Limited","71,475"
"28-JUL-2026","IDFCFIRSTB","IDFC FIRST BANK LIMI","55,950"
"28-JUL-2026","IEX","INDIAN ENERGY EXCHANGE LIMITED","15,101"
"28-JUL-2026","IIFL","IIFL HOLDINGS LIMITED","2"
"28-JUL-2026","INDHOTEL","THE INDIAN HOTELS CO. LTD","2,500"
"28-JUL-2026","INDIGO","INTERGLOBE AVIATION LTD  ","4,847"
"28-JUL-2026","INDUSINDBK","INDUSIND BANK LIMITED","1,400"
"28-JUL-2026","INDUSTOWER","INDUS","1,700"
"28-JUL-2026","INFY","INFOSYS TECHNOLOGIES LTD","15,249"
"28-JUL-2026","INOXWIND","INOX WIND LIMITED        ","51,200"
"28-JUL-2026","IOC","INDIAN OIL CORP LTD","4,378"
"28-JUL-2026","IONEXCHANG","ION EXCHANGE (INDIA) LTD","500"
"28-JUL-2026","IREDA","INDIAN RENEWABLE ENERGY","9,050"
"28-JUL-2026","IRFC","IRFC","10,850"
"28-JUL-2026","ITBEES","NIP IND ETF IT","1"
"28-JUL-2026","ITC","ITC LTD","6,850"
"28-JUL-2026","JINDWORLD","JINDAL WORLDWIDE LTD","2,500"
"28-JUL-2026","JIOFIN","JIO FIN SERVICES LTD","600"
"28-JUL-2026","JUBLFOOD","JUBILANT FOODWORKS LTD","15,000"
"28-JUL-2026","KALYANKJIL","KALYAN JEWELLERS IND LTD","1,03,830"
"28-JUL-2026","KAYNES","KAYNES TECHNOLOGY IND LTD","150"
"28-JUL-2026","KFINTECH","KFIN TECHNOLOGIES LIMITED","8,700"
"28-JUL-2026","KOTAKBANK","KOTAK MAHINDRA BANK LTD","1,960"
"28-JUL-2026","KPITTECH","KPIT TECHNOLOGIES LTD","3,875"
"28-JUL-2026","KRISHANA","KRISHANA PHOSCHEM LIMITED","15"
"28-JUL-2026","LAURUSLABS","LAURUS LABS LIMITED","15,050"
"28-JUL-2026","LEMONTREE","LEMON TREE HOTELS LTD","100"
"28-JUL-2026","LICHSGFIN","LIC HOUSING FINANCE LTD","3,000"
"28-JUL-2026","LICI","LIFE INSURA CORP OF INDIA","2,903"
"28-JUL-2026","LIQUIDBEES","NIP IND ETF LIQUID BEES","1"
"28-JUL-2026","LODHA","LODHA","23,443"
"28-JUL-2026","LT","LARSEN & TOUBRO LTD.","140"
"28-JUL-2026","LTM","LTIMINDTREE LIMITED","300"
"28-JUL-2026","LUPIN","LUPIN LIMITED","425"
"28-JUL-2026","M&M","MAHINDRA & MAHINDRA LTD","789"
"28-JUL-2026","M&MFIN","MAHINDRA & MAHINDRA FINANCIAL SERVICES LIMITED","1,001"
"28-JUL-2026","MANAPPURAM","MANAPPURAM FINANCE LTD","6,001"
"28-JUL-2026","MANKIND","MANKIND PHARMA LIMITED","19"
"28-JUL-2026","MARICO","MARICO LIMITED","1,200"
"28-JUL-2026","MARKSANS","MARKSANS PHARMA LIMITED  ","100"
"28-JUL-2026","MARUTI","MARUTI SUZUKI INDIA LTD.","301"
"28-JUL-2026","MAXHEALTH","MAX HEALTHCARE INS LTD","3,672"
"28-JUL-2026","MCX","MULTI COMMODITY EXCHANGE OF INDIA LIMITED","450"
"28-JUL-2026","MOMENTUM30","KOTAKMAMC - MOMENTUM30","1"
"28-JUL-2026","MOTHERSON","SAMVRDHNA MTHRSN INT","22,850"
"28-JUL-2026","MOTILALOFS","MOTILAL OSWAL FIN LTD   ","775"
"28-JUL-2026","MPHASIS","MPHASIS LIMITED","829"
"28-JUL-2026","NAM-INDIA","NIPPON L I A M LTD","5,000"
"28-JUL-2026","NATIONALUM","NATIONAL ALUMINIUM CO LTD","6,125"
"28-JUL-2026","NAUKRI","INFO EDGE (I) LTD","7,527"
"28-JUL-2026","NBCC","NATIONAL BUILDINGS LTD   ","13,000"
"28-JUL-2026","NESTLEIND","NESTLE INDIA LIMITED","1,000"
"28-JUL-2026","NETWEB","NETWEB TECH INDIA LTD","100"
"28-JUL-2026","NHPC","NHPC LTD","20,850"
"28-JUL-2026","NMDC","NMDC LTD.","16,109"
"28-JUL-2026","NTPC","NTPC LTD","6,000"
"28-JUL-2026","NUVAMA","NUVAMA WEALTH MANAGE LTD","1,000"
"28-JUL-2026","NYKAA","FSN E COMMERCE VENTURES","53,582"
"28-JUL-2026","OBEROIRLTY","OBEROI REALTY LIMITED","350"
"28-JUL-2026","OFSS","Oracle Financial Services Software Limited","353"
"28-JUL-2026","OIL","OIL INDIA LTD","33,600"
"28-JUL-2026","ONESOURCE","ONESOURCE SPECL PHARMA L","10"
"28-JUL-2026","ONGC","OIL AND NATURAL GAS CORP.","2,250"
"28-JUL-2026","PAGEIND","PAGE INDUSTRIES LTD","20"
"28-JUL-2026","PATANJALI","PATANJALI FOODS LIMITED","1,075"
"28-JUL-2026","PAYTM","ONE 97 COMMUNICATIONS LTD","7,178"
"28-JUL-2026","PERSISTENT","PERSISTENT SYSTEMS LTD","5,201"
"28-JUL-2026","PETRONET","PETRONET LNG LIMITED","13,378"
"28-JUL-2026","PFC","POWER FIN CORP LTD.","1"
"28-JUL-2026","PGEL","PG ELECTROPLAST LTD","250"
"28-JUL-2026","PIIND","PI INDUSTRIES LTD        ","175"
"28-JUL-2026","PINELABS","PINE LABS LIMITED","200"
"28-JUL-2026","PNB","PUNJAB NATIONAL BANK","48,000"
"28-JUL-2026","POLICYBZR","PB FINTECH LIMITED","1,050"
"28-JUL-2026","POLYCAB","POLYCAB INDIA LIMITED","375"
"28-JUL-2026","POWERGRID","POWER GRID CORP. LTD.","3,800"
"28-JUL-2026","POWERINDIA","ABB POWER PRO N SYS IND L","25"
"28-JUL-2026","PRESTIGE","PRESTIGE ESTATES PROJECTS LIMITED","34"
"28-JUL-2026","PRICOLLTD","PRICOL LIMITED","400"
"28-JUL-2026","PSUBANK","KOTAK PSU BANK","2"
"28-JUL-2026","RADICO","RADICO KHAITAN LIMITED","112"
"28-JUL-2026","RBLBANK","RBL BANK LIMITED    ","12,800"
"28-JUL-2026","RELIANCE","RELIANCE INDUSTRIES LTD","8,360"
"28-JUL-2026","SAIL","STEEL AUTHORITY OF INDIA","4,700"
"28-JUL-2026","SBICARD","SBI CARDS & PAY SER LTD","14,160"
"28-JUL-2026","SBILIFE","SBI LIFE INSURANCE COMPANY LIMITED","20"
"28-JUL-2026","SBIN","STATE BANK OF INDIA","3,670"
"28-JUL-2026","SENCO","SENCO GOLD LIMITED","14"
"28-JUL-2026","SHADOWFAX","SHADOWFAX TECHNOLOGIES L","9"
"28-JUL-2026","SHRIRAMFIN","SHRIRAM FINANCE LIMITED","1,650"
"28-JUL-2026","SONACOMS","SONA BLW PRECISION FRGS L","1,225"
"28-JUL-2026","SOUTHBANK","THE SOUTH INDIAN BANK LTD","250"
"28-JUL-2026","SUNPHARMA","SUN PHARMACEUTICALS IND.","4,200"
"28-JUL-2026","SUPREMEIND","SUPREME INDUSTRIES LTD","175"
"28-JUL-2026","SUZLON","SUZLON ENERGY LIMITED","9,60,659"
"28-JUL-2026","SWIGGY","SWIGGY LIMITED","1,850"
"28-JUL-2026","TATACAP","TATA CAPITAL LIMITED","900"
"28-JUL-2026","TATAELXSI","TATA ELXSI LIMITED       ","700"
"28-JUL-2026","TATAPOWER","TATA POWER CO LTD","7,700"
"28-JUL-2026","TATASTEEL","TATA STEEL LIMITED","2,750"
"28-JUL-2026","TCS","TATA CONSULTANCY SERV LT","26,551"
"28-JUL-2026","TECHM","TECH MAHINDRA LIMITED","11,790"
"28-JUL-2026","TIINDIA","TUBE INVEST OF INDIA LTD","20"
"28-JUL-2026","TIMEX","TIMEX GROUP INDIA LTD.","1"
"28-JUL-2026","TITAN","TITAN INDUSTRIES LTD","15,073"
"28-JUL-2026","TMPV","TATA MOTORS PASS VEH LTD","6,293"
"28-JUL-2026","TORNTPHARM","TORRENT PHARMACEUTICALS L","750"
"28-JUL-2026","TRENT","TRENT LIMITED","675"
"28-JUL-2026","TVSMOTOR","TVS MOTOR COMPANY  LTD","2,100"
"28-JUL-2026","ULTRACEMCO","ULTRATECH CEMENT LIMITED","300"
"28-JUL-2026","UNIONBANK","UNION BANK OF INDIA","4,435"
"28-JUL-2026","UNITDSPR","UNITED SPIRITS LIMITED","3,690"
"28-JUL-2026","UNOMINDA","UNO MINDA LIMITED","550"
"28-JUL-2026","UPL","UPL LIMITED","1,355"
"28-JUL-2026","VBL","VARUN BEVERAGES LIMITED    ","6,876"
"28-JUL-2026","VEDL","VEDANTA LIMITED","4,280"
"28-JUL-2026","VMM","VISHAL MEGA MART LIMITED","4,850"
"28-JUL-2026","VOLTAS","VOLTAS LTD","1,875"
"28-JUL-2026","WAAREEENER","WAAREE ENERGIES LIMITED","175"
"28-JUL-2026","WIPRO","WIPRO LTD","1,79,299"
"28-JUL-2026","WOCKPHARMA","WOCKHARDT LIMITED","4"
"28-JUL-2026","YESBANK","YES BANK LIMITED","31,100"
"28-JUL-2026","ZEEL","ZEE ENTERTAINMENT ENT LTD","1,000"
"28-JUL-2026","ZENSARTECH","ZENSAR TECHNOLOGIES  LTD ","2,000"
"29-JUL-2026","ABB","ABB LTD.","5"
"29-JUL-2026","ABCAPITAL","ADITYA BIRLA CAPITAL LIMITED","1"
"29-JUL-2026","ACE","ACTION CONST EQUIP LTD","450"
"29-JUL-2026","ADANIENT","ADANI ENTERPRISES LIMITED","50"
"29-JUL-2026","ADANIPORTS","ADANI PORT & SEZ LTD","503"
"29-JUL-2026","AMBER","AMBER ENTERPRISES (I) LTD","8"
"29-JUL-2026","AMBUJACEM","AMBUJA CEMENTS LTD","953"
"29-JUL-2026","ASIANPAINT","ASIAN PAINTS LIMITED","204"
"29-JUL-2026","AUBANK","AU SMALL FINANCE BANK LIMITED","12"
"29-JUL-2026","AXISCADES","AXISCADES ENGG TECH LTD  ","193"
"29-JUL-2026","BAJAJ-AUTO","BAJAJ AUTO LIMITED","4"
"29-JUL-2026","BAJFINANCE","BAJAJ FINANCE LIMITED","2"
"29-JUL-2026","BANDHANBNK","BANDHAN BANK LIMITED","450"
"29-JUL-2026","BHARATFORG","BHARAT FORGE LTD","50"
"29-JUL-2026","BHEL","BHEL","43"
"29-JUL-2026","BIOCON","BIOCON LIMITED.","200"
"29-JUL-2026","BSOFT","BIRLASOFT LIMITED","31"
"29-JUL-2026","CHOLAFIN","CHOLAMANDALAM IN & FIN CO","556"
"29-JUL-2026","CIPLA","CIPLA LTD","1,063"
"29-JUL-2026","COALINDIA","COALINDIA","98"
"29-JUL-2026","COFORGE","COFORGE LIMITED","50"
"29-JUL-2026","COLPAL","COLGATE PALMOLIVE LTD.","825"
"29-JUL-2026","CROMPTON","CROMPT GREA CON ELEC LTD  ","2"
"29-JUL-2026","CUB","CITY UNION BANK LTD      ","1"
"29-JUL-2026","CUPID","CUPID LIMITED","15"
"29-JUL-2026","CYIENT","CYIENT LIMITED           ","100"
"29-JUL-2026","DEVYANI","DEVYANI INTERNATIONAL LTD","2,000"
"29-JUL-2026","DIACABS","DIAMOND POWER INFRA LTD","15,227"
"29-JUL-2026","DIXON","DIXON TECHNO (INDIA) LTD","578"
"29-JUL-2026","EASEMYTRIP","EASY TRIP PLANNERS LTD","2"
"29-JUL-2026","ETERNAL","ETERNAL LIMITED","7,150"
"29-JUL-2026","EXIDEIND","EXIDE INDUSTRIES LTD","255"
"29-JUL-2026","FEDERALBNK","FEDERAL BANK LTD","3"
"29-JUL-2026","FINEORG","FINE ORGANIC IND. LTD","1"
"29-JUL-2026","FSL","FIRSTSOURCE SOLU. LTD.","86"
"29-JUL-2026","GAIL","GAIL (INDIA) LTD","50"
"29-JUL-2026","GALLANTT","GALLANTT ISPAT LIMITED","491"
"29-JUL-2026","GLENMARK","GLENMARK PHARMACEUTICALS LIMITED","48"
"29-JUL-2026","GNFC","GUJARAT NARMADA FERT. CO","1"
"29-JUL-2026","GODFRYPHLP","GODFREY PHILLIPS INDIA LT","38"
"29-JUL-2026","GROWW","BILLIONBRAINS GARAGE VN L","13,000"
"29-JUL-2026","GVPIL","GE POWER INDIA LIMITED","2"
"29-JUL-2026","HAL","HINDUSTAN AERONAUTICS LTD","169"
"29-JUL-2026","HCLTECH","HCL TECHNOLOGIES LTD","102"
"29-JUL-2026","HDFCBANK","HDFC BANK LTD","2,296"
"29-JUL-2026","HEG","HEG LIMITED","5,100"
"29-JUL-2026","HINDUNILVR","HINDUSTAN UNILEVER LTD.","21"
"29-JUL-2026","ICICIBANK","ICICI BANK LTD.","1,245"
"29-JUL-2026","IDFCFIRSTB","IDFC FIRST BANK LIMI","4,125"
"29-JUL-2026","IEX","INDIAN ENERGY EXCHANGE LIMITED","900"
"29-JUL-2026","IIFL","IIFL HOLDINGS LIMITED","13"
"29-JUL-2026","INDIGO","INTERGLOBE AVIATION LTD  ","149"
"29-JUL-2026","INDUSINDBK","INDUSIND BANK LIMITED","227"
"29-JUL-2026","INFRABEES","INFRA GOLDMAN SACHS ETF  ","12"
"29-JUL-2026","INFY","INFOSYS TECHNOLOGIES LTD","1,822"
"29-JUL-2026","INOXWIND","INOX WIND LIMITED        ","700"
"29-JUL-2026","ITC","ITC LTD","93"
"29-JUL-2026","ITCHOTELS","ITC HOTELS LIMITED","9"
"29-JUL-2026","JIOFIN","JIO FIN SERVICES LTD","300"
"29-JUL-2026","JSWCEMENT","JSW CEMENT LIMITED","1,506"
"29-JUL-2026","JSWSTEEL","JSW STEEL LIMITED","5"
"29-JUL-2026","KALYANKJIL","KALYAN JEWELLERS IND LTD","8,203"
"29-JUL-2026","KAYNES","KAYNES TECHNOLOGY IND LTD","16"
"29-JUL-2026","KEI","KEI INDUSTRIES LTD.      ","15"
"29-JUL-2026","KPITTECH","KPIT TECHNOLOGIES LTD","300"
"29-JUL-2026","KTKBANK","KARNATAKA BANK LIMITED","1"
"29-JUL-2026","LICHSGFIN","LIC HOUSING FINANCE LTD","108"
"29-JUL-2026","LODHA","LODHA","121"
"29-JUL-2026","LT","LARSEN & TOUBRO LTD.","2"
"29-JUL-2026","LUPIN","LUPIN LIMITED","213"
"29-JUL-2026","MANAPPURAM","MANAPPURAM FINANCE LTD","25"
"29-JUL-2026","MARUTI","MARUTI SUZUKI INDIA LTD.","2"
"29-JUL-2026","MPHASIS","MPHASIS LIMITED","270"
"29-JUL-2026","NAUKRI","INFO EDGE (I) LTD","30"
"29-JUL-2026","NESTLEIND","NESTLE INDIA LIMITED","1"
"29-JUL-2026","NETWEB","NETWEB TECH INDIA LTD","33"
"29-JUL-2026","NEWGEN","NEWGEN","9"
"29-JUL-2026","ONGC","OIL AND NATURAL GAS CORP.","693"
"29-JUL-2026","PARADEEP","PARADEEP PHOSPHATES LTD","279"
"29-JUL-2026","PAYTM","ONE 97 COMMUNICATIONS LTD","2,207"
"29-JUL-2026","PCBL","PCBL LIMITED","200"
"29-JUL-2026","PERSISTENT","PERSISTENT SYSTEMS LTD","541"
"29-JUL-2026","PGEL","PG ELECTROPLAST LTD","25"
"29-JUL-2026","PHOENIXLTD","THE PHOENIX MILLS LIMITED","89"
"29-JUL-2026","PRESTIGE","PRESTIGE ESTATES PROJECTS LIMITED","3,000"
"29-JUL-2026","PWL","PHYSICSWALLAH LIMITED","1"
"29-JUL-2026","RADICO","RADICO KHAITAN LIMITED","25"
"29-JUL-2026","RAIN","RAIN INDUSTRIES LIMITED","90"
"29-JUL-2026","RAINBOW","RAINBOW CHILDRENS MED LTD","150"
"29-JUL-2026","REFEX","REFEX INDUSTRIES LIMITED","300"
"29-JUL-2026","RELIANCE","RELIANCE INDUSTRIES LTD","1"
"29-JUL-2026","SAIL","STEEL AUTHORITY OF INDIA","100"
"29-JUL-2026","SMLMAH","SML Mahindra Limited","11,376"
"29-JUL-2026","SOLARINDS","SOLAR INDUSTRIES (I) LTD","9"
"29-JUL-2026","SONATSOFTW","SONATA SOFTWARE LIMITED","469"
"29-JUL-2026","SUNPHARMA","SUN PHARMACEUTICALS IND.","225"
"29-JUL-2026","SWIGGY","SWIGGY LIMITED","1,00,500"
"29-JUL-2026","TATACONSUM","TATA CONSUMER PRODUCT","149"
"29-JUL-2026","TATAELXSI","TATA ELXSI LIMITED       ","1,034"
"29-JUL-2026","TCS","TATA CONSULTANCY SERV LT","15,087"
"29-JUL-2026","TEJASNET","TEJAS NETWORKS LIMITED","45"
"29-JUL-2026","TFCILTD","TOURISM FINANCE CORP.","1"
"29-JUL-2026","TMPV","TATA MOTORS PASS VEH LTD","609"
"29-JUL-2026","TORNTPHARM","TORRENT PHARMACEUTICALS L","64"
"29-JUL-2026","TVSMOTOR","TVS MOTOR COMPANY  LTD","10"
"29-JUL-2026","UJJIVANSFB","UJJIVAN SMALL FINANC BANK","764"
"29-JUL-2026","UNITDSPR","UNITED SPIRITS LIMITED","118"
"29-JUL-2026","UPL","UPL LIMITED","100"
"29-JUL-2026","VBL","VARUN BEVERAGES LIMITED    ","420"
"29-JUL-2026","WAAREEENER","WAAREE ENERGIES LIMITED","1,882"
"29-JUL-2026","WIPRO","WIPRO LTD","600"
"30-JUL-2026","ABB","ABB LTD.","2"
"30-JUL-2026","AJANTPHARM","AJANTA PHARMA LIMITED","100"
"30-JUL-2026","AMAGI","AMAGI MEDIA LABS LIMITED","17"
"30-JUL-2026","ANGELONE","ANGEL ONE LTD","498"
"30-JUL-2026","APARINDS","APAR INDUSTRIES LTD.","1"
"30-JUL-2026","ASIANPAINT","ASIAN PAINTS LIMITED","195"
"30-JUL-2026","ASTRAL","ASTRAL POLY TECHNIK LIMITED","2,125"
"30-JUL-2026","BAJFINANCE","BAJAJ FINANCE LIMITED","690"
"30-JUL-2026","BALKRISIND","BALKRISHNA IND. LTD      ","5"
"30-JUL-2026","BHARTIARTL","BHARTI AIRTEL LIMITED","10"
"30-JUL-2026","BLS","BLS INTL SERVS LTD","42"
"30-JUL-2026","BOSCHLTD","BOSCH LIMITED","1"
"30-JUL-2026","CAPACITE","CAPACITE INFRAPROJECT LTD","46"
"30-JUL-2026","CMPDI","CENTRAL MINE P N D INST L","1,208"
"30-JUL-2026","CMSINFO","CMS INFO SYSTEMS LIMITED","5"
"30-JUL-2026","COCHINSHIP","COCHIN SHIPYARD LIMITED","2"
"30-JUL-2026","CSBBANK","CSBBANK","30"
"30-JUL-2026","DIXON","DIXON TECHNO (INDIA) LTD","8,700"
"30-JUL-2026","DYNAMATECH","DYNAMATIC TECHNOLOGIES","1"
"30-JUL-2026","ETERNAL","ETERNAL LIMITED","8"
"30-JUL-2026","EXIDEIND","EXIDE INDUSTRIES LTD","10"
"30-JUL-2026","FINPIPE","FINOLEX INDUSTRIES LTD","19"
"30-JUL-2026","FSL","FIRSTSOURCE SOLU. LTD.","5,000"
"30-JUL-2026","GAEL","GAEL","1"
"30-JUL-2026","GMMPFAUDLR","GMM PFAUDLR LIMITED","3"
"30-JUL-2026","GODIGIT","GO DIGIT GENERAL INS LTD","1"
"30-JUL-2026","GOKULAGRO","GOKUL AGRO RESOURCES LTD","1"
"30-JUL-2026","GSFC","GUJ STATE FERT & CHEM LTD","8,100"
"30-JUL-2026","HDFCBANK","HDFC BANK LTD","32"
"30-JUL-2026","HDFCLIFE","HDFC STANDARD LIFE INSURANCE COMPANY LIMITED","238"
"30-JUL-2026","HDFCNEXT50","HDFCAMC - HDFCNEXT50","50"
"30-JUL-2026","HEG","HEG LIMITED","800"
"30-JUL-2026","HINDUNILVR","HINDUSTAN UNILEVER LTD.","5"
"30-JUL-2026","HYUNDAI","HYUNDAI MOTOR INDIA LTD","2"
"30-JUL-2026","ICICIBANK","ICICI BANK LTD.","1,021"
"30-JUL-2026","IDEA","Vodafone Idea Limited","2,349"
"30-JUL-2026","IDFCFIRSTB","IDFC FIRST BANK LIMI","100"
"30-JUL-2026","INDHOTEL","THE INDIAN HOTELS CO. LTD","10"
"30-JUL-2026","INDUSINDBK","INDUSIND BANK LIMITED","61"
"30-JUL-2026","IRFC","IRFC","2,000"
"30-JUL-2026","JIOFIN","JIO FIN SERVICES LTD","2"
"30-JUL-2026","KAYNES","KAYNES TECHNOLOGY IND LTD","24"
"30-JUL-2026","KERNEX","KERNEX MICROSYS(I) LTD","1"
"30-JUL-2026","KMEW","KNOWLEDGE MARINE & EN W L","1"
"30-JUL-2026","KPITTECH","KPIT TECHNOLOGIES LTD","20"
"30-JUL-2026","LENSKART","LENSKART SOLUTIONS LTD","25"
"30-JUL-2026","LICI","LIFE INSURA CORP OF INDIA","23,660"
"30-JUL-2026","LIQUIDBEES","NIP IND ETF LIQUID BEES","4"
"30-JUL-2026","LOTUSDEV","SRI LOTUS DEVLPRS N RTY L","12"
"30-JUL-2026","LT","LARSEN & TOUBRO LTD.","12"
"30-JUL-2026","LTM","LTIMINDTREE LIMITED","2"
"30-JUL-2026","M&M","MAHINDRA & MAHINDRA LTD","440"
"30-JUL-2026","MANKIND","MANKIND PHARMA LIMITED","250"
"30-JUL-2026","MCX","MULTI COMMODITY EXCHANGE OF INDIA LIMITED","1"
"30-JUL-2026","MOIL","MOIL LIMITED     ","67"
"30-JUL-2026","MRPL","MRPL","1"
"30-JUL-2026","MTARTECH","MTAR TECHNOLOGIES LIMITED","6,025"
"30-JUL-2026","NATIONALUM","NATIONAL ALUMINIUM CO LTD","50"
"30-JUL-2026","NLCINDIA","NLC INDIA LIMITED","100"
"30-JUL-2026","PERSISTENT","PERSISTENT SYSTEMS LTD","5"
"30-JUL-2026","PGEL","PG ELECTROPLAST LTD","400"
"30-JUL-2026","PNGJL","P N GADGIL JEWELLERS LTD","10"
"30-JUL-2026","REDINGTON","REDINGTON (INDIA) LTD.","2"
"30-JUL-2026","RELIANCE","RELIANCE INDUSTRIES LTD","4"
"30-JUL-2026","RRKABEL","R R KABEL LIMITED","26"
"30-JUL-2026","SAMBHV","SAMBHV STEEL TUBES LTD","96"
"30-JUL-2026","SANDHAR","SANDHAR TECHNOLOGIES LTD","2"
"30-JUL-2026","SBIN","STATE BANK OF INDIA","52"
"30-JUL-2026","SHREECEM","SHREE CEMENTS LTD","25"
"30-JUL-2026","SJS","SJS ENTERPRISES LIMITED","2"
"30-JUL-2026","SMLMAH","SML Mahindra Limited","14,336"
"30-JUL-2026","SOLARA","SOLARA ACTIVE PHA SCI LTD","9"
"30-JUL-2026","SONACOMS","SONA BLW PRECISION FRGS L","190"
"30-JUL-2026","STARHEALTH","STAR HEALTH & AL INS CO L","24"
"30-JUL-2026","SUVEN","SUVEN LIFE SCIENCES LTD  ","1"
"30-JUL-2026","SUZLON","SUZLON ENERGY LIMITED","100"
"30-JUL-2026","SWIGGY","SWIGGY LIMITED","41,995"
"30-JUL-2026","SYNGENE","SYNGENE INTERNATIONAL LTD","11"
"30-JUL-2026","SYRMA","SYRMA SGS TECHNOLOGY LTD","120"
"30-JUL-2026","TATAELXSI","TATA ELXSI LIMITED       ","15"
"30-JUL-2026","TATASTEEL","TATA STEEL LIMITED","10"
"30-JUL-2026","TCS","TATA CONSULTANCY SERV LT","905"
"30-JUL-2026","TFCILTD","TOURISM FINANCE CORP.","1,000"
"30-JUL-2026","TMPV","TATA MOTORS PASS VEH LTD","189"
"30-JUL-2026","UJJIVANSFB","UJJIVAN SMALL FINANC BANK","4,851"
"30-JUL-2026","UPL","UPL LIMITED","25"
"30-JUL-2026","WAAREEENER","WAAREE ENERGIES LIMITED","1,050"
"30-JUL-2026","ZEEL","ZEE ENTERTAINMENT ENT LTD","100"
"30-JUL-2026","ZOTA","ZOTA HEALTH CARE LIMITED","2"
"31-JUL-2026","63MOONS","63 MOONS TECHNOLOGIES LTD","160"
"31-JUL-2026","ABCAPITAL","ADITYA BIRLA CAPITAL LIMITED","600"
"31-JUL-2026","ADANIPORTS","ADANI PORT & SEZ LTD","2"
"31-JUL-2026","ANGELONE","ANGEL ONE LTD","25"
"31-JUL-2026","APTUS","APTUS VALUE HSG FIN I LTD","2"
"31-JUL-2026","ASHOKLEY","ASHOK LEYLAND LTD","1,502"
"31-JUL-2026","ASIANPAINT","ASIAN PAINTS LIMITED","195"
"31-JUL-2026","ASTRAL","ASTRAL POLY TECHNIK LIMITED","8,075"
"31-JUL-2026","ASTRAMICRO","ASTRAMICRO","9"
"31-JUL-2026","AVL","ADITYA VISION LIMITED","2"
"31-JUL-2026","BAJAJFINSV","BAJAJ FINSERV LIMITED","60"
"31-JUL-2026","BAJFINANCE","BAJAJ FINANCE LIMITED","212"
"31-JUL-2026","BPCL","BHARAT PETROLEUM CORP  LT","2,082"
"31-JUL-2026","CAMS","COMPUTER AGE MGMT SER LTD","86"
"31-JUL-2026","CASTROLIND","CASTROL INDIA LIMITED","1,250"
"31-JUL-2026","CGPOWER","CG POWER AND INDUSTRIAL SOLUTIONS LIMITED","1"
"31-JUL-2026","COCHINSHIP","COCHIN SHIPYARD LIMITED","210"
"31-JUL-2026","DABUR","DABUR INDIA LTD","100"
"31-JUL-2026","DELHIVERY","DELHIVERY LIMITED","700"
"31-JUL-2026","DIVISLAB","DIVI'S LABORATORIES LTD","44"
"31-JUL-2026","DIXON","DIXON TECHNO (INDIA) LTD","1,450"
"31-JUL-2026","DLF","DLF LIMITED","950"
"31-JUL-2026","EMMVEE","EMMVEE PHOTOVOLTAIC PWR L","1"
"31-JUL-2026","ETERNAL","ETERNAL LIMITED","25"
"31-JUL-2026","GAEL","GAEL","1"
"31-JUL-2026","GALLANTT","GALLANTT ISPAT LIMITED","1,015"
"31-JUL-2026","GMDCLTD","GUJARAT MINERAL DEV CORP","1,570"
"31-JUL-2026","GNFC","GUJARAT NARMADA FERT. CO","2"
"31-JUL-2026","HBLENGINE","HBL ENGINEERING LTD","5"
"31-JUL-2026","HCLTECH","HCL TECHNOLOGIES LTD","25"
"31-JUL-2026","HEG","HEG LIMITED","250"
"31-JUL-2026","HFCL","HIMACHAL FUTURISTIC COMMUNICATIONS LIMITED","67,406"
"31-JUL-2026","HINDALCO","HINDALCO  INDUSTRIES  LTD","100"
"31-JUL-2026","HYUNDAI","HYUNDAI MOTOR INDIA LTD","5"
"31-JUL-2026","ICICIPRULI","ICICI PRU LIFE INS CO LTD ","100"
"31-JUL-2026","IFCI","IFCI LTD","1"
"31-JUL-2026","INDHOTEL","THE INDIAN HOTELS CO. LTD","10"
"31-JUL-2026","INTELLECT","INTELLECT DESIGN ARENA   ","300"
"31-JUL-2026","IREDA","INDIAN RENEWABLE ENERGY","13,600"
"31-JUL-2026","JIOFIN","JIO FIN SERVICES LTD","359"
"31-JUL-2026","KALYANKJIL","KALYAN JEWELLERS IND LTD","25"
"31-JUL-2026","LIQUIDBEES","NIP IND ETF LIQUID BEES","1"
"31-JUL-2026","LT","LARSEN & TOUBRO LTD.","3"
"31-JUL-2026","LTFOODS","LT FOODS LIMITED","1"
"31-JUL-2026","M&M","MAHINDRA & MAHINDRA LTD","159"
"31-JUL-2026","MANKIND","MANKIND PHARMA LIMITED","500"
"31-JUL-2026","MOTHERSON","SAMVRDHNA MTHRSN INT","5"
"31-JUL-2026","NAM-INDIA","NIPPON L I A M LTD","625"
"31-JUL-2026","NAZARA","NAZARA TECHNOLOGIES LTD","63"
"31-JUL-2026","NETWEB","NETWEB TECH INDIA LTD","1"
"31-JUL-2026","NHPC","NHPC LTD","1,700"
"31-JUL-2026","PARAS","PARAS DEF AND SPCE TECH L","100"
"31-JUL-2026","PFIZER","PFIZER LIMITED","60"
"31-JUL-2026","PGEL","PG ELECTROPLAST LTD","100"
"31-JUL-2026","QUESS","QUESS CORP LIMITED","8,000"
"31-JUL-2026","RELIANCE","RELIANCE INDUSTRIES LTD","1"
"31-JUL-2026","SAGILITY","SAGILITY INDIA LIMITED","10"
"31-JUL-2026","SBIN","STATE BANK OF INDIA","21"
"31-JUL-2026","SHADOWFAX","SHADOWFAX TECHNOLOGIES L","78"
"31-JUL-2026","SHREECEM","SHREE CEMENTS LTD","1,630"
"31-JUL-2026","SIEMENS","SIEMENS LTD","350"
"31-JUL-2026","SKIPPER","SKIPPER LIMITED","2"
"31-JUL-2026","SMLMAH","SML Mahindra Limited","468"
"31-JUL-2026","SONACOMS","SONA BLW PRECISION FRGS L","1"
"31-JUL-2026","SUNPHARMA","SUN PHARMACEUTICALS IND.","15"
"31-JUL-2026","SUZLON","SUZLON ENERGY LIMITED","100"
"31-JUL-2026","SWIGGY","SWIGGY LIMITED","5,475"
"31-JUL-2026","TEJASNET","TEJAS NETWORKS LIMITED","1"
"31-JUL-2026","TFCILTD","TOURISM FINANCE CORP.","2,592"
"31-JUL-2026","THERMAX","THERMAX LTD","55"
"31-JUL-2026","TMCV","TATA MOTORS LIMITED","1"
"31-JUL-2026","TMPV","TATA MOTORS PASS VEH LTD","20"
"31-JUL-2026","TVSMOTOR","TVS MOTOR COMPANY  LTD","40"
"31-JUL-2026","VEDL","VEDANTA LIMITED","1,300"
"31-JUL-2026","VOLTAMP","VOLTAMP TRANSFORMERS LTD","35"
"31-JUL-2026","VOLTAS","VOLTAS LTD","1,125"
"31-JUL-2026","YASHO","YASHO INDUSTRIES LIMITED","8,796"
"31-JUL-2026","ZEEL","ZEE ENTERTAINMENT ENT LTD","2,001"
"03-AUG-2026","ABB","ABB LTD.","346"
"03-AUG-2026","ABCAPITAL","ADITYA BIRLA CAPITAL LIMITED","318"
"03-AUG-2026","ACC","ACC LIMITED","10"
"03-AUG-2026","ADANIENSOL","ADANI ENERGY SOLUTION LTD","50"
"03-AUG-2026","ADANIGREEN","ADANI GREEN ENERGY LTD","25"
"03-AUG-2026","ADANIPORTS","ADANI PORT & SEZ LTD","1"
"03-AUG-2026","ADANIPOWER","ADANI POWER LTD","100"
"03-AUG-2026","ADFFOODS","ADF FOODS LIMITED","1"
"03-AUG-2026","AEQUS","AEQUS LIMITED","1,000"
"03-AUG-2026","ANURAS","ANUPAM RASAYAN INDIA LTD","10"
"03-AUG-2026","APARINDS","APAR INDUSTRIES LTD.","4"
"03-AUG-2026","APLAPOLLO","APL APOLLO TUBES LTD","71"
"03-AUG-2026","APOLLO","APOLLO MICRO SYSTEMS LTD","12"
"03-AUG-2026","APOLLOHOSP","APOLLO HOSPITALS ENTERPRISE LIMITED","1"
"03-AUG-2026","ARE&M","AMARA RAJA ENERGY MOB","397"
"03-AUG-2026","ASHAPURMIN","ASHAPURA MINECHEM LTD","150"
"03-AUG-2026","ASHOKA","ASHOKA BUILDCON LTD      ","325"
"03-AUG-2026","ASHOKLEY","ASHOK LEYLAND LTD","13,542"
"03-AUG-2026","ASKAUTOLTD","ASK AUTOMOTIVE LIMITED","9"
"03-AUG-2026","ASTRAL","ASTRAL POLY TECHNIK LIMITED","1,000"
"03-AUG-2026","ATGL","ADANI TOTAL GAS LIMITED","232"
"03-AUG-2026","AURIONPRO","AURIONPRO SOLN LTD","1"
"03-AUG-2026","AWL","ADANI WILMAR LIMITED","155"
"03-AUG-2026","AXISBANK","AXIS BANK LIMITED","568"
"03-AUG-2026","BAJAJ-AUTO","BAJAJ AUTO LIMITED","57"
"03-AUG-2026","BAJAJFINSV","BAJAJ FINSERV LIMITED","679"
"03-AUG-2026","BAJAJHIND","BAJAJ HINDUSTAN LTD","8"
"03-AUG-2026","BAJFINANCE","BAJAJ FINANCE LIMITED","38"
"03-AUG-2026","BANDHANBNK","BANDHAN BANK LIMITED","50"
"03-AUG-2026","BANKINDIA","BANK OF INDIA","1"
"03-AUG-2026","BHARTIARTL","BHARTI AIRTEL LIMITED","12"
"03-AUG-2026","BHEL","BHEL","100"
"03-AUG-2026","BIOCON","BIOCON LIMITED.","20"
"03-AUG-2026","BLUEJET","BLUE JET HEALTHCARE LTD","400"
"03-AUG-2026","BLUESTARCO","BLUE STAR LIMITED","1"
"03-AUG-2026","BPCL","BHARAT PETROLEUM CORP  LT","207"
"03-AUG-2026","BRITANNIA","BRITANNIA INDUSTRIES LIMITED","1"
"03-AUG-2026","BSE","BSE LIMITED","2,100"
"03-AUG-2026","CAMS","COMPUTER AGE MGMT SER LTD","86"
"03-AUG-2026","CCAVENUE","AVENUESAI LIMITED","1"
"03-AUG-2026","CGPOWER","CG POWER AND INDUSTRIAL SOLUTIONS LIMITED","200"
"03-AUG-2026","CHAMBLFERT","CHAMBAL FERTILIZERS LTD","213"
"03-AUG-2026","CLEANMAX","CLEAN MAX ENVIRO EN SOL L","54"
"03-AUG-2026","COALINDIA","COALINDIA","20"
"03-AUG-2026","COCHINSHIP","COCHIN SHIPYARD LIMITED","82"
"03-AUG-2026","CROMPTON","CROMPT GREA CON ELEC LTD  ","5"
"03-AUG-2026","DHANUKA","DHANUKA","100"
"03-AUG-2026","DIVISLAB","DIVI'S LABORATORIES LTD","111"
"03-AUG-2026","DIXON","DIXON TECHNO (INDIA) LTD","239"
"03-AUG-2026","DMART","AVENUE SUPERMARTS LIMITED","300"
"03-AUG-2026","DRREDDY","DR. REDDY'S LABORATORIES","10"
"03-AUG-2026","ECLERX","ECLERX SERVICES LTD ","3"
"03-AUG-2026","EICHERMOT","EICHER MOTORS LIMITED","100"
"03-AUG-2026","EPACK","EPACK DURABLE LIMITED","523"
"03-AUG-2026","ESCORTS","ESCORTS INDIA LTD","100"
"03-AUG-2026","ETERNAL","ETERNAL LIMITED","1,142"
"03-AUG-2026","EXIDEIND","EXIDE INDUSTRIES LTD","10"
"03-AUG-2026","FEDERALBNK","FEDERAL BANK LTD","240"
"03-AUG-2026","FORCEMOT","FORCE MOTORS LIMITED","50"
"03-AUG-2026","FORTIS","FORTIS HEALTHCARE (I) LTD","7"
"03-AUG-2026","FSL","FIRSTSOURCE SOLU. LTD.","507"
"03-AUG-2026","GAEL","GAEL","150"
"03-AUG-2026","GICRE","GENERAL INSURANCE CORPORATION OF INDIA","123"
"03-AUG-2026","GLENMARK","GLENMARK PHARMACEUTICALS LIMITED","1"
"03-AUG-2026","GODFRYPHLP","GODFREY PHILLIPS INDIA LT","7"
"03-AUG-2026","GUJTHEM","GUJARAT THEMIS BIOSYN LTD","84"
"03-AUG-2026","GVPIL","GE POWER INDIA LIMITED","899"
"03-AUG-2026","HAL","HINDUSTAN AERONAUTICS LTD","1"
"03-AUG-2026","HAVELLS","HAVELLS INDIA LIMITED","1,000"
"03-AUG-2026","HCLTECH","HCL TECHNOLOGIES LTD","1"
"03-AUG-2026","HDFCBANK","HDFC BANK LTD","151"
"03-AUG-2026","HDFCLIFE","HDFC STANDARD LIFE INSURANCE COMPANY LIMITED","1"
"03-AUG-2026","HEROMOTOCO","HERO MOTOCORP LTD","5"
"03-AUG-2026","HFCL","HIMACHAL FUTURISTIC COMMUNICATIONS LIMITED","502"
"03-AUG-2026","HINDALCO","HINDALCO  INDUSTRIES  LTD","421"
"03-AUG-2026","HINDCOPPER","HINDUSTAN COPPER LIMITED","100"
"03-AUG-2026","HINDPETRO","HINDUSTAN PETROLEUM CORP","100"
"03-AUG-2026","HINDUNILVR","HINDUSTAN UNILEVER LTD.","10"
"03-AUG-2026","HINDZINC","HINDUSTAN ZINC LIMITED","500"
"03-AUG-2026","HYUNDAI","HYUNDAI MOTOR INDIA LTD","24"
"03-AUG-2026","ICICIAMC","ICICI PRUDENTIAL AMC LTD","33"
"03-AUG-2026","IDEA","Vodafone Idea Limited","78,214"
"03-AUG-2026","IFCI","IFCI LTD","901"
"03-AUG-2026","INDIGO","INTERGLOBE AVIATION LTD  ","133"
"03-AUG-2026","INDUSINDBK","INDUSIND BANK LIMITED","2"
"03-AUG-2026","INFY","INFOSYS TECHNOLOGIES LTD","3,087"
"03-AUG-2026","INOXGREEN","INOX GREEN ENERGY SER LTD","8,784"
"03-AUG-2026","INOXINDIA","INOX INDIA LIMITED","2"
"03-AUG-2026","IOC","INDIAN OIL CORP LTD","297"
"03-AUG-2026","IRB","IRB INFRA DEV LTD.","168"
"03-AUG-2026","IREDA","INDIAN RENEWABLE ENERGY","108"
"03-AUG-2026","ITC","ITC LTD","869"
"03-AUG-2026","J&KBANK","J & K BANK LTD.","500"
"03-AUG-2026","JINDALSTEL","JINDAL STEEL & POWER LTD","30"
"03-AUG-2026","JIOFIN","JIO FIN SERVICES LTD","426"
"03-AUG-2026","JUBLFOOD","JUBILANT FOODWORKS LTD","37"
"03-AUG-2026","JWL","JUPITER WAGONS LIMITED","2"
"03-AUG-2026","KAJARIACER","KAJARIA CERAMICS LTD     ","13"
"03-AUG-2026","KALYANKJIL","KALYAN JEWELLERS IND LTD","51"
"03-AUG-2026","KARURVYSYA","KARUR VYSYA BANK LIMITED","500"
"03-AUG-2026","KAYNES","KAYNES TECHNOLOGY IND LTD","10"
"03-AUG-2026","KEI","KEI INDUSTRIES LTD.      ","100"
"03-AUG-2026","KIMS","KRISHNA INST OF MED SCI L","100"
"03-AUG-2026","KOTAKBANK","KOTAK MAHINDRA BANK LTD","1"
"03-AUG-2026","KPITTECH","KPIT TECHNOLOGIES LTD","5,797"
"03-AUG-2026","KWIL","KWALITY WALL'S (INDIA) L","1,500"
"03-AUG-2026","LAURUSLABS","LAURUS LABS LIMITED","5"
"03-AUG-2026","LT","LARSEN & TOUBRO LTD.","14"
"03-AUG-2026","LTF","L&T FINANCE LIMITED","1,050"
"03-AUG-2026","LTM","LTIMINDTREE LIMITED","31"
"03-AUG-2026","LUMAXIND","LUMAX INDUSTRIES LTD","3,000"
"03-AUG-2026","MANKIND","MANKIND PHARMA LIMITED","27"
"03-AUG-2026","MARUTI","MARUTI SUZUKI INDIA LTD.","2"
"03-AUG-2026","MASTEK","MASTEK LTD               ","100"
"03-AUG-2026","MCX","MULTI COMMODITY EXCHANGE OF INDIA LIMITED","3"
"03-AUG-2026","MEESHO","MEESHO LIMITED","1"
"03-AUG-2026","MINDACORP","MINDA CORPORATION LIMITED","192"
"03-AUG-2026","MOSCHIP","MOSCHIP TECHNOLOGIES LTD","1"
"03-AUG-2026","MOTHERSON","SAMVRDHNA MTHRSN INT","4,330"
"03-AUG-2026","MOTILALOFS","MOTILAL OSWAL FIN LTD   ","3"
"03-AUG-2026","MPHASIS","MPHASIS LIMITED","506"
"03-AUG-2026","MRPL","MRPL","112"
"03-AUG-2026","MSTCLTD","MSTC LIMITED","300"
"03-AUG-2026","MUTHOOTFIN","MUTHOOT FINANCE LIMITED","135"
"03-AUG-2026","NACLIND","NACL INDUSTRIES LIMITED","1"
"03-AUG-2026","NATIONALUM","NATIONAL ALUMINIUM CO LTD","40,232"
"03-AUG-2026","NAUKRI","INFO EDGE (I) LTD","500"
"03-AUG-2026","NBCC","NATIONAL BUILDINGS LTD   ","339"
"03-AUG-2026","NETWEB","NETWEB TECH INDIA LTD","1"
"03-AUG-2026","NHPC","NHPC LTD","1,027"
"03-AUG-2026","NTPC","NTPC LTD","100"
"03-AUG-2026","NYKAA","FSN E COMMERCE VENTURES","201"
"03-AUG-2026","OFSS","Oracle Financial Services Software Limited","32"
"03-AUG-2026","ONGC","OIL AND NATURAL GAS CORP.","2"
"03-AUG-2026","PAYTM","ONE 97 COMMUNICATIONS LTD","10"
"03-AUG-2026","PERSISTENT","PERSISTENT SYSTEMS LTD","62"
"03-AUG-2026","PFIZER","PFIZER LIMITED","100"
"03-AUG-2026","PGEL","PG ELECTROPLAST LTD","800"
"03-AUG-2026","PNBHOUSING","PNB HOUSING FIN LTD.   ","2"
"03-AUG-2026","POLICYBZR","PB FINTECH LIMITED","10"
"03-AUG-2026","POWERMECH","POWER MECH PROJECTS LTD.","8"
"03-AUG-2026","QUESS","QUESS CORP LIMITED","625"
"03-AUG-2026","RAYMOND","RAYMOND LIMITED","102"
"03-AUG-2026","RBLBANK","RBL BANK LIMITED    ","33"
"03-AUG-2026","RECLTD","RURAL ELEC CORP. LTD.","30"
"03-AUG-2026","REDINGTON","REDINGTON (INDIA) LTD.","56"
"03-AUG-2026","RELIANCE","RELIANCE INDUSTRIES LTD","35"
"03-AUG-2026","RKFORGE","RAMKRISHNA FORGINGS LTD","250"
"03-AUG-2026","RPTECH","RASHI PERIPHERALS LIMITED","10"
"03-AUG-2026","RRKABEL","R R KABEL LIMITED","1"
"03-AUG-2026","RVNL","RVNL","1,000"
"03-AUG-2026","SAATVIKGL","SAATVIK GREEN ENERGY LTD","50"
"03-AUG-2026","SAIL","STEEL AUTHORITY OF INDIA","49"
"03-AUG-2026","SAMBHV","SAMBHV STEEL TUBES LTD","1"
"03-AUG-2026","SASKEN","SASKEN COMMU TECHNO LTD","21"
"03-AUG-2026","SBILIFE","SBI LIFE INSURANCE COMPANY LIMITED","26"
"03-AUG-2026","SBIN","STATE BANK OF INDIA","51"
"03-AUG-2026","SCI","SHIPPING CORP OF INDIA LT","500"
"03-AUG-2026","SHAREINDIA","SHARE IND. SECURITIES LTD","1"
"03-AUG-2026","SHREECEM","SHREE CEMENTS LTD","26"
"03-AUG-2026","SHRIRAMFIN","SHRIRAM FINANCE LIMITED","549"
"03-AUG-2026","SIEMENS","SIEMENS LTD","104"
"03-AUG-2026","SMLMAH","SML Mahindra Limited","8"
"03-AUG-2026","SONACOMS","SONA BLW PRECISION FRGS L","37"
"03-AUG-2026","SONATSOFTW","SONATA SOFTWARE LIMITED","600"
"03-AUG-2026","STALLION","STALLION IND FLUOROCHEM L","49"
"03-AUG-2026","SUNPHARMA","SUN PHARMACEUTICALS IND.","107"
"03-AUG-2026","SURYAROSNI","SURYA ROSHNI LTD","3,500"
"03-AUG-2026","SUZLON","SUZLON ENERGY LIMITED","2"
"03-AUG-2026","SWIGGY","SWIGGY LIMITED","121"
"03-AUG-2026","TATACONSUM","TATA CONSUMER PRODUCT","2"
"03-AUG-2026","TATAELXSI","TATA ELXSI LIMITED       ","260"
"03-AUG-2026","TATAPOWER","TATA POWER CO LTD","5,958"
"03-AUG-2026","TCS","TATA CONSULTANCY SERV LT","1,172"
"03-AUG-2026","TECHM","TECH MAHINDRA LIMITED","64"
"03-AUG-2026","TFCILTD","TOURISM FINANCE CORP.","1"
"03-AUG-2026","THOMASCOOK","THOMAS COOK (INDIA) LTD  ","10"
"03-AUG-2026","THYROCARE","THYROCARE TECH LTD","1,999"
"03-AUG-2026","TIINDIA","TUBE INVEST OF INDIA LTD","5"
"03-AUG-2026","TMCV","TATA MOTORS LIMITED","217"
"03-AUG-2026","TMPV","TATA MOTORS PASS VEH LTD","390"
"03-AUG-2026","TRAVELFOOD","TRAVEL FOOD SERVICES LTD","45"
"03-AUG-2026","TRENT","TRENT LIMITED","101"
"03-AUG-2026","TRIVENI","TRIVENI ENGG. & INDS. LTD","300"
"03-AUG-2026","TVSMOTOR","TVS MOTOR COMPANY  LTD","1"
"03-AUG-2026","UNITDSPR","UNITED SPIRITS LIMITED","1"
"03-AUG-2026","UPL","UPL LIMITED","3,176"
"03-AUG-2026","URBANCO","URBAN COMPANY LIMITED","664"
"03-AUG-2026","VINDHYATEL","VINDHYA TELELINKS LTD","5,279"
"03-AUG-2026","VOLTAMP","VOLTAMP TRANSFORMERS LTD","89"
"03-AUG-2026","VOLTAS","VOLTAS LTD","86"
"03-AUG-2026","WESTLIFE","WESTLIFE DEVELOPMENT LIMITED","44"
"03-AUG-2026","WIPRO","WIPRO LTD","16,354"
"03-AUG-2026","YASHO","YASHO INDUSTRIES LIMITED","27"
"03-AUG-2026","YATHARTH","YATHARTH HOSP & TRA C S L","96"
"03-AUG-2026","YESBANK","YES BANK LIMITED","2,196"
"03-AUG-2026","ZEEL","ZEE ENTERTAINMENT ENT LTD","66"
"03-AUG-2026","ZENTEC","ZEN TECHNOLOGIES LIMITED","40"
"03-AUG-2026","ZYDUSWELL","ZYDUS WELLNESS LIMITED","57"
"04-AUG-2026","360ONE","360 ONE WAM LIMITED","4"
"04-AUG-2026","63MOONS","63 MOONS TECHNOLOGIES LTD","2"
"04-AUG-2026","AARTIIND","AARTI INDUSTRIES LTD","65"
"04-AUG-2026","ABB","ABB LTD.","71"
"04-AUG-2026","ABSLAMC","ADIT BIRL SUN LIF AMC LTD","11"
"04-AUG-2026","ABSLBANETF","BIRLASLAMC - ABSLBANETF","25,789"
"04-AUG-2026","ABSLPSE","BIRLASLAMC-ABSLPSE","8"
"04-AUG-2026","ACMESOLAR","ACME SOLAR HOLDINGS LTD","50"
"04-AUG-2026","ACUTAAS","ACUTAAS CHEMICALS LIMITED","13"
"04-AUG-2026","ADANIPOWER","ADANI POWER LTD","500"
"04-AUG-2026","AEGISLOG","AEGIS LOGISTICS LIMITED","1"
"04-AUG-2026","ANANDRATHI","ANAND RATHI WEALTH LTD","15"
"04-AUG-2026","ANANTRAJ","ANANT RAJ LIMITED","1"
"04-AUG-2026","APARINDS","APAR INDUSTRIES LTD.","2"
"04-AUG-2026","APLAPOLLO","APL APOLLO TUBES LTD","6"
"04-AUG-2026","APLLTD","ALEMBIC PHARMA LTD","500"
"04-AUG-2026","ARVIND","ARVIND LIMITED","50"
"04-AUG-2026","ASHOKLEY","ASHOK LEYLAND LTD","1,256"
"04-AUG-2026","ATHERENERG","ATHER ENERGY LIMITED","57"
"04-AUG-2026","AUBANK","AU SMALL FINANCE BANK LIMITED","2"
"04-AUG-2026","AUTOBEES","NIPPONAMC - NETFAUTO","31,656"
"04-AUG-2026","BAJAJFINSV","BAJAJ FINSERV LIMITED","50"
"04-AUG-2026","BAJFINANCE","BAJAJ FINANCE LIMITED","10"
"04-AUG-2026","BALRAMCHIN","BALRAMPUR CHINI MILLS LTD","498"
"04-AUG-2026","BANKADD","DSPAMC - DSPBANK","1,548"
"04-AUG-2026","BANKBARODA","BANK OF BARODA","334"
"04-AUG-2026","BANKNIFTY1","KOTAKMAMC-KOTAKBKETF","26,390"
"04-AUG-2026","BELRISE","BELRISE INDUSTRIES LTD","55"
"04-AUG-2026","BHARTIARTL","BHARTI AIRTEL LIMITED","112"
"04-AUG-2026","BHEL","BHEL","50"
"04-AUG-2026","BLUESTARCO","BLUE STAR LIMITED","12,350"
"04-AUG-2026","BLUESTONE","BLUESTONE JEWEL LFSTL LTD","51"
"04-AUG-2026","BSE","BSE LIMITED","9"
"04-AUG-2026","CARBORUNIV","CARBORUNDUM UNIVERSAL LTD    ","301"
"04-AUG-2026","CASTROLIND","CASTROL INDIA LIMITED","1"
"04-AUG-2026","CDSL","CENTRAL DEPOSITORY SERVICES (INDIA) LIMITED","20"
"04-AUG-2026","CGPOWER","CG POWER AND INDUSTRIAL SOLUTIONS LIMITED","730"
"04-AUG-2026","CHAMBLFERT","CHAMBAL FERTILIZERS LTD","52"
"04-AUG-2026","CHEMICAL","KOTAKMAMC - CHEMICAL","3"
"04-AUG-2026","COFORGE","COFORGE LIMITED","1"
"04-AUG-2026","COROMANDEL","COROMANDEL INTERNTL. LTD ","38"
"04-AUG-2026","DEEPAKFERT","DEEPAK FERTILIZERS AND PETROCHEMICALS CORPORATION LIMITED","21"
"04-AUG-2026","DELHIVERY","DELHIVERY LIMITED","300"
"04-AUG-2026","DIACABS","DIAMOND POWER INFRA LTD","4,546"
"04-AUG-2026","DIVISLAB","DIVI'S LABORATORIES LTD","25"
"04-AUG-2026","DIXON","DIXON TECHNO (INDIA) LTD","50"
"04-AUG-2026","DLF","DLF LIMITED","1,000"
"04-AUG-2026","DMART","AVENUE SUPERMARTS LIMITED","650"
"04-AUG-2026","DOMS","DOMS INDUSTRIES LIMITED","1"
"04-AUG-2026","DRREDDY","DR. REDDY'S LABORATORIES","22,955"
"04-AUG-2026","EICHERMOT","EICHER MOTORS LIMITED","100"
"04-AUG-2026","EMAMILTD","EMAMI LIMITED","2"
"04-AUG-2026","EMCURE","EMCURE PHARMACEUTICALS L","5"
"04-AUG-2026","EMIL","ELECTRONICS MART IND LTD","400"
"04-AUG-2026","ETERNAL","ETERNAL LIMITED","80"
"04-AUG-2026","FEDERALBNK","FEDERAL BANK LTD","10"
"04-AUG-2026","FINCABLES","FINOLEX CABLES LTD","11"
"04-AUG-2026","FLEXIADD","DSPAMC - FLEXIADD","100"
"04-AUG-2026","FLUOROCHEM","FLUOROCHEM","10"
"04-AUG-2026","FORTIS","FORTIS HEALTHCARE (I) LTD","1"
"04-AUG-2026","FSL","FIRSTSOURCE SOLU. LTD.","491"
"04-AUG-2026","GAEL","GAEL","11"
"04-AUG-2026","GMDCLTD","GUJARAT MINERAL DEV CORP","10"
"04-AUG-2026","GODFRYPHLP","GODFREY PHILLIPS INDIA LT","20"
"04-AUG-2026","GVT&D","GE VERNOVA T&D INDIA LTD","11"
"04-AUG-2026","HAL","HINDUSTAN AERONAUTICS LTD","40"
"04-AUG-2026","HAVELLS","HAVELLS INDIA LIMITED","1,001"
"04-AUG-2026","HCLTECH","HCL TECHNOLOGIES LTD","66"
"04-AUG-2026","HDFCGROWTH","HDFCAMC - HDFCGROWTH","3,900"
"04-AUG-2026","HDFCPVTBAN","HDFCAMC - HDFCPVTBAN","500"
"04-AUG-2026","HDFCVALUE","HDFCAMC - HDFCVALUE","118"
"04-AUG-2026","HEALTHY","BIRLASLAMC - HEALTHY","17,483"
"04-AUG-2026","HEROMOTOCO","HERO MOTOCORP LTD","25"
"04-AUG-2026","HFCL","HIMACHAL FUTURISTIC COMMUNICATIONS LIMITED","293"
"04-AUG-2026","HINDALCO","HINDALCO  INDUSTRIES  LTD","260"
"04-AUG-2026","HINDCOPPER","HINDUSTAN COPPER LIMITED","103"
"04-AUG-2026","HINDUNILVR","HINDUSTAN UNILEVER LTD.","10"
"04-AUG-2026","HINDZINC","HINDUSTAN ZINC LIMITED","193"
"04-AUG-2026","ICICIPRULI","ICICI PRU LIFE INS CO LTD ","1"
"04-AUG-2026","IKS","INVENTURUS KNOWLEDGE SO L","48"
"04-AUG-2026","INDGN","INDEGENE LIMITED","132"
"04-AUG-2026","INDHOTEL","THE INDIAN HOTELS CO. LTD","2"
"04-AUG-2026","INDIGO","INTERGLOBE AVIATION LTD  ","64"
"04-AUG-2026","INFY","INFOSYS TECHNOLOGIES LTD","108"
"04-AUG-2026","IREDA","INDIAN RENEWABLE ENERGY","27,150"
"04-AUG-2026","IRFC","IRFC","38"
"04-AUG-2026","ITAXIS","AXISAMC-ITAXIS","1"
"04-AUG-2026","ITC","ITC LTD","126"
"04-AUG-2026","J&KBANK","J & K BANK LTD.","1"
"04-AUG-2026","JINDALSTEL","JINDAL STEEL & POWER LTD","16"
"04-AUG-2026","JSL","JSL Limited","34"
"04-AUG-2026","JUBLFOOD","JUBILANT FOODWORKS LTD","4"
"04-AUG-2026","JUNIORBEES","GOLDMAN SACHS NIFTY JUNIOR EXCHANGE TRADED SCHEME","1,341"
"04-AUG-2026","KALYANKJIL","KALYAN JEWELLERS IND LTD","50"
"04-AUG-2026","KEI","KEI INDUSTRIES LTD.      ","242"
"04-AUG-2026","KIRLOSENG","KIRLOSENG","17"
"04-AUG-2026","KOTAKBANK","KOTAK MAHINDRA BANK LTD","1"
"04-AUG-2026","KPITTECH","KPIT TECHNOLOGIES LTD","250"
"04-AUG-2026","KTKBANK","KARNATAKA BANK LIMITED","2,000"
"04-AUG-2026","LAURUSLABS","LAURUS LABS LIMITED","30"
"04-AUG-2026","LGBBROSLTD","LG BALAKRISHNAN & BROS","500"
"04-AUG-2026","LICI","LIFE INSURA CORP OF INDIA","21,00,351"
"04-AUG-2026","LINDEINDIA","LINDE INDIA LIMITED","6"
"04-AUG-2026","LLOYDSENGG","LLOYDS ENGG WORK LIMITED","1"
"04-AUG-2026","LLOYDSME","LLOYDS METALS N ENERGY L","19"
"04-AUG-2026","LOWVOL1","KOTAKMAMC - KOTAKLOVOL","152"
"04-AUG-2026","LTM","LTIMINDTREE LIMITED","30"
"04-AUG-2026","MAHABANK","MAHABANK","287"
"04-AUG-2026","MCX","MULTI COMMODITY EXCHANGE OF INDIA LIMITED","69"
"04-AUG-2026","MOREPENLAB","MOREPEN LAB. LTD         ","8,33,006"
"04-AUG-2026","MOSMALL250","MOTILALAMC - MOSMALL250","1"
"04-AUG-2026","MOTHERSON","SAMVRDHNA MTHRSN INT","158"
"04-AUG-2026","MUTHOOTFIN","MUTHOOT FINANCE LIMITED","2"
"04-AUG-2026","NAM-INDIA","NIPPON L I A M LTD","4,461"
"04-AUG-2026","NATIONALUM","NATIONAL ALUMINIUM CO LTD","150"
"04-AUG-2026","NESTLEIND","NESTLE INDIA LIMITED","260"
"04-AUG-2026","NEXT50ADD","DSPAMC - NEXT50ADD","44"
"04-AUG-2026","NEXT50IETF","ICICIPRAMC - ICICINXT50","2"
"04-AUG-2026","NMDC","NMDC LTD.","100"
"04-AUG-2026","NRBBEARING","NRB BEARING LIMITED","1,000"
"04-AUG-2026","NV20","KOTAKMAMC - KTKNV20ETF","2,620"
"04-AUG-2026","NV20BEES","NIP IND ETF ETF NV20","9,857"
"04-AUG-2026","NYKAA","FSN E COMMERCE VENTURES","40"
"04-AUG-2026","OFSS","Oracle Financial Services Software Limited","19"
"04-AUG-2026","PAYTM","ONE 97 COMMUNICATIONS LTD","35"
"04-AUG-2026","PERSISTENT","PERSISTENT SYSTEMS LTD","31"
"04-AUG-2026","PGEL","PG ELECTROPLAST LTD","1,150"
"04-AUG-2026","PHARMABEES","NIPPONAMC - NETFPHARMA","73,152"
"04-AUG-2026","PIDILITIND","PIDILITE INDUSTRIES LIMITED","200"
"04-AUG-2026","PIIND","PI INDUSTRIES LTD        ","26"
"04-AUG-2026","PINELABS","PINE LABS LIMITED","1"
"04-AUG-2026","PNB","PUNJAB NATIONAL BANK","25"
"04-AUG-2026","POWERGRID","POWER GRID CORP. LTD.","9"
"04-AUG-2026","PRICOLLTD","PRICOL LIMITED","1"
"04-AUG-2026","PSUBNKBEES","GOLDMAN SACHS PSU BNK ETF","24,599"
"04-AUG-2026","PVTBANKADD","DSPAMC - DSPPVBKETF","826"
"04-AUG-2026","QUALITY30","KOTAKMAMC - QUALITY30","7"
"04-AUG-2026","QUESS","QUESS CORP LIMITED","9"
"04-AUG-2026","RAIN","RAIN INDUSTRIES LIMITED","1"
"04-AUG-2026","RBA","RESTAURANT BRAND ASIA LTD","12,23,722"
"04-AUG-2026","RBLBANK","RBL BANK LIMITED    ","246"
"04-AUG-2026","RELIANCE","RELIANCE INDUSTRIES LTD","505"
"04-AUG-2026","SAIL","STEEL AUTHORITY OF INDIA","1,105"
"04-AUG-2026","SAILIFE","SAI LIFE SCIENCES LIMITED","19"
"04-AUG-2026","SASKEN","SASKEN COMMU TECHNO LTD","111"
"04-AUG-2026","SCHNEIDER","SCHNEIDER ELECTRIC INFRA","11"
"04-AUG-2026","SHARDACROP","SHARDA CROPCHEM LTD.","10"
"04-AUG-2026","SHRIRAMFIN","SHRIRAM FINANCE LIMITED","253"
"04-AUG-2026","SIEMENS","SIEMENS LTD","67"
"04-AUG-2026","SNXT30BEES","NIPPONAMC - SNXT30BEES","5,777"
"04-AUG-2026","SOLARINDS","SOLAR INDUSTRIES (I) LTD","7"
"04-AUG-2026","SONATSOFTW","SONATA SOFTWARE LIMITED","499"
"04-AUG-2026","SRF","SRF LTD","46"
"04-AUG-2026","SUDEEPPHRM","SUDEEP PHARMA LIMITED","38"
"04-AUG-2026","SUMICHEM","SUMITOMO CHEM INDIA LTD","39"
"04-AUG-2026","TANLA","TANLA PLATFORMS LIMITED","1"
"04-AUG-2026","TATACHEM","TATA CHEMICALS LTD","50"
"04-AUG-2026","TATACONSUM","TATA CONSUMER PRODUCT","3"
"04-AUG-2026","TATAPOWER","TATA POWER CO LTD","100"
"04-AUG-2026","TATASTEEL","TATA STEEL LIMITED","30"
"04-AUG-2026","TECHM","TECH MAHINDRA LIMITED","1"
"04-AUG-2026","TFCILTD","TOURISM FINANCE CORP.","1"
"04-AUG-2026","THYROCARE","THYROCARE TECH LTD","150"
"04-AUG-2026","TITAN","TITAN INDUSTRIES LTD","17"
"04-AUG-2026","TVSMOTOR","TVS MOTOR COMPANY  LTD","268"
"04-AUG-2026","UFBL","UNITED FOODBRANDS LIMITED","2"
"04-AUG-2026","ULTRACEMCO","ULTRATECH CEMENT LIMITED","1"
"04-AUG-2026","UPL","UPL LIMITED","180"
"04-AUG-2026","URBANCO","URBAN COMPANY LIMITED","4"
"04-AUG-2026","VEDL","VEDANTA LIMITED","427"
"04-AUG-2026","VINDHYATEL","VINDHYA TELELINKS LTD","3"
"04-AUG-2026","VMM","VISHAL MEGA MART LIMITED","89"
"04-AUG-2026","VOLTAS","VOLTAS LTD","1"
"04-AUG-2026","WELCORP","WELSPUN CORP LIMITED","242"
"04-AUG-2026","WELSPUNLIV","WELSPUN LIVING LIMITED","1"
"04-AUG-2026","WIPRO","WIPRO LTD","1,740"
"04-AUG-2026","ZEEL","ZEE ENTERTAINMENT ENT LTD","1,000"
"05-AUG-2026","ADANIPORTS","ADANI PORT & SEZ LTD","7"
"05-AUG-2026","AIIL","AUTHUM INVEST & INFRA LTD","1"
"05-AUG-2026","AMBUJACEM","AMBUJA CEMENTS LTD","625"
"05-AUG-2026","ASHOKLEY","ASHOK LEYLAND LTD","50"
"05-AUG-2026","AUROPHARMA","AUROBINDO PHARMA LTD","100"
"05-AUG-2026","BAJAJFINSV","BAJAJ FINSERV LIMITED","100"
"05-AUG-2026","BAJAJHLDNG","BAJAJ HOLDINGS & INVS LTD","10"
"05-AUG-2026","BALKRISIND","BALKRISHNA IND. LTD      ","2"
"05-AUG-2026","BANDHANBNK","BANDHAN BANK LIMITED","50"
"05-AUG-2026","BBNPNBETF","BARODABNP - BBNPNBETF","105"
"05-AUG-2026","BEL","BHARAT ELECTRONICS LTD","245"
"05-AUG-2026","BHARTIARTL","BHARTI AIRTEL LIMITED","19,002"
"05-AUG-2026","BHEL","BHEL","50"
"05-AUG-2026","BLUESTARCO","BLUE STAR LIMITED","325"
"05-AUG-2026","BLUESTONE","BLUESTONE JEWEL LFSTL LTD","1"
"05-AUG-2026","BOSCHLTD","BOSCH LIMITED","1"
"05-AUG-2026","BSE","BSE LIMITED","16,694"
"05-AUG-2026","CELLO","CELLO WORLD LIMITED","4"
"05-AUG-2026","COALINDIA","COALINDIA","1"
"05-AUG-2026","COFORGE","COFORGE LIMITED","20"
"05-AUG-2026","DEEPAKNTR","DEEPAK NITRITE LIMITED","200"
"05-AUG-2026","DEVYANI","DEVYANI INTERNATIONAL LTD","2"
"05-AUG-2026","DIACABS","DIAMOND POWER INFRA LTD","1,373"
"05-AUG-2026","DIXON","DIXON TECHNO (INDIA) LTD","50"
"05-AUG-2026","DMART","AVENUE SUPERMARTS LIMITED","300"
"05-AUG-2026","DOMS","DOMS INDUSTRIES LIMITED","10"
"05-AUG-2026","DRREDDY","DR. REDDY'S LABORATORIES","46,803"
"05-AUG-2026","EBGNG","GNG ELECTRONICS LIMITED","2"
"05-AUG-2026","EIDPARRY","EID PARRY INDIA LTD","1,000"
"05-AUG-2026","EPACK","EPACK DURABLE LIMITED","380"
"05-AUG-2026","EPIGRAL","EPIGRAL LIMITED","115"
"05-AUG-2026","ETERNAL","ETERNAL LIMITED","100"
"05-AUG-2026","FSL","FIRSTSOURCE SOLU. LTD.","481"
"05-AUG-2026","GAEL","GAEL","10"
"05-AUG-2026","GATEWAY","GATEWAY DISTRIPARKS LTD","1,826"
"05-AUG-2026","GENUSPOWER","GENUS POWER INFRASTRU LTD","50"
"05-AUG-2026","GLENMARK","GLENMARK PHARMACEUTICALS LIMITED","4"
"05-AUG-2026","GMDCLTD","GUJARAT MINERAL DEV CORP","2,250"
"05-AUG-2026","GRASIM","GRASIM INDUSTRIES LTD","10"
"05-AUG-2026","GREAVESCOT","GREAVES COTTON LTD","1"
"05-AUG-2026","HAL","HINDUSTAN AERONAUTICS LTD","30"
"05-AUG-2026","HAPPSTMNDS","HAPPIEST MINDS TECHNO LTD","10"
"05-AUG-2026","HDFCLIFE","HDFC STANDARD LIFE INSURANCE COMPANY LIMITED","26"
"05-AUG-2026","HEG","HEG LIMITED","4,500"
"05-AUG-2026","HEROMOTOCO","HERO MOTOCORP LTD","3"
"05-AUG-2026","HFCL","HIMACHAL FUTURISTIC COMMUNICATIONS LIMITED","159"
"05-AUG-2026","HINDALCO","HINDALCO  INDUSTRIES  LTD","1,356"
"05-AUG-2026","HINDCOPPER","HINDUSTAN COPPER LIMITED","110"
"05-AUG-2026","HINDZINC","HINDUSTAN ZINC LIMITED","760"
"05-AUG-2026","ICICIBANK","ICICI BANK LTD.","2"
"05-AUG-2026","ICICIGI","ICICI LOMBARD GENERAL INSURANCE COMPANY LIMITED","1"
"05-AUG-2026","IDEA","Vodafone Idea Limited","1,000"
"05-AUG-2026","INDHOTEL","THE INDIAN HOTELS CO. LTD","10"
"05-AUG-2026","IOC","INDIAN OIL CORP LTD","2,000"
"05-AUG-2026","IREDA","INDIAN RENEWABLE ENERGY","13,600"
"05-AUG-2026","IRFC","IRFC","700"
"05-AUG-2026","IZMO","IZMO LIMITED","91"
"05-AUG-2026","JAMNAAUTO","JAMNA AUTO IND LTD       ","1"
"05-AUG-2026","JBMA","JBM AUTO LIMITED","300"
"05-AUG-2026","JIOFIN","JIO FIN SERVICES LTD","40"
"05-AUG-2026","JMFINANCIL","JM FINANCIAL LIMITED    ","1"
"05-AUG-2026","JUBLFOOD","JUBILANT FOODWORKS LTD","12,404"
"05-AUG-2026","KALYANKJIL","KALYAN JEWELLERS IND LTD","600"
"05-AUG-2026","KEI","KEI INDUSTRIES LTD.      ","48"
"05-AUG-2026","KERNEX","KERNEX MICROSYS(I) LTD","8"
"05-AUG-2026","KNRCON","KNR CONSTRU LTD","1"
"05-AUG-2026","LENSKART","LENSKART SOLUTIONS LTD","200"
"05-AUG-2026","LICI","LIFE INSURA CORP OF INDIA","1,81,660"
"05-AUG-2026","LIQUIDBEES","NIP IND ETF LIQUID BEES","1"
"05-AUG-2026","LLOYDSENGG","LLOYDS ENGG WORK LIMITED","1,000"
"05-AUG-2026","LT","LARSEN & TOUBRO LTD.","2"
"05-AUG-2026","M&M","MAHINDRA & MAHINDRA LTD","1"
"05-AUG-2026","MANAPPURAM","MANAPPURAM FINANCE LTD","50"
"05-AUG-2026","MAXHEALTH","MAX HEALTHCARE INS LTD","1"
"05-AUG-2026","MCX","MULTI COMMODITY EXCHANGE OF INDIA LIMITED","100"
"05-AUG-2026","MEDPLUS","MEDPLUS HEALTH SERV LTD","25"
"05-AUG-2026","MHRIL","MHRIL","1"
"05-AUG-2026","MOREPENLAB","MOREPEN LAB. LTD         ","25,079"
"05-AUG-2026","MPHASIS","MPHASIS LIMITED","5"
"05-AUG-2026","MSPL","MSP STEEL & POWER LTD.","2,690"
"05-AUG-2026","MSUMI","MOTHERSON SUMI WRNG IND L","9,826"
"05-AUG-2026","NAM-INDIA","NIPPON L I A M LTD","626"
"05-AUG-2026","NESTLEIND","NESTLE INDIA LIMITED","65"
"05-AUG-2026","NIACL","THE NEW INDIA ASSU CO LTD","121"
"05-AUG-2026","NRBBEARING","NRB BEARING LIMITED","5"
"05-AUG-2026","NTPC","NTPC LTD","11"
"05-AUG-2026","NYKAA","FSN E COMMERCE VENTURES","99"
"05-AUG-2026","OBEROIRLTY","OBEROI REALTY LIMITED","30"
"05-AUG-2026","OLAELEC","OLA ELECTRIC MOBILITY LTD","1,120"
"05-AUG-2026","ONGC","OIL AND NATURAL GAS CORP.","2,860"
"05-AUG-2026","PIDILITIND","PIDILITE INDUSTRIES LIMITED","4"
"05-AUG-2026","POLYCAB","POLYCAB INDIA LIMITED","10"
"05-AUG-2026","POWERGRID","POWER GRID CORP. LTD.","30"
"05-AUG-2026","POWERINDIA","ABB POWER PRO N SYS IND L","10"
"05-AUG-2026","PRINCEPIPE","PRINCEPIPE","1"
"05-AUG-2026","PTC","PTC INDIA LIMITED","1,000"
"05-AUG-2026","RADICO","RADICO KHAITAN LIMITED","1"
"05-AUG-2026","RAIN","RAIN INDUSTRIES LIMITED","4"
"05-AUG-2026","RBA","RESTAURANT BRAND ASIA LTD","25,721"
"05-AUG-2026","RBLBANK","RBL BANK LIMITED    ","1,001"
"05-AUG-2026","RELIANCE","RELIANCE INDUSTRIES LTD","4"
"05-AUG-2026","RELIGARE","RELIGARE ENTERPRISES LIMITED","3"
"05-AUG-2026","ROLEXRINGS","ROLEX RINGS LIMITED","50"
"05-AUG-2026","SAFARI","SAFARI IND (INDIA) LTD","2"
"05-AUG-2026","SAIL","STEEL AUTHORITY OF INDIA","1,593"
"05-AUG-2026","SAPPHIRE","SAPPHIRE FOODS INDIA LTD","1"
"05-AUG-2026","SBIN","STATE BANK OF INDIA","17"
"05-AUG-2026","SHRIRAMFIN","SHRIRAM FINANCE LIMITED","196"
"05-AUG-2026","SONACOMS","SONA BLW PRECISION FRGS L","1"
"05-AUG-2026","SOTL","SAVITA OIL TECHNOLO. LTD","10"
"05-AUG-2026","SUDEEPPHRM","SUDEEP PHARMA LIMITED","6,383"
"05-AUG-2026","SWIGGY","SWIGGY LIMITED","40,170"
"05-AUG-2026","TATAPOWER","TATA POWER CO LTD","50"
"05-AUG-2026","TCS","TATA CONSULTANCY SERV LT","10"
"05-AUG-2026","THANGAMAYL","THANGAMAYIL JEWELLERY LTD","64"
"05-AUG-2026","TRANSRAILL","TRANSRAIL LIGHTING LTD","1"
"05-AUG-2026","TVSMOTOR","TVS MOTOR COMPANY  LTD","19"
"05-AUG-2026","UFBL","UNITED FOODBRANDS LIMITED","803"
"05-AUG-2026","ULTRACEMCO","ULTRATECH CEMENT LIMITED","14"
"05-AUG-2026","VBL","VARUN BEVERAGES LIMITED    ","25"
"05-AUG-2026","VEDL","VEDANTA LIMITED","51"
"05-AUG-2026","VERANDA","VERANDA LEARNING SOL LTD","2,200"
"05-AUG-2026","VINDHYATEL","VINDHYA TELELINKS LTD","21"
"05-AUG-2026","WELSPUNLIV","WELSPUN LIVING LIMITED","1"
"05-AUG-2026","YASHO","YASHO INDUSTRIES LIMITED","1"
"06-AUG-2026","ADANIPOWER","ADANI POWER LTD","600"
"06-AUG-2026","AIIL","AUTHUM INVEST & INFRA LTD","1"
"06-AUG-2026","ALOKINDS","ALOKINDS","1,000"
"06-AUG-2026","ANUP","THE ANUP ENGINEERING LTD","100"
"06-AUG-2026","APLAPOLLO","APL APOLLO TUBES LTD","75"
"06-AUG-2026","ASHOKLEY","ASHOK LEYLAND LTD","58"
"06-AUG-2026","AUBANK","AU SMALL FINANCE BANK LIMITED","10"
"06-AUG-2026","AXISBANK","AXIS BANK LIMITED","5"
"06-AUG-2026","BAJAJELEC","BAJAJ ELECT.LTD","210"
"06-AUG-2026","BANDHANBNK","BANDHAN BANK LIMITED","500"
"06-AUG-2026","BANKBARODA","BANK OF BARODA","1"
"06-AUG-2026","BEL","BHARAT ELECTRONICS LTD","210"
"06-AUG-2026","BHARATFORG","BHARAT FORGE LTD","5"
"06-AUG-2026","BIOCON","BIOCON LIMITED.","265"
"06-AUG-2026","BLUESTARCO","BLUE STAR LIMITED","13,615"
"06-AUG-2026","CAMPUS","CAMPUS ACTIVEWEAR LIMITED","1,094"
"06-AUG-2026","CAMS","COMPUTER AGE MGMT SER LTD","25"
"06-AUG-2026","CAPACITE","CAPACITE INFRAPROJECT LTD","1"
"06-AUG-2026","CENTRALBK","CENTRAL BANK OF INDIA","1,000"
"06-AUG-2026","CONCOR","CONTAINER CORP OF IND LTD","2"
"06-AUG-2026","CREDITACC","CREDITACCESS GRAMEEN LTD","2"
"06-AUG-2026","CUMMINSIND","CUMMINS INDIA LTD","161"
"06-AUG-2026","DIACABS","DIAMOND POWER INFRA LTD","35"
"06-AUG-2026","DIXON","DIXON TECHNO (INDIA) LTD","550"
"06-AUG-2026","DRREDDY","DR. REDDY'S LABORATORIES","3,750"
"06-AUG-2026","EMIL","ELECTRONICS MART IND LTD","1"
"06-AUG-2026","EXIDEIND","EXIDE INDUSTRIES LTD","1"
"06-AUG-2026","FORCEMOT","FORCE MOTORS LIMITED","6"
"06-AUG-2026","FSL","FIRSTSOURCE SOLU. LTD.","600"
"06-AUG-2026","FUSION","FUSION MICRO FINANCE LTD","1"
"06-AUG-2026","GAEL","GAEL","10"
"06-AUG-2026","GMDCLTD","GUJARAT MINERAL DEV CORP","700"
"06-AUG-2026","HAL","HINDUSTAN AERONAUTICS LTD","223"
"06-AUG-2026","HEG","HEG LIMITED","200"
"06-AUG-2026","HFCL","HIMACHAL FUTURISTIC COMMUNICATIONS LIMITED","1"
"06-AUG-2026","HINDALCO","HINDALCO  INDUSTRIES  LTD","2"
"06-AUG-2026","HINDZINC","HINDUSTAN ZINC LIMITED","4"
"06-AUG-2026","IDEA","Vodafone Idea Limited","1"
"06-AUG-2026","INDGN","INDEGENE LIMITED","3"
"06-AUG-2026","IREDA","INDIAN RENEWABLE ENERGY","36,250"
"06-AUG-2026","JAMNAAUTO","JAMNA AUTO IND LTD       ","1"
"06-AUG-2026","JIOFIN","JIO FIN SERVICES LTD","300"
"06-AUG-2026","JSWDULUX","JSW DULUX LIMITED","90"
"06-AUG-2026","JSWENERGY","JSW ENERGY LIMITED","1"
"06-AUG-2026","JSWSTEEL","JSW STEEL LIMITED","40"
"06-AUG-2026","JYOTHYLAB","JYOTHY LABORATORIES LIMITED","250"
"06-AUG-2026","KALYANKJIL","KALYAN JEWELLERS IND LTD","600"
"06-AUG-2026","KARURVYSYA","KARUR VYSYA BANK LIMITED","100"
"06-AUG-2026","KEI","KEI INDUSTRIES LTD.      ","8"
"06-AUG-2026","KIMS","KRISHNA INST OF MED SCI L","2"
"06-AUG-2026","KNRCON","KNR CONSTRU LTD","1"
"06-AUG-2026","KPITTECH","KPIT TECHNOLOGIES LTD","4"
"06-AUG-2026","LICI","LIFE INSURA CORP OF INDIA","4,831"
"06-AUG-2026","LIQUIDBEES","NIP IND ETF LIQUID BEES","1"
"06-AUG-2026","LT","LARSEN & TOUBRO LTD.","12"
"06-AUG-2026","MANAPPURAM","MANAPPURAM FINANCE LTD","25"
"06-AUG-2026","MAZDOCK","MAZAGON DOCK SHIPBUIL LTD","10"
"06-AUG-2026","MOLDTKPAC","MOLD-TEK PACKAGING LTD","440"
"06-AUG-2026","MOTHERSON","SAMVRDHNA MTHRSN INT","1"
"06-AUG-2026","NIACL","THE NEW INDIA ASSU CO LTD","1"
"06-AUG-2026","OIL","OIL INDIA LTD","365"
"06-AUG-2026","ORIENTELEC","ORIENT ELECTRIC LTD","1"
"06-AUG-2026","PARAS","PARAS DEF AND SPCE TECH L","5"
"06-AUG-2026","PATANJALI","PATANJALI FOODS LIMITED","135"
"06-AUG-2026","PGHL","PROCTER & GAMBLE HEALTH L","50"
"06-AUG-2026","PINELABS","PINE LABS LIMITED","400"
"06-AUG-2026","PNBHOUSING","PNB HOUSING FIN LTD.   ","2"
"06-AUG-2026","POLICYBZR","PB FINTECH LIMITED","4"
"06-AUG-2026","POONAWALLA","POONAWALLA FINCORP LTD","50"
"06-AUG-2026","RAILTEL","RAILTEL","50"
"06-AUG-2026","RAIN","RAIN INDUSTRIES LIMITED","1"
"06-AUG-2026","RBA","RESTAURANT BRAND ASIA LTD","5,012"
"06-AUG-2026","RELIANCE","RELIANCE INDUSTRIES LTD","246"
"06-AUG-2026","RTNINDIA","RATTANINDIA ENT LIMITED","9,000"
"06-AUG-2026","RVNL","RVNL","101"
"06-AUG-2026","SBIN","STATE BANK OF INDIA","453"
"06-AUG-2026","SIEMENS","SIEMENS LTD","3"
"06-AUG-2026","SOTL","SAVITA OIL TECHNOLO. LTD","2"
"06-AUG-2026","SURYAROSNI","SURYA ROSHNI LTD","1"
"06-AUG-2026","SWIGGY","SWIGGY LIMITED","60"
"06-AUG-2026","TIMKEN","TIMKEN INDIA LTD.","100"
"06-AUG-2026","TMCV","TATA MOTORS LIMITED","600"
"06-AUG-2026","TRENT","TRENT LIMITED","70"
"06-AUG-2026","UNIONBANK","UNION BANK OF INDIA","527"
"06-AUG-2026","VBL","VARUN BEVERAGES LIMITED    ","50"
"06-AUG-2026","WELENT","WELSPUN ENTERPRISES LIMITED","31"
"06-AUG-2026","WOCKPHARMA","WOCKHARDT LIMITED","10"
"06-AUG-2026","YESBANK","YES BANK LIMITED","2,100"
"07-AUG-2026","360ONE","360 ONE WAM LIMITED","1"
"07-AUG-2026","ADANIPOWER","ADANI POWER LTD","299"
"07-AUG-2026","AGARWALEYE","DR AGARWALS HEALTH CARE L","3"
"07-AUG-2026","AGIIL","AGI INFRA LIMITED","1"
"07-AUG-2026","ALIVUS","ALIVUS LIFE SCIENCES LTD","2"
"07-AUG-2026","ARVSMART","ARVIND SMARTSPACES LTD","26"
"07-AUG-2026","ASHOKLEY","ASHOK LEYLAND LTD","900"
"07-AUG-2026","ASTRAL","ASTRAL POLY TECHNIK LIMITED","3,226"
"07-AUG-2026","AUROPHARMA","AUROBINDO PHARMA LTD","8"
"07-AUG-2026","BAJAJHIND","BAJAJ HINDUSTAN LTD","6"
"07-AUG-2026","BEL","BHARAT ELECTRONICS LTD","1"
"07-AUG-2026","BHARATFORG","BHARAT FORGE LTD","30"
"07-AUG-2026","BHEL","BHEL","10"
"07-AUG-2026","BRITANNIA","BRITANNIA INDUSTRIES LIMITED","1"
"07-AUG-2026","CANBK","CANARA BANK","2,650"
"07-AUG-2026","COCHINSHIP","COCHIN SHIPYARD LIMITED","50"
"07-AUG-2026","CUPID","CUPID LIMITED","2"
"07-AUG-2026","DECNGOLD","DECCAN GOLD MINES LTD.","1"
"07-AUG-2026","DEVYANI","DEVYANI INTERNATIONAL LTD","1"
"07-AUG-2026","DIACABS","DIAMOND POWER INFRA LTD","1,603"
"07-AUG-2026","DIXON","DIXON TECHNO (INDIA) LTD","100"
"07-AUG-2026","EMIL","ELECTRONICS MART IND LTD","6,501"
"07-AUG-2026","FEDERALBNK","FEDERAL BANK LTD","40"
"07-AUG-2026","GAIL","GAIL (INDIA) LTD","91"
"07-AUG-2026","GOLDIAM","GOLDIAM INTERNATIONAL LTD","2"
"07-AUG-2026","GULFOILLUB","GULF OIL LUB. IND. LTD.","1"
"07-AUG-2026","GVPIL","GE POWER INDIA LIMITED","361"
"07-AUG-2026","GVT&D","GE VERNOVA T&D INDIA LTD","9"
"07-AUG-2026","HAL","HINDUSTAN AERONAUTICS LTD","6"
"07-AUG-2026","HDFCBANK","HDFC BANK LTD","300"
"07-AUG-2026","HERITGFOOD","HERITAGE FOODS LTD    ","1"
"07-AUG-2026","HEROMOTOCO","HERO MOTOCORP LTD","101"
"07-AUG-2026","HINDALCO","HINDALCO  INDUSTRIES  LTD","2,190"
"07-AUG-2026","HINDUNILVR","HINDUSTAN UNILEVER LTD.","459"
"07-AUG-2026","HYUNDAI","HYUNDAI MOTOR INDIA LTD","7"
"07-AUG-2026","IDEA","Vodafone Idea Limited","71,475"
"07-AUG-2026","INDIANB","INDIAN BANK","1,000"
"07-AUG-2026","IOC","INDIAN OIL CORP LTD","150"
"07-AUG-2026","IREDA","INDIAN RENEWABLE ENERGY","13,575"
"07-AUG-2026","IRFC","IRFC","149"
"07-AUG-2026","ITC","ITC LTD","7,610"
"07-AUG-2026","JAMNAAUTO","JAMNA AUTO IND LTD       ","1"
"07-AUG-2026","JMFINANCIL","JM FINANCIAL LIMITED    ","10"
"07-AUG-2026","JUBLFOOD","JUBILANT FOODWORKS LTD","2,700"
"07-AUG-2026","KALYANKJIL","KALYAN JEWELLERS IND LTD","30"
"07-AUG-2026","KAYNES","KAYNES TECHNOLOGY IND LTD","503"
"07-AUG-2026","KNRCON","KNR CONSTRU LTD","1"
"07-AUG-2026","KPITTECH","KPIT TECHNOLOGIES LTD","1,400"
"07-AUG-2026","LAURUSLABS","LAURUS LABS LIMITED","1"
"07-AUG-2026","LICI","LIFE INSURA CORP OF INDIA","3,150"
"07-AUG-2026","LIQUIDBEES","NIP IND ETF LIQUID BEES","1"
"07-AUG-2026","LLOYDSENT","LLOYDS ENTERPRISES LTD","1"
"07-AUG-2026","LUPIN","LUPIN LIMITED","210"
"07-AUG-2026","M&M","MAHINDRA & MAHINDRA LTD","10"
"07-AUG-2026","M&MFIN","MAHINDRA & MAHINDRA FINANCIAL SERVICES LIMITED","200"
"07-AUG-2026","MANKIND","MANKIND PHARMA LIMITED","12"
"07-AUG-2026","MAXHEALTH","MAX HEALTHCARE INS LTD","6,757"
"07-AUG-2026","MCX","MULTI COMMODITY EXCHANGE OF INDIA LIMITED","20"
"07-AUG-2026","MFSL","MAX FINANCIAL SERV LTD","1,021"
"07-AUG-2026","MOTHERSON","SAMVRDHNA MTHRSN INT","1,693"
"07-AUG-2026","MPHASIS","MPHASIS LIMITED","1"
"07-AUG-2026","NMDC","NMDC LTD.","650"
"07-AUG-2026","PAGEIND","PAGE INDUSTRIES LTD","20"
"07-AUG-2026","PNBHOUSING","PNB HOUSING FIN LTD.   ","10"
"07-AUG-2026","POWERGRID","POWER GRID CORP. LTD.","100"
"07-AUG-2026","POWERINDIA","ABB POWER PRO N SYS IND L","25"
"07-AUG-2026","RAIN","RAIN INDUSTRIES LIMITED","1"
"07-AUG-2026","RATNAMANI","RATNAMANI","50"
"07-AUG-2026","RBA","RESTAURANT BRAND ASIA LTD","43"
"07-AUG-2026","RELIANCE","RELIANCE INDUSTRIES LTD","174"
"07-AUG-2026","REPCOHOME","REPCO HOME FINANCE LTD   ","3"
"07-AUG-2026","ROLEXRINGS","ROLEX RINGS LIMITED","1"
"07-AUG-2026","SAIL","STEEL AUTHORITY OF INDIA","500"
"07-AUG-2026","SAPPHIRE","SAPPHIRE FOODS INDIA LTD","21"
"07-AUG-2026","SBCL","SHIVALIK BIMETAL CON. LTD","1,33,603"
"07-AUG-2026","SBIN","STATE BANK OF INDIA","112"
"07-AUG-2026","SCI","SHIPPING CORP OF INDIA LT","1,200"
"07-AUG-2026","SETFNIFBK","SBI-ETF NIFTY BANK","30"
"07-AUG-2026","SHRIPISTON","SHRIRAM PIST. & RING LTD","50"
"07-AUG-2026","SHRIRAMPPS","SHRIRAM PROPERTIES LTD","5"
"07-AUG-2026","SONACOMS","SONA BLW PRECISION FRGS L","3"
"07-AUG-2026","STARCEMENT","STARCEMENT","1,500"
"07-AUG-2026","SUMICHEM","SUMITOMO CHEM INDIA LTD","11"
"07-AUG-2026","SURYAROSNI","SURYA ROSHNI LTD","1"
"07-AUG-2026","SUZLON","SUZLON ENERGY LIMITED","1"
"07-AUG-2026","SWARAJENG","SWARAJ ENGINES LTD","9"
"07-AUG-2026","TATAPOWER","TATA POWER CO LTD","100"
"07-AUG-2026","TATATECH","TATA TECHNOLOGIES LIMITED","1"
"07-AUG-2026","TCS","TATA CONSULTANCY SERV LT","1,402"
"07-AUG-2026","TMPV","TATA MOTORS PASS VEH LTD","1,464"
"07-AUG-2026","TRAVELFOOD","TRAVEL FOOD SERVICES LTD","43"
"07-AUG-2026","TRENT","TRENT LIMITED","5,387"
"07-AUG-2026","TTML","TATA TELESERV(MAHARASTRA)","199"
"07-AUG-2026","UNIONBANK","UNION BANK OF INDIA","450"
"07-AUG-2026","UNITDSPR","UNITED SPIRITS LIMITED","20"
"07-AUG-2026","VGUARD","V-GUARD IND LTD.    ","1"
"10-AUG-2026","AARTIPHARM","AARTI PHARMALABS LIMITED","20,302"
"10-AUG-2026","AFCONS","AFCONS INFRASTRUCTURE LTD","33"
"10-AUG-2026","AGARWALEYE","DR AGARWALS HEALTH CARE L","14"
"10-AUG-2026","AMBER","AMBER ENTERPRISES (I) LTD","100"
"10-AUG-2026","ANANTRAJ","ANANT RAJ LIMITED","1"
"10-AUG-2026","ASTRAMICRO","ASTRAMICRO","100"
"10-AUG-2026","ASTRAZEN","ASTRAZENECA PHARMA IND LT","50"
"10-AUG-2026","AUROPHARMA","AUROBINDO PHARMA LTD","2"
"10-AUG-2026","AVALON","AVALON TECHNOLOGIES LTD","15"
"10-AUG-2026","BCG","BRIGHTCOM GROUP LIMITED","1"
"10-AUG-2026","BEL","BHARAT ELECTRONICS LTD","51"
"10-AUG-2026","BHARATFORG","BHARAT FORGE LTD","200"
"10-AUG-2026","BHEL","BHEL","1,051"
"10-AUG-2026","BLUESTARCO","BLUE STAR LIMITED","325"
"10-AUG-2026","BLUESTONE","BLUESTONE JEWEL LFSTL LTD","6"
"10-AUG-2026","BPCL","BHARAT PETROLEUM CORP  LT","1,600"
"10-AUG-2026","BRIGADE","BRIGADE ENTER. LTD","1"
"10-AUG-2026","COALINDIA","COALINDIA","1"
"10-AUG-2026","COSMOFIRST","COSMO FIRST LIMITED","200"
"10-AUG-2026","CUPID","CUPID LIMITED","1"
"10-AUG-2026","DELHIVERY","DELHIVERY LIMITED","3,002"
"10-AUG-2026","DIACABS","DIAMOND POWER INFRA LTD","199"
"10-AUG-2026","DIXON","DIXON TECHNO (INDIA) LTD","1,856"
"10-AUG-2026","DLF","DLF LIMITED","1,199"
"10-AUG-2026","DRREDDY","DR. REDDY'S LABORATORIES","50"
"10-AUG-2026","EBGNG","GNG ELECTRONICS LIMITED","43"
"10-AUG-2026","EMBDL","EQUINOX INDIA DEV LTD","1"
"10-AUG-2026","EMIL","ELECTRONICS MART IND LTD","2,103"
"10-AUG-2026","FEDERALBNK","FEDERAL BANK LTD","10,000"
"10-AUG-2026","GLAXO","GLAXOSMITHKLINE PHARMA LT","50"
"10-AUG-2026","GMDCLTD","GUJARAT MINERAL DEV CORP","500"
"10-AUG-2026","GRASIM","GRASIM INDUSTRIES LTD","54"
"10-AUG-2026","GVPIL","GE POWER INDIA LIMITED","703"
"10-AUG-2026","HCLTECH","HCL TECHNOLOGIES LTD","10"
"10-AUG-2026","HDFCBANK","HDFC BANK LTD","106"
"10-AUG-2026","HDFCLIFE","HDFC STANDARD LIFE INSURANCE COMPANY LIMITED","140"
"10-AUG-2026","HFCL","HIMACHAL FUTURISTIC COMMUNICATIONS LIMITED","27"
"10-AUG-2026","HINDCOPPER","HINDUSTAN COPPER LIMITED","2"
"10-AUG-2026","ICICIBANK","ICICI BANK LTD.","11"
"10-AUG-2026","ICICIPRULI","ICICI PRU LIFE INS CO LTD ","10"
"10-AUG-2026","IDEA","Vodafone Idea Limited","2,00,001"
"10-AUG-2026","IOLCP","IOL CHEM AND PHARMA LTD","500"
"10-AUG-2026","JSWENERGY","JSW ENERGY LIMITED","2"
"10-AUG-2026","JSWINFRA","JSW INFRASTRUCTURE LTD","50"
"10-AUG-2026","JUBLFOOD","JUBILANT FOODWORKS LTD","13,600"
"10-AUG-2026","KALYANKJIL","KALYAN JEWELLERS IND LTD","5"
"10-AUG-2026","KIMS","KRISHNA INST OF MED SCI L","2"
"10-AUG-2026","LTF","L&T FINANCE LIMITED","40"
"10-AUG-2026","M&M","MAHINDRA & MAHINDRA LTD","1"
"10-AUG-2026","MANINDS","MAN INDUSTRIES (I) LTD.  ","300"
"10-AUG-2026","MAPMYINDIA","C.E. INFO SYSTEMS LIMITED","50"
"10-AUG-2026","MAXHEALTH","MAX HEALTHCARE INS LTD","856"
"10-AUG-2026","MOBIKWIK","ONE MOBIKWIK SYSTEMS LTD","130"
"10-AUG-2026","MOTHERSON","SAMVRDHNA MTHRSN INT","1"
"10-AUG-2026","NAM-INDIA","NIPPON L I A M LTD","1,875"
"10-AUG-2026","NMDC","NMDC LTD.","200"
"10-AUG-2026","OFSS","Oracle Financial Services Software Limited","30"
"10-AUG-2026","OIL","OIL INDIA LTD","200"
"10-AUG-2026","OSWALPUMPS","OSWAL PUMPS LIMITED","62"
"10-AUG-2026","PARKHOSPS","PARK MEDI WORLD LIMITED","500"
"10-AUG-2026","PAYTM","ONE 97 COMMUNICATIONS LTD","23,075"
"10-AUG-2026","PFC","POWER FIN CORP LTD.","1"
"10-AUG-2026","PIIND","PI INDUSTRIES LTD        ","2,275"
"10-AUG-2026","PINELABS","PINE LABS LIMITED","50"
"10-AUG-2026","POLICYBZR","PB FINTECH LIMITED","10"
"10-AUG-2026","POLYPLEX","POLYPLEX CORPORATION LTD","2"
"10-AUG-2026","POWERINDIA","ABB POWER PRO N SYS IND L","45"
"10-AUG-2026","QUESS","QUESS CORP LIMITED","1,750"
"10-AUG-2026","RAMCOCEM","THE RAMCO CEMENTS LIMITED","3,650"
"10-AUG-2026","RATEGAIN","RATEGAIN TRAVEL TECHN LTD","10"
"10-AUG-2026","RBA","RESTAURANT BRAND ASIA LTD","43"
"10-AUG-2026","RELIANCE","RELIANCE INDUSTRIES LTD","89"
"10-AUG-2026","RKFORGE","RAMKRISHNA FORGINGS LTD","5"
"10-AUG-2026","SAIL","STEEL AUTHORITY OF INDIA","100"
"10-AUG-2026","SANGHVIMOV","SANGHVI MOVERS LTD","1,630"
"10-AUG-2026","SASKEN","SASKEN COMMU TECHNO LTD","1"
"10-AUG-2026","SBCL","SHIVALIK BIMETAL CON. LTD","64,303"
"10-AUG-2026","SBIN","STATE BANK OF INDIA","98"
"10-AUG-2026","SENCO","SENCO GOLD LIMITED","500"
"10-AUG-2026","SHADOWFAX","SHADOWFAX TECHNOLOGIES L","1"
"10-AUG-2026","SHAILY","SHAILY ENG PLASTICS LTD","8"
"10-AUG-2026","SIEMENS","SIEMENS LTD","229"
"10-AUG-2026","SKYGOLD","SKY GOLD AND DIAMONDS LTD","1"
"10-AUG-2026","SOLARINDS","SOLAR INDUSTRIES (I) LTD","1"
"10-AUG-2026","SUDEEPPHRM","SUDEEP PHARMA LIMITED","5,464"
"10-AUG-2026","SUMICHEM","SUMITOMO CHEM INDIA LTD","1"
"10-AUG-2026","SWIGGY","SWIGGY LIMITED","706"
"10-AUG-2026","TANLA","TANLA PLATFORMS LIMITED","10"
"10-AUG-2026","TATACHEM","TATA CHEMICALS LTD","1"
"10-AUG-2026","TATAELXSI","TATA ELXSI LIMITED       ","50"
"10-AUG-2026","TATAPOWER","TATA POWER CO LTD","2"
"10-AUG-2026","TATASTEEL","TATA STEEL LIMITED","200"
"10-AUG-2026","TCS","TATA CONSULTANCY SERV LT","200"
"10-AUG-2026","TECHM","TECH MAHINDRA LIMITED","200"
"10-AUG-2026","TIINDIA","TUBE INVEST OF INDIA LTD","75"
"10-AUG-2026","TITAN","TITAN INDUSTRIES LTD","15"
"10-AUG-2026","TMCV","TATA MOTORS LIMITED","1"
"10-AUG-2026","TMPV","TATA MOTORS PASS VEH LTD","139"
"10-AUG-2026","TRENT","TRENT LIMITED","50"
"10-AUG-2026","UNITDSPR","UNITED SPIRITS LIMITED","1"
"10-AUG-2026","UNIVCABLES","UNIVERSAL CABLES LTD","8,082"
"10-AUG-2026","URBANCO","URBAN COMPANY LIMITED","25"
"10-AUG-2026","UTIAMC","UTI ASSET MNGMT CO LTD","1"
"10-AUG-2026","VARROC","VARROC ENGINEERING LTD.","1"
"10-AUG-2026","VBL","VARUN BEVERAGES LIMITED    ","50"
"10-AUG-2026","VEDL","VEDANTA LIMITED","49"
"10-AUG-2026","VINDHYATEL","VINDHYA TELELINKS LTD","20"
"10-AUG-2026","WOCKPHARMA","WOCKHARDT LIMITED","100"
"11-AUG-2026","AARTIPHARM","AARTI PHARMALABS LIMITED","126"
"11-AUG-2026","ADANIPOWER","ADANI POWER LTD","1"
"11-AUG-2026","AMBUJACEM","AMBUJA CEMENTS LTD","21"
"11-AUG-2026","ARVIND","ARVIND LIMITED","2,850"
"11-AUG-2026","AZAD","AZAD ENGINEERING LIMITED","75"
"11-AUG-2026","BAJAJ-AUTO","BAJAJ AUTO LIMITED","150"
"11-AUG-2026","BAJAJHIND","BAJAJ HINDUSTAN LTD","590"
"11-AUG-2026","BANDHANBNK","BANDHAN BANK LIMITED","25"
"11-AUG-2026","BANKBARODA","BANK OF BARODA","8"
"11-AUG-2026","BELRISE","BELRISE INDUSTRIES LTD","1,000"
"11-AUG-2026","BHEL","BHEL","75"
"11-AUG-2026","BOSCHLTD","BOSCH LIMITED","6"
"11-AUG-2026","CAMLINFINE","CAMLIN FINE SCIENCES LTD ","270"
"11-AUG-2026","CHOLAFIN","CHOLAMANDALAM IN & FIN CO","1,875"
"11-AUG-2026","COALINDIA","COALINDIA","100"
"11-AUG-2026","CROMPTON","CROMPT GREA CON ELEC LTD  ","45"
"11-AUG-2026","CUMMINSIND","CUMMINS INDIA LTD","109"
"11-AUG-2026","DIACABS","DIAMOND POWER INFRA LTD","32"
"11-AUG-2026","DIAMONDYD","PRATAAP SNACKS LIMITED","4"
"11-AUG-2026","DIVISLAB","DIVI'S LABORATORIES LTD","48"
"11-AUG-2026","DIXON","DIXON TECHNO (INDIA) LTD","350"
"11-AUG-2026","DLF","DLF LIMITED","29"
"11-AUG-2026","DRREDDY","DR. REDDY'S LABORATORIES","63"
"11-AUG-2026","EMIL","ELECTRONICS MART IND LTD","2,001"
"11-AUG-2026","ETERNAL","ETERNAL LIMITED","244"
"11-AUG-2026","EXIDEIND","EXIDE INDUSTRIES LTD","100"
"11-AUG-2026","FEDERALBNK","FEDERAL BANK LTD","1,611"
"11-AUG-2026","FEDFINA","FEDBANK FINANCIAL SER L","107"
"11-AUG-2026","GLENMARK","GLENMARK PHARMACEUTICALS LIMITED","263"
"11-AUG-2026","GPIL","GPIL","15,000"
"11-AUG-2026","HCC","HINDUSTAN CONSTRUCTION CO","10"
"11-AUG-2026","HDFCLIFE","HDFC STANDARD LIFE INSURANCE COMPANY LIMITED","8"
"11-AUG-2026","HEROMOTOCO","HERO MOTOCORP LTD","1,000"
"11-AUG-2026","HINDOILEXP","HINDUSTAN OIL EXPLORATION","71"
"11-AUG-2026","HIRECT","HIND RECTIFIER LIMITED","200"
"11-AUG-2026","IDEA","Vodafone Idea Limited","26,500"
"11-AUG-2026","IKS","INVENTURUS KNOWLEDGE SO L","500"
"11-AUG-2026","INDIGO","INTERGLOBE AVIATION LTD  ","3"
"11-AUG-2026","INFY","INFOSYS TECHNOLOGIES LTD","19"
"11-AUG-2026","IREDA","INDIAN RENEWABLE ENERGY","4,525"
"11-AUG-2026","JUBLFOOD","JUBILANT FOODWORKS LTD","6,234"
"11-AUG-2026","JUBLPHARMA","JUBLPHARMA","95"
"11-AUG-2026","JUSTDIAL","JUST DIAL LIMITED","50"
"11-AUG-2026","KALYANKJIL","KALYAN JEWELLERS IND LTD","1"
"11-AUG-2026","KOTAKBANK","KOTAK MAHINDRA BANK LTD","1"
"11-AUG-2026","KSB","KSB","1"
"11-AUG-2026","LICHSGFIN","LIC HOUSING FINANCE LTD","70"
"11-AUG-2026","LUMAXTECH","LUMAX AUTO TECH LTD","300"
"11-AUG-2026","MANGLMCEM","MANGALAM CEMENT LTD","45"
"11-AUG-2026","MANKIND","MANKIND PHARMA LIMITED","1"
"11-AUG-2026","MCX","MULTI COMMODITY EXCHANGE OF INDIA LIMITED","65"
"11-AUG-2026","MOSCHIP","MOSCHIP TECHNOLOGIES LTD","1"
"11-AUG-2026","MOTHERSON","SAMVRDHNA MTHRSN INT","4,000"
"11-AUG-2026","MOTILALOFS","MOTILAL OSWAL FIN LTD   ","1"
"11-AUG-2026","MPHASIS","MPHASIS LIMITED","1"
"11-AUG-2026","MRPL","MRPL","102"
"11-AUG-2026","NATIONALUM","NATIONAL ALUMINIUM CO LTD","200"
"11-AUG-2026","NAUKRI","INFO EDGE (I) LTD","25"
"11-AUG-2026","NIACL","THE NEW INDIA ASSU CO LTD","40"
"11-AUG-2026","NPST","NETWORK PEOPLE SRV TECH L","5"
"11-AUG-2026","NTPC","NTPC LTD","5"
"11-AUG-2026","OFSS","Oracle Financial Services Software Limited","1,008"
"11-AUG-2026","OIL","OIL INDIA LTD","903"
"11-AUG-2026","ORISSAMINE","ORISSA MIN DEV CO LTD","12"
"11-AUG-2026","PAYTM","ONE 97 COMMUNICATIONS LTD","11"
"11-AUG-2026","PERSISTENT","PERSISTENT SYSTEMS LTD","3"
"11-AUG-2026","PETRONET","PETRONET LNG LIMITED","200"
"11-AUG-2026","PIDILITIND","PIDILITE INDUSTRIES LIMITED","11,550"
"11-AUG-2026","PIIND","PI INDUSTRIES LTD        ","8,050"
"11-AUG-2026","PINELABS","PINE LABS LIMITED","8,985"
"11-AUG-2026","PNB","PUNJAB NATIONAL BANK","20"
"11-AUG-2026","POLICYBZR","PB FINTECH LIMITED","34"
"11-AUG-2026","POWERINDIA","ABB POWER PRO N SYS IND L","66"
"11-AUG-2026","PRSMJOHNSN","PRISM JOHNSON LIMITED","270"
"11-AUG-2026","RBA","RESTAURANT BRAND ASIA LTD","129"
"11-AUG-2026","RECLTD","RURAL ELEC CORP. LTD.","6,300"
"11-AUG-2026","RELIANCE","RELIANCE INDUSTRIES LTD","1,25,000"
"11-AUG-2026","RVNL","RVNL","100"
"11-AUG-2026","SAIL","STEEL AUTHORITY OF INDIA","50"
"11-AUG-2026","SBCL","SHIVALIK BIMETAL CON. LTD","2,105"
"11-AUG-2026","SBIN","STATE BANK OF INDIA","98"
"11-AUG-2026","SENORES","SENORES PHARMACEUTICALS L","50"
"11-AUG-2026","SHADOWFAX","SHADOWFAX TECHNOLOGIES L","2"
"11-AUG-2026","SIEMENS","SIEMENS LTD","973"
"11-AUG-2026","SMSPHARMA","SMS PHARMACEUTICALS LTD.","1"
"11-AUG-2026","SPARC","SUN PHARMA ADV.RES.CO.LTD","400"
"11-AUG-2026","SURYAROSNI","SURYA ROSHNI LTD","500"
"11-AUG-2026","SUZLON","SUZLON ENERGY LIMITED","586"
"11-AUG-2026","SWIGGY","SWIGGY LIMITED","7,300"
"11-AUG-2026","TIINDIA","TUBE INVEST OF INDIA LTD","20"
"11-AUG-2026","TITAN","TITAN INDUSTRIES LTD","6,484"
"11-AUG-2026","UNITDSPR","UNITED SPIRITS LIMITED","1"
"11-AUG-2026","UNIVCABLES","UNIVERSAL CABLES LTD","40"
"11-AUG-2026","VEDL","VEDANTA LIMITED","6"
"11-AUG-2026","VINATIORGA","VINATI ORGANICS LTD","200"
"11-AUG-2026","WIPRO","WIPRO LTD","1"
"11-AUG-2026","YESBANK","YES BANK LIMITED","14,000"
"11-AUG-2026","ZYDUSLIFE","ZYDUS LIFESCIENCES","200"
"12-AUG-2026","AARTIPHARM","AARTI PHARMALABS LIMITED","9"
"12-AUG-2026","ADANIPORTS","ADANI PORT & SEZ LTD","50"
"12-AUG-2026","AFFLE","AFFLE (INDIA) LIMITED","50"
"12-AUG-2026","AKUMS","AKUMS DRUGS AND PHARMA L","1"
"12-AUG-2026","APARINDS","APAR INDUSTRIES LTD.","20"
"12-AUG-2026","ARVIND","ARVIND LIMITED","62"
"12-AUG-2026","ASTRAL","ASTRAL POLY TECHNIK LIMITED","1,106"
"12-AUG-2026","ATHERENERG","ATHER ENERGY LIMITED","2"
"12-AUG-2026","BAJAJ-AUTO","BAJAJ AUTO LIMITED","1"
"12-AUG-2026","BAJFINANCE","BAJAJ FINANCE LIMITED","30"
"12-AUG-2026","BANDHANBNK","BANDHAN BANK LIMITED","5,781"
"12-AUG-2026","BELRISE","BELRISE INDUSTRIES LTD","500"
"12-AUG-2026","BHARATFORG","BHARAT FORGE LTD","1"
"12-AUG-2026","BHARTIARTL","BHARTI AIRTEL LIMITED","508"
"12-AUG-2026","BHEL","BHEL","86"
"12-AUG-2026","BRITANNIA","BRITANNIA INDUSTRIES LIMITED","13"
"12-AUG-2026","CANBK","CANARA BANK","200"
"12-AUG-2026","CAPLIPOINT","CAPLIN POINT LABORATORIES LIMITED","100"
"12-AUG-2026","CGPOWER","CG POWER AND INDUSTRIAL SOLUTIONS LIMITED","50"
"12-AUG-2026","CHENNPETRO","CHENNAI PETROLEUM CORP LT","10"
"12-AUG-2026","DATAPATTNS","DATA PATTERNS INDIA LTD","46"
"12-AUG-2026","DECNGOLD","DECCAN GOLD MINES LTD.","1"
"12-AUG-2026","DIXON","DIXON TECHNO (INDIA) LTD","5"
"12-AUG-2026","DRREDDY","DR. REDDY'S LABORATORIES","9,415"
"12-AUG-2026","EBGNG","GNG ELECTRONICS LIMITED","19"
"12-AUG-2026","EIDPARRY","EID PARRY INDIA LTD","200"
"12-AUG-2026","EMIL","ELECTRONICS MART IND LTD","1,000"
"12-AUG-2026","EMUDHRA","EMUDHRA LIMITED","50"
"12-AUG-2026","ETERNAL","ETERNAL LIMITED","3"
"12-AUG-2026","FLUOROCHEM","FLUOROCHEM","50"
"12-AUG-2026","GAIL","GAIL (INDIA) LTD","10,650"
"12-AUG-2026","GICRE","GENERAL INSURANCE CORPORATION OF INDIA","476"
"12-AUG-2026","GLENMARK","GLENMARK PHARMACEUTICALS LIMITED","30"
"12-AUG-2026","GRASIM","GRASIM INDUSTRIES LTD","100"
"12-AUG-2026","HAL","HINDUSTAN AERONAUTICS LTD","50"
"12-AUG-2026","HDFCPVTBAN","HDFCAMC - HDFCPVTBAN","50"
"12-AUG-2026","HINDALCO","HINDALCO  INDUSTRIES  LTD","4"
"12-AUG-2026","HINDUNILVR","HINDUSTAN UNILEVER LTD.","53"
"12-AUG-2026","ICICIBANK","ICICI BANK LTD.","6"
"12-AUG-2026","IDBI","IDBI Bank Limited","100"
"12-AUG-2026","IDEA","Vodafone Idea Limited","4,001"
"12-AUG-2026","INDHOTEL","THE INDIAN HOTELS CO. LTD","1"
"12-AUG-2026","INGERRAND","INGERSOLL-RAND INDIA LTD","2"
"12-AUG-2026","IREDA","INDIAN RENEWABLE ENERGY","3,955"
"12-AUG-2026","IRFC","IRFC","20,950"
"12-AUG-2026","KAYNES","KAYNES TECHNOLOGY IND LTD","3"
"12-AUG-2026","KITEX","KITEX GARMENTS LTD       ","1"
"12-AUG-2026","KPIL","Kalpataru Project In","1,700"
"12-AUG-2026","KTKBANK","KARNATAKA BANK LIMITED","1"
"12-AUG-2026","LICHSGFIN","LIC HOUSING FINANCE LTD","57"
"12-AUG-2026","LICI","LIFE INSURA CORP OF INDIA","120"
"12-AUG-2026","LTM","LTIMINDTREE LIMITED","5,250"
"12-AUG-2026","MAHABANK","MAHABANK","2,001"
"12-AUG-2026","MANINDS","MAN INDUSTRIES (I) LTD.  ","200"
"12-AUG-2026","MASPTOP50","MIRAEAMC - MASPTOP50","89"
"12-AUG-2026","MAXHEALTH","MAX HEALTHCARE INS LTD","1"
"12-AUG-2026","MCX","MULTI COMMODITY EXCHANGE OF INDIA LIMITED","86"
"12-AUG-2026","MIDHANI","MIDHANI","500"
"12-AUG-2026","MOTHERSON","SAMVRDHNA MTHRSN INT","465"
"12-AUG-2026","MOTILALOFS","MOTILAL OSWAL FIN LTD   ","2"
"12-AUG-2026","NATIONALUM","NATIONAL ALUMINIUM CO LTD","1,000"
"12-AUG-2026","NESTLEIND","NESTLE INDIA LIMITED","6,500"
"12-AUG-2026","NEXT50","MIRAEAMC - MANXT50","1"
"12-AUG-2026","NMDC","NMDC LTD.","450"
"12-AUG-2026","OBEROIRLTY","OBEROI REALTY LIMITED","160"
"12-AUG-2026","OIL","OIL INDIA LTD","101"
"12-AUG-2026","PAYTM","ONE 97 COMMUNICATIONS LTD","10"
"12-AUG-2026","PFC","POWER FIN CORP LTD.","1"
"12-AUG-2026","PFIZER","PFIZER LIMITED","1"
"12-AUG-2026","PIDILITIND","PIDILITE INDUSTRIES LIMITED","50"
"12-AUG-2026","PIIND","PI INDUSTRIES LTD        ","875"
"12-AUG-2026","PNB","PUNJAB NATIONAL BANK","35"
"12-AUG-2026","PRAKASH","PRAKASH INDUSTRIES LIMITED","1"
"12-AUG-2026","QUESS","QUESS CORP LIMITED","3,800"
"12-AUG-2026","RBA","RESTAURANT BRAND ASIA LTD","51"
"12-AUG-2026","RECLTD","RURAL ELEC CORP. LTD.","1"
"12-AUG-2026","RELIANCE","RELIANCE INDUSTRIES LTD","1"
"12-AUG-2026","RELIGARE","RELIGARE ENTERPRISES LIMITED","1"
"12-AUG-2026","RTNPOWER","RATTANINDIA POWER LIMITED","5"
"12-AUG-2026","SAIL","STEEL AUTHORITY OF INDIA","3,302"
"12-AUG-2026","SAILIFE","SAI LIFE SCIENCES LIMITED","4"
"12-AUG-2026","SAPPHIRE","SAPPHIRE FOODS INDIA LTD","1"
"12-AUG-2026","SEDEMAC","SEDEMAC MECHATRONICS LTD","50"
"12-AUG-2026","SHILPAMED","SHILPA MEDICARE LTD","2"
"12-AUG-2026","SIEMENS","SIEMENS LTD","311"
"12-AUG-2026","STALLION","STALLION IND FLUOROCHEM L","9"
"12-AUG-2026","TATACHEM","TATA CHEMICALS LTD","500"
"12-AUG-2026","TMCV","TATA MOTORS LIMITED","350"
"12-AUG-2026","UNITDSPR","UNITED SPIRITS LIMITED","6"
"12-AUG-2026","VIKRAMSOLR","VIKRAM SOLAR LIMITED","1,500"
"12-AUG-2026","VIYASH","VIYASH SCIENTIFIC LIMITED","1"
"12-AUG-2026","WELSPUNLIV","WELSPUN LIVING LIMITED","1"
"12-AUG-2026","ZEEL","ZEE ENTERTAINMENT ENT LTD","265"
"13-AUG-2026","ADANIENSOL","ADANI ENERGY SOLUTION LTD","150"
"13-AUG-2026","ADANIPOWER","ADANI POWER LTD","5"
"13-AUG-2026","AEROFLEX","AEROFLEX INDUSTRIES LTD","162"
"13-AUG-2026","AMAGI","AMAGI MEDIA LABS LIMITED","441"
"13-AUG-2026","AMBER","AMBER ENTERPRISES (I) LTD","20"
"13-AUG-2026","APARINDS","APAR INDUSTRIES LTD.","1"
"13-AUG-2026","ASIANPAINT","ASIAN PAINTS LIMITED","88"
"13-AUG-2026","AWFIS","AWFIS SPACE SOLUTIONS LTD","1"
"13-AUG-2026","BAJAJFINSV","BAJAJ FINSERV LIMITED","294"
"13-AUG-2026","BDL","BHARAT DYNAMICS LIMITED","2"
"13-AUG-2026","BHARATFORG","BHARAT FORGE LTD","175"
"13-AUG-2026","BHARTIARTL","BHARTI AIRTEL LIMITED","7"
"13-AUG-2026","BHEL","BHEL","9,999"
"13-AUG-2026","BLS","BLS INTL SERVS LTD","1"
"13-AUG-2026","BSE","BSE LIMITED","150"
"13-AUG-2026","COFORGE","COFORGE LIMITED","50"
"13-AUG-2026","CONCOR","CONTAINER CORP OF IND LTD","726"
"13-AUG-2026","CUB","CITY UNION BANK LTD      ","1"
"13-AUG-2026","DIAMONDYD","PRATAAP SNACKS LIMITED","70"
"13-AUG-2026","DLF","DLF LIMITED","100"
"13-AUG-2026","DRREDDY","DR. REDDY'S LABORATORIES","8,750"
"13-AUG-2026","EDELWEISS","EDELWEISS FIN SERV LTD","400"
"13-AUG-2026","ETERNAL","ETERNAL LIMITED","15"
"13-AUG-2026","ETHOSLTD","ETHOS LIMITED","50"
"13-AUG-2026","GAIL","GAIL (INDIA) LTD","46,150"
"13-AUG-2026","GHCL","GHCL LIMITED","191"
"13-AUG-2026","GLENMARK","GLENMARK PHARMACEUTICALS LIMITED","388"
"13-AUG-2026","GOKULAGRO","GOKUL AGRO RESOURCES LTD","1"
"13-AUG-2026","GRAPHITE","GRAPHITE INDIA LIMITED","100"
"13-AUG-2026","HFCL","HIMACHAL FUTURISTIC COMMUNICATIONS LIMITED","41"
"13-AUG-2026","HINDUNILVR","HINDUSTAN UNILEVER LTD.","982"
"13-AUG-2026","HINDZINC","HINDUSTAN ZINC LIMITED","38"
"13-AUG-2026","HUBTOWN","HUBTOWN LIMITED","7"
"13-AUG-2026","ICICIGI","ICICI LOMBARD GENERAL INSURANCE COMPANY LIMITED","4"
"13-AUG-2026","IDEA","Vodafone Idea Limited","64"
"13-AUG-2026","IGL","INDRAPRASTHA GAS LTD","2,000"
"13-AUG-2026","INGERRAND","INGERSOLL-RAND INDIA LTD","1"
"13-AUG-2026","INOXWIND","INOX WIND LIMITED        ","1"
"13-AUG-2026","IRCTC","INDIAN RAIL TOUR CORP LTD","17"
"13-AUG-2026","JIOFIN","JIO FIN SERVICES LTD","50"
"13-AUG-2026","JKIL","J.KUMAR INFRAPROJECTS LIMITED","450"
"13-AUG-2026","JMFINANCIL","JM FINANCIAL LIMITED    ","1"
"13-AUG-2026","JUBLFOOD","JUBILANT FOODWORKS LTD","1,450"
"13-AUG-2026","JYOTICNC","JYOTI CNC AUTOMATION LTD","1"
"13-AUG-2026","KALYANKJIL","KALYAN JEWELLERS IND LTD","125"
"13-AUG-2026","KAYNES","KAYNES TECHNOLOGY IND LTD","537"
"13-AUG-2026","KERNEX","KERNEX MICROSYS(I) LTD","1"
"13-AUG-2026","KOTAKBANK","KOTAK MAHINDRA BANK LTD","44,107"
"13-AUG-2026","KPITTECH","KPIT TECHNOLOGIES LTD","1,250"
"13-AUG-2026","LENSKART","LENSKART SOLUTIONS LTD","2,88,500"
"13-AUG-2026","LGBBROSLTD","LG BALAKRISHNAN & BROS","10"
"13-AUG-2026","LIQUIDBEES","NIP IND ETF LIQUID BEES","129"
"13-AUG-2026","LTM","LTIMINDTREE LIMITED","4,500"
"13-AUG-2026","M&M","MAHINDRA & MAHINDRA LTD","50"
"13-AUG-2026","M&MFIN","MAHINDRA & MAHINDRA FINANCIAL SERVICES LIMITED","1,150"
"13-AUG-2026","MAHABANK","MAHABANK","1"
"13-AUG-2026","MANINDS","MAN INDUSTRIES (I) LTD.  ","8"
"13-AUG-2026","MARICO","MARICO LIMITED","1,626"
"13-AUG-2026","MAZDOCK","MAZAGON DOCK SHIPBUIL LTD","55"
"13-AUG-2026","MCX","MULTI COMMODITY EXCHANGE OF INDIA LIMITED","100"
"13-AUG-2026","MOREPENLAB","MOREPEN LAB. LTD         ","1"
"13-AUG-2026","MUTHOOTFIN","MUTHOOT FINANCE LIMITED","2"
"13-AUG-2026","NATIONALUM","NATIONAL ALUMINIUM CO LTD","4"
"13-AUG-2026","NAUKRI","INFO EDGE (I) LTD","9"
"13-AUG-2026","NEPHROPLUS","NEPHROCARE HEALTH SERV L","27"
"13-AUG-2026","NETWEB","NETWEB TECH INDIA LTD","20"
"13-AUG-2026","NSLNISP","NMDC STEEL LIMITED","1,200"
"13-AUG-2026","NTPC","NTPC LTD","1"
"13-AUG-2026","OIL","OIL INDIA LTD","505"
"13-AUG-2026","PARAS","PARAS DEF AND SPCE TECH L","2"
"13-AUG-2026","PAYTM","ONE 97 COMMUNICATIONS LTD","10"
"13-AUG-2026","PCJEWELLER","PC JEWELLER LTD          ","1"
"13-AUG-2026","PGEL","PG ELECTROPLAST LTD","35"
"13-AUG-2026","PIDILITIND","PIDILITE INDUSTRIES LIMITED","412"
"13-AUG-2026","POLICYBZR","PB FINTECH LIMITED","1"
"13-AUG-2026","POONAWALLA","POONAWALLA FINCORP LTD","10"
"13-AUG-2026","RBA","RESTAURANT BRAND ASIA LTD","126"
"13-AUG-2026","RELIANCE","RELIANCE INDUSTRIES LTD","1,000"
"13-AUG-2026","RELIGARE","RELIGARE ENTERPRISES LIMITED","1"
"13-AUG-2026","RVNL","RVNL","6"
"13-AUG-2026","SAPPHIRE","SAPPHIRE FOODS INDIA LTD","2"
"13-AUG-2026","SBIN","STATE BANK OF INDIA","54"
"13-AUG-2026","SHAKTIPUMP","SHAKTI PUMPS (I) LTD","400"
"13-AUG-2026","SOLARINDS","SOLAR INDUSTRIES (I) LTD","13"
"13-AUG-2026","STALLION","STALLION IND FLUOROCHEM L","1"
"13-AUG-2026","SUZLON","SUZLON ENERGY LIMITED","100"
"13-AUG-2026","TARIL","TRANS & RECTI. LTD","1"
"13-AUG-2026","TATACAP","TATA CAPITAL LIMITED","100"
"13-AUG-2026","TCS","TATA CONSULTANCY SERV LT","19"
"13-AUG-2026","TEJASNET","TEJAS NETWORKS LIMITED","16"
"13-AUG-2026","TENNIND","TENNECO CLEAN AIR INDIA L","2"
"13-AUG-2026","TRAVELFOOD","TRAVEL FOOD SERVICES LTD","50"
"13-AUG-2026","URBANCO","URBAN COMPANY LIMITED","130"
"13-AUG-2026","WELSPUNLIV","WELSPUN LIVING LIMITED","1"
"13-AUG-2026","ZEEL","ZEE ENTERTAINMENT ENT LTD","1,500"
"14-AUG-2026","360ONE","360 ONE WAM LIMITED","500"
"14-AUG-2026","ABREL","ADITYA BIRLA REAL EST LTD","5"
"14-AUG-2026","ACI","ARCHEAN CHEMICAL IND LTD","35"
"14-AUG-2026","ADANIENSOL","ADANI ENERGY SOLUTION LTD","10"
"14-AUG-2026","ADANIGREEN","ADANI GREEN ENERGY LTD","500"
"14-AUG-2026","ALKEM","ALKEM LABORATORIES LTD.","4"
"14-AUG-2026","AMBER","AMBER ENTERPRISES (I) LTD","13"
"14-AUG-2026","ARMANFIN","ARMAN FIN SERV LTD","10"
"14-AUG-2026","ARVIND","ARVIND LIMITED","1,950"
"14-AUG-2026","BDL","BHARAT DYNAMICS LIMITED","10"
"14-AUG-2026","BEL","BHARAT ELECTRONICS LTD","10"
"14-AUG-2026","BHARTIARTL","BHARTI AIRTEL LIMITED","1,003"
"14-AUG-2026","BHEL","BHEL","1,662"
"14-AUG-2026","BLS","BLS INTL SERVS LTD","1"
"14-AUG-2026","BPCL","BHARAT PETROLEUM CORP  LT","73"
"14-AUG-2026","CDSL","CENTRAL DEPOSITORY SERVICES (INDIA) LIMITED","2"
"14-AUG-2026","CHOLAFIN","CHOLAMANDALAM IN & FIN CO","19"
"14-AUG-2026","CMSINFO","CMS INFO SYSTEMS LIMITED","1"
"14-AUG-2026","COFORGE","COFORGE LIMITED","49"
"14-AUG-2026","DIACABS","DIAMOND POWER INFRA LTD","1,612"
"14-AUG-2026","DIXON","DIXON TECHNO (INDIA) LTD","30"
"14-AUG-2026","DRREDDY","DR. REDDY'S LABORATORIES","37,935"
"14-AUG-2026","EICHERMOT","EICHER MOTORS LIMITED","1"
"14-AUG-2026","EIDPARRY","EID PARRY INDIA LTD","2"
"14-AUG-2026","EMIL","ELECTRONICS MART IND LTD","1,102"
"14-AUG-2026","ETERNAL","ETERNAL LIMITED","25"
"14-AUG-2026","FORTIS","FORTIS HEALTHCARE (I) LTD","10"
"14-AUG-2026","GAIL","GAIL (INDIA) LTD","7,100"
"14-AUG-2026","GLENMARK","GLENMARK PHARMACEUTICALS LIMITED","201"
"14-AUG-2026","GMRAIRPORT","GMR AIRPORTS LIMITED","200"
"14-AUG-2026","GODREJCP","GODREJ CONSUMER PRODUCTS LIMITED","120"
"14-AUG-2026","GRASIM","GRASIM INDUSTRIES LTD","250"
"14-AUG-2026","GVPIL","GE POWER INDIA LIMITED","2"
"14-AUG-2026","HEG","HEG LIMITED","200"
"14-AUG-2026","HINDZINC","HINDUSTAN ZINC LIMITED","8"
"14-AUG-2026","IDEA","Vodafone Idea Limited","2,441"
"14-AUG-2026","IDFCFIRSTB","IDFC FIRST BANK LIMI","170"
"14-AUG-2026","ITC","ITC LTD","3,100"
"14-AUG-2026","JAYNECOIND","JAYASWAL NECO INDUSTR LTD","500"
"14-AUG-2026","JUBLFOOD","JUBILANT FOODWORKS LTD","675"
"14-AUG-2026","KITEX","KITEX GARMENTS LTD       ","1"
"14-AUG-2026","KOTAKBANK","KOTAK MAHINDRA BANK LTD","402"
"14-AUG-2026","LAURUSLABS","LAURUS LABS LIMITED","11,900"
"14-AUG-2026","LGEINDIA","LG ELECTRONICS INDIA LTD","17,616"
"14-AUG-2026","MAHABANK","MAHABANK","100"
"14-AUG-2026","MANINDS","MAN INDUSTRIES (I) LTD.  ","100"
"14-AUG-2026","MARICO","MARICO LIMITED","1"
"14-AUG-2026","MARKSANS","MARKSANS PHARMA LIMITED  ","65"
"14-AUG-2026","MFSL","MAX FINANCIAL SERV LTD","166"
"14-AUG-2026","MOREPENLAB","MOREPEN LAB. LTD         ","24,573"
"14-AUG-2026","MPHASIS","MPHASIS LIMITED","100"
"14-AUG-2026","OFSS","Oracle Financial Services Software Limited","50"
"14-AUG-2026","OLAELEC","OLA ELECTRIC MOBILITY LTD","8"
"14-AUG-2026","PGEL","PG ELECTROPLAST LTD","35"
"14-AUG-2026","POWERGRID","POWER GRID CORP. LTD.","3"
"14-AUG-2026","PPLPHARMA","PIRAMAL PHARMA LIMITED","1,006"
"14-AUG-2026","QUESS","QUESS CORP LIMITED","2,761"
"14-AUG-2026","RELIANCE","RELIANCE INDUSTRIES LTD","5"
"14-AUG-2026","SAIL","STEEL AUTHORITY OF INDIA","112"
"14-AUG-2026","SBIN","STATE BANK OF INDIA","39"
"14-AUG-2026","SOLARINDS","SOLAR INDUSTRIES (I) LTD","1"
"14-AUG-2026","SPARC","SUN PHARMA ADV.RES.CO.LTD","6"
"14-AUG-2026","SUDARSCHEM","SUDARSHAN CHEMICAL INDS L","2,500"
"14-AUG-2026","SUMICHEM","SUMITOMO CHEM INDIA LTD","29"
"14-AUG-2026","TATAPOWER","TATA POWER CO LTD","200"
"14-AUG-2026","TATASTEEL","TATA STEEL LIMITED","240"
"14-AUG-2026","THYROCARE","THYROCARE TECH LTD","5,352"
"14-AUG-2026","TRENT","TRENT LIMITED","10"
"14-AUG-2026","TRIVENI","TRIVENI ENGG. & INDS. LTD","1"
"14-AUG-2026","ZEEL","ZEE ENTERTAINMENT ENT LTD","2,600"
"17-AUG-2026","ADANIPORTS","ADANI PORT & SEZ LTD","7"
"17-AUG-2026","ASHOKLEY","ASHOK LEYLAND LTD","500"
"17-AUG-2026","ASTRAL","ASTRAL POLY TECHNIK LIMITED","21"
"17-AUG-2026","BAJAJ-AUTO","BAJAJ AUTO LIMITED","2"
"17-AUG-2026","BANKBARODA","BANK OF BARODA","1"
"17-AUG-2026","BANKBEES","GOLDMAN SACHS BANKING INDEX EXCHANGE TRADED SCHEME","6"
"17-AUG-2026","BECTORFOOD","MRS BECTORS FOOD SPE LTD","1"
"17-AUG-2026","BEL","BHARAT ELECTRONICS LTD","1"
"17-AUG-2026","BHARTIARTL","BHARTI AIRTEL LIMITED","154"
"17-AUG-2026","BHEL","BHEL","18,327"
"17-AUG-2026","BLS","BLS INTL SERVS LTD","1"
"17-AUG-2026","CAMLINFINE","CAMLIN FINE SCIENCES LTD ","960"
"17-AUG-2026","CGPOWER","CG POWER AND INDUSTRIAL SOLUTIONS LIMITED","185"
"17-AUG-2026","CUMMINSIND","CUMMINS INDIA LTD","10"
"17-AUG-2026","CUPID","CUPID LIMITED","500"
"17-AUG-2026","DECNGOLD","DECCAN GOLD MINES LTD.","6"
"17-AUG-2026","DRREDDY","DR. REDDY'S LABORATORIES","21,457"
"17-AUG-2026","ETERNAL","ETERNAL LIMITED","400"
"17-AUG-2026","GMRAIRPORT","GMR AIRPORTS LIMITED","6"
"17-AUG-2026","GNFC","GUJARAT NARMADA FERT. CO","101"
"17-AUG-2026","GODREJAGRO","GODREJ AGROVET LIMITED","668"
"17-AUG-2026","GPPL","GUJARAT PIPAVAV PORT LTD","2"
"17-AUG-2026","HAL","HINDUSTAN AERONAUTICS LTD","12"
"17-AUG-2026","HEG","HEG LIMITED","500"
"17-AUG-2026","HINDALCO","HINDALCO  INDUSTRIES  LTD","25"
"17-AUG-2026","HINDOILEXP","HINDUSTAN OIL EXPLORATION","1"
"17-AUG-2026","ICICIBANK","ICICI BANK LTD.","696"
"17-AUG-2026","IFCI","IFCI LTD","2"
"17-AUG-2026","INDHOTEL","THE INDIAN HOTELS CO. LTD","10"
"17-AUG-2026","INDIAGLYCO","INDIA GLYCOLS LTD","3"
"17-AUG-2026","INOXWIND","INOX WIND LIMITED        ","4,571"
"17-AUG-2026","IRFC","IRFC","20"
"17-AUG-2026","ITC","ITC LTD","1"
"17-AUG-2026","JINDALSTEL","JINDAL STEEL & POWER LTD","400"
"17-AUG-2026","JIOFIN","JIO FIN SERVICES LTD","1"
"17-AUG-2026","JPPOWER","JAIPRAKASH POWER VEN. LTD","100"
"17-AUG-2026","KFINTECH","KFIN TECHNOLOGIES LIMITED","14,950"
"17-AUG-2026","KISSHT","ONEMI TECHNOLOGY SOL LTD","5"
"17-AUG-2026","LGEINDIA","LG ELECTRONICS INDIA LTD","11"
"17-AUG-2026","LOTUSDEV","SRI LOTUS DEVLPRS N RTY L","4"
"17-AUG-2026","LTF","L&T FINANCE LIMITED","164"
"17-AUG-2026","LUPIN","LUPIN LIMITED","2,252"
"17-AUG-2026","MANINDS","MAN INDUSTRIES (I) LTD.  ","200"
"17-AUG-2026","MARKSANS","MARKSANS PHARMA LIMITED  ","10"
"17-AUG-2026","MASPTOP50","MIRAEAMC - MASPTOP50","1"
"17-AUG-2026","MAZDOCK","MAZAGON DOCK SHIPBUIL LTD","1"
"17-AUG-2026","MCX","MULTI COMMODITY EXCHANGE OF INDIA LIMITED","3"
"17-AUG-2026","MFSL","MAX FINANCIAL SERV LTD","8,000"
"17-AUG-2026","MOREPENLAB","MOREPEN LAB. LTD         ","101"
"17-AUG-2026","MOTHERSON","SAMVRDHNA MTHRSN INT","25"
"17-AUG-2026","MOTILALOFS","MOTILAL OSWAL FIN LTD   ","41"
"17-AUG-2026","NATIONALUM","NATIONAL ALUMINIUM CO LTD","1,000"
"17-AUG-2026","NETWEB","NETWEB TECH INDIA LTD","56"
"17-AUG-2026","NRBBEARING","NRB BEARING LIMITED","1"
"17-AUG-2026","ONGC","OIL AND NATURAL GAS CORP.","50"
"17-AUG-2026","PGHH","P&G HYGIENE & HEALTH CARE","2"
"17-AUG-2026","QUESS","QUESS CORP LIMITED","600"
"17-AUG-2026","RALLIS","RALLIS INDIA LTD","5"
"17-AUG-2026","RELIANCE","RELIANCE INDUSTRIES LTD","800"
"17-AUG-2026","SAIL","STEEL AUTHORITY OF INDIA","200"
"17-AUG-2026","SAMMAANCAP","SAMMAAN CAPITAL LIMITED","1"
"17-AUG-2026","SBIN","STATE BANK OF INDIA","110"
"17-AUG-2026","SCHNEIDER","SCHNEIDER ELECTRIC INFRA","180"
"17-AUG-2026","SEDEMAC","SEDEMAC MECHATRONICS LTD","3"
"17-AUG-2026","STALLION","STALLION IND FLUOROCHEM L","10"
"17-AUG-2026","SUVEN","SUVEN LIFE SCIENCES LTD  ","190"
"17-AUG-2026","SUZLON","SUZLON ENERGY LIMITED","1,550"
"17-AUG-2026","TITAN","TITAN INDUSTRIES LTD","4"
"17-AUG-2026","TMPV","TATA MOTORS PASS VEH LTD","1,000"
"17-AUG-2026","TRIVENI","TRIVENI ENGG. & INDS. LTD","2"
"17-AUG-2026","UPL","UPL LIMITED","526"
"17-AUG-2026","USHAMART","USHA MARTIN LTD.","100"
"17-AUG-2026","VADILALIND","VADILAL INDUSTRIES LTD","5"
"17-AUG-2026","VGUARD","V-GUARD IND LTD.    ","1"
"17-AUG-2026","YESBANK","YES BANK LIMITED","270"
"17-AUG-2026","ZEEL","ZEE ENTERTAINMENT ENT LTD","250"
"18-AUG-2026","ABDL","ALLIED BLEND N DISTILS L","1,000"
"18-AUG-2026","ADANIPOWER","ADANI POWER LTD","1,184"
"18-AUG-2026","AONENIFTY","AONEAMC - AONENIFTY","1,444"
"18-AUG-2026","APLAPOLLO","APL APOLLO TUBES LTD","1"
"18-AUG-2026","ASHOKLEY","ASHOK LEYLAND LTD","1"
"18-AUG-2026","ASTRAMICRO","ASTRAMICRO","400"
"18-AUG-2026","AVALON","AVALON TECHNOLOGIES LTD","2"
"18-AUG-2026","BAJAJHLDNG","BAJAJ HOLDINGS & INVS LTD","1"
"18-AUG-2026","BDL","BHARAT DYNAMICS LIMITED","414"
"18-AUG-2026","BELRISE","BELRISE INDUSTRIES LTD","12"
"18-AUG-2026","BEML","BEML LIMITED","2"
"18-AUG-2026","BHEL","BHEL","2,144"
"18-AUG-2026","BIOCON","BIOCON LIMITED.","1,025"
"18-AUG-2026","BLS","BLS INTL SERVS LTD","2"
"18-AUG-2026","BOSCHLTD","BOSCH LIMITED","1"
"18-AUG-2026","CEMPRO","CEMINDIA PROJECTS LIMITED","10"
"18-AUG-2026","COALINDIA","COALINDIA","25"
"18-AUG-2026","COCHINSHIP","COCHIN SHIPYARD LIMITED","20"
"18-AUG-2026","CUPID","CUPID LIMITED","2,542"
"18-AUG-2026","DCAL","DISHMAN CARBO AMCIS LTD","2"
"18-AUG-2026","DECNGOLD","DECCAN GOLD MINES LTD.","502"
"18-AUG-2026","DEEPINDS","DEEP INDUSTRIES LIMITED","2,648"
"18-AUG-2026","DIVISLAB","DIVI'S LABORATORIES LTD","5"
"18-AUG-2026","DRREDDY","DR. REDDY'S LABORATORIES","34,375"
"18-AUG-2026","EQUITASBNK","EQUITASBNK","6"
"18-AUG-2026","ETERNAL","ETERNAL LIMITED","2,100"
"18-AUG-2026","ETHOSLTD","ETHOS LIMITED","10"
"18-AUG-2026","GAIL","GAIL (INDIA) LTD","1,34,900"
"18-AUG-2026","GPIL","GPIL","2"
"18-AUG-2026","GPPL","GUJARAT PIPAVAV PORT LTD","2"
"18-AUG-2026","GROWW","BILLIONBRAINS GARAGE VN L","17"
"18-AUG-2026","HAL","HINDUSTAN AERONAUTICS LTD","5"
"18-AUG-2026","HDFCBANK","HDFC BANK LTD","20"
"18-AUG-2026","HEG","HEG LIMITED","5,336"
"18-AUG-2026","HFCL","HIMACHAL FUTURISTIC COMMUNICATIONS LIMITED","1,90,670"
"18-AUG-2026","HINDOILEXP","HINDUSTAN OIL EXPLORATION","2"
"18-AUG-2026","HINDPETRO","HINDUSTAN PETROLEUM CORP","32"
"18-AUG-2026","ICICIBANK","ICICI BANK LTD.","30,426"
"18-AUG-2026","ICICIPRULI","ICICI PRU LIFE INS CO LTD ","5"
"18-AUG-2026","ICIL","INDO COUNT INDUSTRIES LTD","79"
"18-AUG-2026","IDEA","Vodafone Idea Limited","153"
"18-AUG-2026","IDFCFIRSTB","IDFC FIRST BANK LIMI","57"
"18-AUG-2026","IFCI","IFCI LTD","1,004"
"18-AUG-2026","IIFL","IIFL HOLDINGS LIMITED","111"
"18-AUG-2026","INOXWIND","INOX WIND LIMITED        ","1,444"
"18-AUG-2026","IREDA","INDIAN RENEWABLE ENERGY","25"
"18-AUG-2026","ITCHOTELS","ITC HOTELS LIMITED","30"
"18-AUG-2026","J&KBANK","J & K BANK LTD.","2"
"18-AUG-2026","JIOFIN","JIO FIN SERVICES LTD","2,888"
"18-AUG-2026","JKIL","J.KUMAR INFRAPROJECTS LIMITED","400"
"18-AUG-2026","KEI","KEI INDUSTRIES LTD.      ","577"
"18-AUG-2026","KERNEX","KERNEX MICROSYS(I) LTD","1"
"18-AUG-2026","KITEX","KITEX GARMENTS LTD       ","2"
"18-AUG-2026","LEMONTREE","LEMON TREE HOTELS LTD","2"
"18-AUG-2026","LICI","LIFE INSURA CORP OF INDIA","200"
"18-AUG-2026","LIQUIDBEES","NIP IND ETF LIQUID BEES","26"
"18-AUG-2026","LTF","L&T FINANCE LIMITED","96"
"18-AUG-2026","MAHKTECH","MIRAEAMC - MAHKTECH","100"
"18-AUG-2026","MANAPPURAM","MANAPPURAM FINANCE LTD","25"
"18-AUG-2026","MANKIND","MANKIND PHARMA LIMITED","100"
"18-AUG-2026","MCX","MULTI COMMODITY EXCHANGE OF INDIA LIMITED","1"
"18-AUG-2026","METALIETF","ICICIPRAMC - METALIETF","792"
"18-AUG-2026","MFSL","MAX FINANCIAL SERV LTD","15,662"
"18-AUG-2026","MOIL","MOIL LIMITED     ","10"
"18-AUG-2026","MOREPENLAB","MOREPEN LAB. LTD         ","6,000"
"18-AUG-2026","MOTHERSON","SAMVRDHNA MTHRSN INT","200"
"18-AUG-2026","MRPL","MRPL","2"
"18-AUG-2026","NAUKRI","INFO EDGE (I) LTD","90"
"18-AUG-2026","NETWEB","NETWEB TECH INDIA LTD","48"
"18-AUG-2026","NIFTYETF","MIRAEAMC - MAN50ETF","6,690"
"18-AUG-2026","NITINSPIN","NITIN SPINNERS LIMITED","200"
"18-AUG-2026","NORTHARC","NORTHERN ARC CAPITAL LTD","30"
"18-AUG-2026","OBEROIRLTY","OBEROI REALTY LIMITED","10"
"18-AUG-2026","PARAS","PARAS DEF AND SPCE TECH L","73,580"
"18-AUG-2026","PGEL","PG ELECTROPLAST LTD","20"
"18-AUG-2026","PIIND","PI INDUSTRIES LTD        ","175"
"18-AUG-2026","POLICYBZR","PB FINTECH LIMITED","168"
"18-AUG-2026","PRAKASH","PRAKASH INDUSTRIES LIMITED","2"
"18-AUG-2026","PRESTIGE","PRESTIGE ESTATES PROJECTS LIMITED","28"
"18-AUG-2026","PWL","PHYSICSWALLAH LIMITED","4"
"18-AUG-2026","QUESS","QUESS CORP LIMITED","500"
"18-AUG-2026","RADICO","RADICO KHAITAN LIMITED","10"
"18-AUG-2026","RBA","RESTAURANT BRAND ASIA LTD","4"
"18-AUG-2026","RELIANCE","RELIANCE INDUSTRIES LTD","1,44,960"
"18-AUG-2026","SAATVIKGL","SAATVIK GREEN ENERGY LTD","49"
"18-AUG-2026","SAIL","STEEL AUTHORITY OF INDIA","94"
"18-AUG-2026","SANDUMA","SANDUR MANG & IRON ORES L","100"
"18-AUG-2026","SBIN","STATE BANK OF INDIA","60"
"18-AUG-2026","SCI","SHIPPING CORP OF INDIA LT","15"
"18-AUG-2026","SENSEXAXIS","AXISAMC-SENSEXAXIS","2"
"18-AUG-2026","SOLARINDS","SOLAR INDUSTRIES (I) LTD","250"
"18-AUG-2026","SPANDANA","SPANDANA SPHOORTY FIN LTD","2,500"
"18-AUG-2026","SUZLON","SUZLON ENERGY LIMITED","1,550"
"18-AUG-2026","TATASTEEL","TATA STEEL LIMITED","37"
"18-AUG-2026","TCS","TATA CONSULTANCY SERV LT","3"
"18-AUG-2026","TEJASNET","TEJAS NETWORKS LIMITED","12"
"18-AUG-2026","TIINDIA","TUBE INVEST OF INDIA LTD","265"
"18-AUG-2026","TMCV","TATA MOTORS LIMITED","10"
"18-AUG-2026","UNIONBANK","UNION BANK OF INDIA","1"
"18-AUG-2026","URBANCO","URBAN COMPANY LIMITED","15"
"18-AUG-2026","VBL","VARUN BEVERAGES LIMITED    ","50"
"18-AUG-2026","VGUARD","V-GUARD IND LTD.    ","7"
"18-AUG-2026","VIKRAMSOLR","VIKRAM SOLAR LIMITED","2"
"18-AUG-2026","YASHO","YASHO INDUSTRIES LIMITED","2"
"18-AUG-2026","YESBANK","YES BANK LIMITED","110"
"18-AUG-2026","ZAGGLE","ZAGGLE PREPA OCEAN SER L","4"
"18-AUG-2026","ZEEL","ZEE ENTERTAINMENT ENT LTD","222"
"19-AUG-2026","360ONE","360 ONE WAM LIMITED","1"
"19-AUG-2026","ACI","ARCHEAN CHEMICAL IND LTD","1"
"19-AUG-2026","ADANIGREEN","ADANI GREEN ENERGY LTD","1"
"19-AUG-2026","ADANIPOWER","ADANI POWER LTD","14,157"
"19-AUG-2026","ADVENZYMES","ADVANCED ENZYME TECH LTD   ","1,000"
"19-AUG-2026","ANANTRAJ","ANANT RAJ LIMITED","27"
"19-AUG-2026","APLAPOLLO","APL APOLLO TUBES LTD","6"
"19-AUG-2026","AVALON","AVALON TECHNOLOGIES LTD","20"
"19-AUG-2026","AVANTEL","AVANTEL LIMITED","1"
"19-AUG-2026","BEL","BHARAT ELECTRONICS LTD","28"
"19-AUG-2026","BHARTIARTL","BHARTI AIRTEL LIMITED","668"
"19-AUG-2026","BIOCON","BIOCON LIMITED.","201"
"19-AUG-2026","BOSCHLTD","BOSCH LIMITED","2"
"19-AUG-2026","BRITANNIA","BRITANNIA INDUSTRIES LIMITED","500"
"19-AUG-2026","BSE","BSE LIMITED","31"
"19-AUG-2026","CDSL","CENTRAL DEPOSITORY SERVICES (INDIA) LIMITED","76"
"19-AUG-2026","CELLO","CELLO WORLD LIMITED","2"
"19-AUG-2026","CIPLA","CIPLA LTD","1"
"19-AUG-2026","CROMPTON","CROMPT GREA CON ELEC LTD  ","15"
"19-AUG-2026","DABUR","DABUR INDIA LTD","1"
"19-AUG-2026","DCAL","DISHMAN CARBO AMCIS LTD","1"
"19-AUG-2026","DECNGOLD","DECCAN GOLD MINES LTD.","500"
"19-AUG-2026","DIVISLAB","DIVI'S LABORATORIES LTD","1"
"19-AUG-2026","DIXON","DIXON TECHNO (INDIA) LTD","3"
"19-AUG-2026","EICHERMOT","EICHER MOTORS LIMITED","1"
"19-AUG-2026","ETERNAL","ETERNAL LIMITED","94"
"19-AUG-2026","FCL","FINEOTEX CHEMICAL LIMITED","2,000"
"19-AUG-2026","GAIL","GAIL (INDIA) LTD","25"
"19-AUG-2026","GLAXO","GLAXOSMITHKLINE PHARMA LT","1"
"19-AUG-2026","GMDCLTD","GUJARAT MINERAL DEV CORP","3"
"19-AUG-2026","GODREJCP","GODREJ CONSUMER PRODUCTS LIMITED","1"
"19-AUG-2026","GUJTHEM","GUJARAT THEMIS BIOSYN LTD","1"
"19-AUG-2026","HDFCAMC","HDFC AMC LIMITED","72"
"19-AUG-2026","HEG","HEG LIMITED","25"
"19-AUG-2026","ICICIAMC","ICICI PRUDENTIAL AMC LTD","1"
"19-AUG-2026","ICICIBANK","ICICI BANK LTD.","1"
"19-AUG-2026","IDBI","IDBI Bank Limited","5"
"19-AUG-2026","IDEA","Vodafone Idea Limited","16"
"19-AUG-2026","IFCI","IFCI LTD","1"
"19-AUG-2026","INFY","INFOSYS TECHNOLOGIES LTD","100"
"19-AUG-2026","IREDA","INDIAN RENEWABLE ENERGY","4,525"
"19-AUG-2026","JIOFIN","JIO FIN SERVICES LTD","17"
"19-AUG-2026","JKIL","J.KUMAR INFRAPROJECTS LIMITED","75"
"19-AUG-2026","JSWSTEEL","JSW STEEL LIMITED","2"
"19-AUG-2026","KAYNES","KAYNES TECHNOLOGY IND LTD","110"
"19-AUG-2026","KFINTECH","KFIN TECHNOLOGIES LIMITED","1,462"
"19-AUG-2026","KIRIINDUS","KIRIINDUS","2"
"19-AUG-2026","KPEL","K.P. ENERGY LIMITED","1"
"19-AUG-2026","KPITTECH","KPIT TECHNOLOGIES LTD","204"
"19-AUG-2026","KRBL","KRBL LIMITED","144"
"19-AUG-2026","LATENTVIEW","LATENT VIEW ANALYTICS LTD","1"
"19-AUG-2026","LAURUSLABS","LAURUS LABS LIMITED","1,177"
"19-AUG-2026","LICI","LIFE INSURA CORP OF INDIA","60"
"19-AUG-2026","LIQUIDBEES","NIP IND ETF LIQUID BEES","1"
"19-AUG-2026","LODHA","LODHA","247"
"19-AUG-2026","LT","LARSEN & TOUBRO LTD.","301"
"19-AUG-2026","LTF","L&T FINANCE LIMITED","58"
"19-AUG-2026","LTM","LTIMINDTREE LIMITED","75"
"19-AUG-2026","M&M","MAHINDRA & MAHINDRA LTD","4"
"19-AUG-2026","MARICO","MARICO LIMITED","724"
"19-AUG-2026","MARUTI","MARUTI SUZUKI INDIA LTD.","200"
"19-AUG-2026","MCX","MULTI COMMODITY EXCHANGE OF INDIA LIMITED","8,795"
"19-AUG-2026","MFSL","MAX FINANCIAL SERV LTD","1"
"19-AUG-2026","NAM-INDIA","NIPPON L I A M LTD","562"
"19-AUG-2026","NATIONALUM","NATIONAL ALUMINIUM CO LTD","50"
"19-AUG-2026","NAUKRI","INFO EDGE (I) LTD","784"
"19-AUG-2026","NBCC","NATIONAL BUILDINGS LTD   ","1,270"
"19-AUG-2026","NIFTYBEES","GOLDMAN SACHS NIFTY EXCHANGE TRADED SCHEME","1,74,325"
"19-AUG-2026","NITINSPIN","NITIN SPINNERS LIMITED","20"
"19-AUG-2026","NLCINDIA","NLC INDIA LIMITED","1,400"
"19-AUG-2026","NMDC","NMDC LTD.","3,847"
"19-AUG-2026","NYKAA","FSN E COMMERCE VENTURES","27"
"19-AUG-2026","OBEROIRLTY","OBEROI REALTY LIMITED","499"
"19-AUG-2026","OFSS","Oracle Financial Services Software Limited","9"
"19-AUG-2026","PARAS","PARAS DEF AND SPCE TECH L","30"
"19-AUG-2026","PATANJALI","PATANJALI FOODS LIMITED","5"
"19-AUG-2026","PAYTM","ONE 97 COMMUNICATIONS LTD","6,786"
"19-AUG-2026","PETRONET","PETRONET LNG LIMITED","79"
"19-AUG-2026","PHOENIXLTD","THE PHOENIX MILLS LIMITED","31"
"19-AUG-2026","PIDILITIND","PIDILITE INDUSTRIES LIMITED","1"
"19-AUG-2026","PIIND","PI INDUSTRIES LTD        ","1,237"
"19-AUG-2026","PNB","PUNJAB NATIONAL BANK","345"
"19-AUG-2026","POLICYBZR","PB FINTECH LIMITED","16"
"19-AUG-2026","PREMIERENE","PREMIER ENERGIES LIMITED","101"
"19-AUG-2026","RADICO","RADICO KHAITAN LIMITED","61"
"19-AUG-2026","RBLBANK","RBL BANK LIMITED    ","1,079"
"19-AUG-2026","RECLTD","RURAL ELEC CORP. LTD.","96,203"
"19-AUG-2026","REPCOHOME","REPCO HOME FINANCE LTD   ","2"
"19-AUG-2026","RVNL","RVNL","424"
"19-AUG-2026","SAIL","STEEL AUTHORITY OF INDIA","124"
"19-AUG-2026","SAMBHV","SAMBHV STEEL TUBES LTD","1"
"19-AUG-2026","SBICARD","SBI CARDS & PAY SER LTD","86"
"19-AUG-2026","SIEMENS","SIEMENS LTD","45"
"19-AUG-2026","SKIPPER","SKIPPER LIMITED","1"
"19-AUG-2026","SOLARINDS","SOLAR INDUSTRIES (I) LTD","12"
"19-AUG-2026","SUPREMEIND","SUPREME INDUSTRIES LTD","61"
"19-AUG-2026","TATAELXSI","TATA ELXSI LIMITED       ","70"
"19-AUG-2026","TATAPOWER","TATA POWER CO LTD","2,438"
"19-AUG-2026","TENNIND","TENNECO CLEAN AIR INDIA L","1"
"19-AUG-2026","TIINDIA","TUBE INVEST OF INDIA LTD","230"
"19-AUG-2026","TITAN","TITAN INDUSTRIES LTD","350"
"19-AUG-2026","TMPV","TATA MOTORS PASS VEH LTD","426"
"19-AUG-2026","TORNTPHARM","TORRENT PHARMACEUTICALS L","6"
"19-AUG-2026","TRIVENI","TRIVENI ENGG. & INDS. LTD","1"
"19-AUG-2026","TVSSCS","TVS SUPPLY CHAIN SOL L","1"
"19-AUG-2026","UFBL","UNITED FOODBRANDS LIMITED","107"
"19-AUG-2026","UNIONBANK","UNION BANK OF INDIA","6"
"19-AUG-2026","UPL","UPL LIMITED","558"
"19-AUG-2026","VIYASH","VIYASH SCIENTIFIC LIMITED","2"
"19-AUG-2026","VOLTAS","VOLTAS LTD","199"
"19-AUG-2026","WELSPUNLIV","WELSPUN LIVING LIMITED","50"
"19-AUG-2026","ZAGGLE","ZAGGLE PREPA OCEAN SER L","1"
"19-AUG-2026","ZYDUSLIFE","ZYDUS LIFESCIENCES","793"
"20-AUG-2026","ABCAPITAL","ADITYA BIRLA CAPITAL LIMITED","1"
"20-AUG-2026","AGIIL","AGI INFRA LIMITED","3"
"20-AUG-2026","ANANDRATHI","ANAND RATHI WEALTH LTD","5"
"20-AUG-2026","ARVIND","ARVIND LIMITED","5"
"20-AUG-2026","AURIONPRO","AURIONPRO SOLN LTD","302"
"20-AUG-2026","BAJAJHIND","BAJAJ HINDUSTAN LTD","1,000"
"20-AUG-2026","BALRAMCHIN","BALRAMPUR CHINI MILLS LTD","829"
"20-AUG-2026","BDL","BHARAT DYNAMICS LIMITED","30"
"20-AUG-2026","BHEL","BHEL","1"
"20-AUG-2026","BLUESTARCO","BLUE STAR LIMITED","1,950"
"20-AUG-2026","BRITANNIA","BRITANNIA INDUSTRIES LIMITED","500"
"20-AUG-2026","BSE","BSE LIMITED","2"
"20-AUG-2026","COALINDIA","COALINDIA","30"
"20-AUG-2026","COCHINSHIP","COCHIN SHIPYARD LIMITED","50"
"20-AUG-2026","COFORGE","COFORGE LIMITED","35"
"20-AUG-2026","CPPLUS","ADITYA INFOTECH LIMITED","516"
"20-AUG-2026","CUPID","CUPID LIMITED","500"
"20-AUG-2026","DECNGOLD","DECCAN GOLD MINES LTD.","2"
"20-AUG-2026","DIACABS","DIAMOND POWER INFRA LTD","10"
"20-AUG-2026","DIXON","DIXON TECHNO (INDIA) LTD","707"
"20-AUG-2026","DLF","DLF LIMITED","2"
"20-AUG-2026","EICHERMOT","EICHER MOTORS LIMITED","12"
"20-AUG-2026","EPL","EPL","2"
"20-AUG-2026","ETERNAL","ETERNAL LIMITED","1,100"
"20-AUG-2026","FEDERALBNK","FEDERAL BANK LTD","5"
"20-AUG-2026","FIRSTCRY","BRAINBEES SOLUTIONS LTD","1"
"20-AUG-2026","FSL","FIRSTSOURCE SOLU. LTD.","1"
"20-AUG-2026","GAIL","GAIL (INDIA) LTD","25"
"20-AUG-2026","GANECOS","GANESHA ECOSPHERE LIMITED","2"
"20-AUG-2026","GENUSPOWER","GENUS POWER INFRASTRU LTD","415"
"20-AUG-2026","GESHIP","THE GE SHPG.LTD","50"
"20-AUG-2026","GLENMARK","GLENMARK PHARMACEUTICALS LIMITED","29"
"20-AUG-2026","GPIL","GPIL","1"
"20-AUG-2026","HCC","HINDUSTAN CONSTRUCTION CO","50"
"20-AUG-2026","HDFCAMC","HDFC AMC LIMITED","15,610"
"20-AUG-2026","HDFCLIFE","HDFC STANDARD LIFE INSURANCE COMPANY LIMITED","15"
"20-AUG-2026","HEROMOTOCO","HERO MOTOCORP LTD","900"
"20-AUG-2026","HINDALCO","HINDALCO  INDUSTRIES  LTD","2,100"
"20-AUG-2026","HINDPETRO","HINDUSTAN PETROLEUM CORP","2,025"
"20-AUG-2026","HUBTOWN","HUBTOWN LIMITED","90"
"20-AUG-2026","HYUNDAI","HYUNDAI MOTOR INDIA LTD","9"
"20-AUG-2026","IDEA","Vodafone Idea Limited","1,000"
"20-AUG-2026","INDHOTEL","THE INDIAN HOTELS CO. LTD","2,000"
"20-AUG-2026","INDIASHLTR","INDIA SHELTER FIN CORP L","1"
"20-AUG-2026","INDUSTOWER","INDUS","20"
"20-AUG-2026","INOXWIND","INOX WIND LIMITED        ","101"
"20-AUG-2026","IREDA","INDIAN RENEWABLE ENERGY","4,550"
"20-AUG-2026","JIOFIN","JIO FIN SERVICES LTD","36"
"20-AUG-2026","JSWSTEEL","JSW STEEL LIMITED","3"
"20-AUG-2026","KAYNES","KAYNES TECHNOLOGY IND LTD","2"
"20-AUG-2026","KEC","KEC INTL. LIMITED        ","12"
"20-AUG-2026","KIRIINDUS","KIRIINDUS","2"
"20-AUG-2026","KITEX","KITEX GARMENTS LTD       ","1"
"20-AUG-2026","KOTAKBANK","KOTAK MAHINDRA BANK LTD","10"
"20-AUG-2026","KTKBANK","KARNATAKA BANK LIMITED","1"
"20-AUG-2026","LICI","LIFE INSURA CORP OF INDIA","500"
"20-AUG-2026","LLOYDSENT","LLOYDS ENTERPRISES LTD","3,000"
"20-AUG-2026","LODHA","LODHA","40"
"20-AUG-2026","LTFOODS","LT FOODS LIMITED","1"
"20-AUG-2026","LTM","LTIMINDTREE LIMITED","3,000"
"20-AUG-2026","MANAPPURAM","MANAPPURAM FINANCE LTD","50"
"20-AUG-2026","MANINDS","MAN INDUSTRIES (I) LTD.  ","100"
"20-AUG-2026","MARUTI","MARUTI SUZUKI INDIA LTD.","1"
"20-AUG-2026","MCX","MULTI COMMODITY EXCHANGE OF INDIA LIMITED","9"
"20-AUG-2026","MEESHO","MEESHO LIMITED","5,335"
"20-AUG-2026","MFSL","MAX FINANCIAL SERV LTD","975"
"20-AUG-2026","MOIL","MOIL LIMITED     ","2"
"20-AUG-2026","MOSCHIP","MOSCHIP TECHNOLOGIES LTD","90"
"20-AUG-2026","MOTILALOFS","MOTILAL OSWAL FIN LTD   ","24"
"20-AUG-2026","MUTHOOTFIN","MUTHOOT FINANCE LIMITED","2"
"20-AUG-2026","NAM-INDIA","NIPPON L I A M LTD","6,875"
"20-AUG-2026","NETWEB","NETWEB TECH INDIA LTD","100"
"20-AUG-2026","OBEROIRLTY","OBEROI REALTY LIMITED","10"
"20-AUG-2026","OLAELEC","OLA ELECTRIC MOBILITY LTD","1"
"20-AUG-2026","PAYTM","ONE 97 COMMUNICATIONS LTD","1"
"20-AUG-2026","PENIND","PENNAR INDUSTRIES LTD","1"
"20-AUG-2026","PIDILITIND","PIDILITE INDUSTRIES LIMITED","10"
"20-AUG-2026","PREMIERENE","PREMIER ENERGIES LIMITED","91"
"20-AUG-2026","RAYMOND","RAYMOND LIMITED","125"
"20-AUG-2026","RBA","RESTAURANT BRAND ASIA LTD","59"
"20-AUG-2026","RECLTD","RURAL ELEC CORP. LTD.","83,450"
"20-AUG-2026","RELIANCE","RELIANCE INDUSTRIES LTD","11"
"20-AUG-2026","ROLEXRINGS","ROLEX RINGS LIMITED","1"
"20-AUG-2026","RPEL","RAGHAV PRODUCTIVITY ENH L","1"
"20-AUG-2026","SAMBHV","SAMBHV STEEL TUBES LTD","2"
"20-AUG-2026","SAMMAANCAP","SAMMAAN CAPITAL LIMITED","1,000"
"20-AUG-2026","SBICARD","SBI CARDS & PAY SER LTD","100"
"20-AUG-2026","SBIN","STATE BANK OF INDIA","2"
"20-AUG-2026","SOLARA","SOLARA ACTIVE PHA SCI LTD","53"
"20-AUG-2026","SUPREMEIND","SUPREME INDUSTRIES LTD","3"
"20-AUG-2026","TARC","TARC LIMITED","1"
"20-AUG-2026","TFCILTD","TOURISM FINANCE CORP.","101"
"20-AUG-2026","THANGAMAYL","THANGAMAYIL JEWELLERY LTD","1"
"20-AUG-2026","TIINDIA","TUBE INVEST OF INDIA LTD","6"
"20-AUG-2026","TRIVENI","TRIVENI ENGG. & INDS. LTD","1"
"20-AUG-2026","VIKRAMSOLR","VIKRAM SOLAR LIMITED","1"
"20-AUG-2026","WAKEFIT","WAKEFIT INNOVATIONS LTD","1"
"20-AUG-2026","WELSPUNLIV","WELSPUN LIVING LIMITED","2"
"20-AUG-2026","ZAGGLE","ZAGGLE PREPA OCEAN SER L","600"
"20-AUG-2026","ZEEL","ZEE ENTERTAINMENT ENT LTD","3,350"
"21-AUG-2026","AARTIIND","AARTI INDUSTRIES LTD","1"
"21-AUG-2026","ACMESOLAR","ACME SOLAR HOLDINGS LTD","1"
"21-AUG-2026","APOLLO","APOLLO MICRO SYSTEMS LTD","1"
"21-AUG-2026","ARVIND","ARVIND LIMITED","10"
"21-AUG-2026","AUBANK","AU SMALL FINANCE BANK LIMITED","5"
"21-AUG-2026","BALRAMCHIN","BALRAMPUR CHINI MILLS LTD","4"
"21-AUG-2026","BHEL","BHEL","52,500"
"21-AUG-2026","BRITANNIA","BRITANNIA INDUSTRIES LIMITED","356"
"21-AUG-2026","BSE","BSE LIMITED","106"
"21-AUG-2026","CELLO","CELLO WORLD LIMITED","1"
"21-AUG-2026","CESC","CESC LTD","500"
"21-AUG-2026","COALINDIA","COALINDIA","37"
"21-AUG-2026","COFORGE","COFORGE LIMITED","7,612"
"21-AUG-2026","COLPAL","COLGATE PALMOLIVE LTD.","1"
"21-AUG-2026","CPPLUS","ADITYA INFOTECH LIMITED","10"
"21-AUG-2026","CUMMINSIND","CUMMINS INDIA LTD","148"
"21-AUG-2026","CUPID","CUPID LIMITED","502"
"21-AUG-2026","CYIENTDLM","CYIENT DLM LIMITED","500"
"21-AUG-2026","DECNGOLD","DECCAN GOLD MINES LTD.","1"
"21-AUG-2026","DIVISLAB","DIVI'S LABORATORIES LTD","1,000"
"21-AUG-2026","DIXON","DIXON TECHNO (INDIA) LTD","2,500"
"21-AUG-2026","DMART","AVENUE SUPERMARTS LIMITED","1,373"
"21-AUG-2026","EDELWEISS","EDELWEISS FIN SERV LTD","1"
"21-AUG-2026","ETERNAL","ETERNAL LIMITED","19,436"
"21-AUG-2026","FCL","FINEOTEX CHEMICAL LIMITED","4,83,155"
"21-AUG-2026","GAIL","GAIL (INDIA) LTD","25"
"21-AUG-2026","GENUSPOWER","GENUS POWER INFRASTRU LTD","5,000"
"21-AUG-2026","GPIL","GPIL","1"
"21-AUG-2026","GRASIM","GRASIM INDUSTRIES LTD","1,250"
"21-AUG-2026","HAPPSTMNDS","HAPPIEST MINDS TECHNO LTD","1"
"21-AUG-2026","HDFCAMC","HDFC AMC LIMITED","3,000"
"21-AUG-2026","HDFCLIFE","HDFC STANDARD LIFE INSURANCE COMPANY LIMITED","310"
"21-AUG-2026","HDFCSML250","HDFCAMC - HDFCSML250","378"
"21-AUG-2026","HINDCOPPER","HINDUSTAN COPPER LIMITED","100"
"21-AUG-2026","HINDPETRO","HINDUSTAN PETROLEUM CORP","10"
"21-AUG-2026","HINDZINC","HINDUSTAN ZINC LIMITED","466"
"21-AUG-2026","ICICIBANK","ICICI BANK LTD.","4"
"21-AUG-2026","IDEA","Vodafone Idea Limited","8"
"21-AUG-2026","IEX","INDIAN ENERGY EXCHANGE LIMITED","251"
"21-AUG-2026","IGL","INDRAPRASTHA GAS LTD","1"
"21-AUG-2026","INDIGO","INTERGLOBE AVIATION LTD  ","150"
"21-AUG-2026","IRCON","IRCON","3"
"21-AUG-2026","IREDA","INDIAN RENEWABLE ENERGY","8,693"
"21-AUG-2026","JBMA","JBM AUTO LIMITED","5"
"21-AUG-2026","KAYNES","KAYNES TECHNOLOGY IND LTD","2"
"21-AUG-2026","KERNEX","KERNEX MICROSYS(I) LTD","25"
"21-AUG-2026","KOTAKBANK","KOTAK MAHINDRA BANK LTD","158"
"21-AUG-2026","KPEL","K.P. ENERGY LIMITED","1"
"21-AUG-2026","LICI","LIFE INSURA CORP OF INDIA","204"
"21-AUG-2026","LIQUIDBEES","NIP IND ETF LIQUID BEES","1"
"21-AUG-2026","LLOYDSENGG","LLOYDS ENGG WORK LIMITED","5"
"21-AUG-2026","LT","LARSEN & TOUBRO LTD.","3"
"21-AUG-2026","LTF","L&T FINANCE LIMITED","25"
"21-AUG-2026","MANAPPURAM","MANAPPURAM FINANCE LTD","25"
"21-AUG-2026","MARICO","MARICO LIMITED","15"
"21-AUG-2026","MARINE","MARINE ELECTRICAL (I) LTD","2,000"
"21-AUG-2026","MCX","MULTI COMMODITY EXCHANGE OF INDIA LIMITED","230"
"21-AUG-2026","MOTILALOFS","MOTILAL OSWAL FIN LTD   ","10"
"21-AUG-2026","NIFTYETF","MIRAEAMC - MAN50ETF","6,23,447"
"21-AUG-2026","NOCIL","NOCIL LIMITED            ","3"
"21-AUG-2026","PAYTM","ONE 97 COMMUNICATIONS LTD","951"
"21-AUG-2026","PCJEWELLER","PC JEWELLER LTD          ","10"
"21-AUG-2026","PNBHOUSING","PNB HOUSING FIN LTD.   ","1,044"
"21-AUG-2026","POKARNA","POKARNA LIMITED","3"
"21-AUG-2026","POWERGRID","POWER GRID CORP. LTD.","1"
"21-AUG-2026","QUESS","QUESS CORP LIMITED","150"
"21-AUG-2026","RATEGAIN","RATEGAIN TRAVEL TECHN LTD","200"
"21-AUG-2026","RBA","RESTAURANT BRAND ASIA LTD","9"
"21-AUG-2026","RECLTD","RURAL ELEC CORP. LTD.","18,875"
"21-AUG-2026","REDINGTON","REDINGTON (INDIA) LTD.","1"
"21-AUG-2026","RELIANCE","RELIANCE INDUSTRIES LTD","5,000"
"21-AUG-2026","RPEL","RAGHAV PRODUCTIVITY ENH L","9"
"21-AUG-2026","RPOWER","RELIANCE POWER LTD.","27"
"21-AUG-2026","SBILIFE","SBI LIFE INSURANCE COMPANY LIMITED","180"
"21-AUG-2026","SBIN","STATE BANK OF INDIA","2,788"
"21-AUG-2026","SKIPPER","SKIPPER LIMITED","7"
"21-AUG-2026","SUNDRMFAST","SUNDRAM FASTENERS LTD    ","9"
"21-AUG-2026","SUPREMEIND","SUPREME INDUSTRIES LTD","3"
"21-AUG-2026","TATASTEEL","TATA STEEL LIMITED","400"
"21-AUG-2026","TECHNOE","TECHNOE","4"
"21-AUG-2026","THANGAMAYL","THANGAMAYIL JEWELLERY LTD","1"
"21-AUG-2026","TVSMOTOR","TVS MOTOR COMPANY  LTD","2,100"
"21-AUG-2026","URBANCO","URBAN COMPANY LIMITED","50"
"21-AUG-2026","VEDL","VEDANTA LIMITED","602"
"21-AUG-2026","VIKRAMSOLR","VIKRAM SOLAR LIMITED","251"
"21-AUG-2026","VIYASH","VIYASH SCIENTIFIC LIMITED","11"
"21-AUG-2026","WAKEFIT","WAKEFIT INNOVATIONS LTD","1"
"21-AUG-2026","WELCORP","WELSPUN CORP LIMITED","3"
"21-AUG-2026","YESBANK","YES BANK LIMITED","3"
"21-AUG-2026","ZAGGLE","ZAGGLE PREPA OCEAN SER L","100"
"21-AUG-2026","ZEEL","ZEE ENTERTAINMENT ENT LTD","3,500"
"21-AUG-2026","ZENSARTECH","ZENSAR TECHNOLOGIES  LTD ","100"
"24-AUG-2026","360ONE","360 ONE WAM LIMITED","3"
"24-AUG-2026","ABLBL","ADITYA BIRLA LIFES BRAN L","2,380"
"24-AUG-2026","ACMESOLAR","ACME SOLAR HOLDINGS LTD","1"
"24-AUG-2026","ADANIENT","ADANI ENTERPRISES LIMITED","1"
"24-AUG-2026","ADANIGREEN","ADANI GREEN ENERGY LTD","67"
"24-AUG-2026","ANANTRAJ","ANANT RAJ LIMITED","2"
"24-AUG-2026","AUBANK","AU SMALL FINANCE BANK LIMITED","1,000"
"24-AUG-2026","AWL","ADANI WILMAR LIMITED","1"
"24-AUG-2026","AXISBANK","AXIS BANK LIMITED","13"
"24-AUG-2026","BAJAJHIND","BAJAJ HINDUSTAN LTD","12,500"
"24-AUG-2026","BALUFORGE","BALU FORGE INDUSTRIES LTD","1"
"24-AUG-2026","BANKBARODA","BANK OF BARODA","250"
"24-AUG-2026","BHEL","BHEL","211"
"24-AUG-2026","BSE","BSE LIMITED","13"
"24-AUG-2026","BSOFT","BIRLASOFT LIMITED","2,769"
"24-AUG-2026","CAPACITE","CAPACITE INFRAPROJECT LTD","20,000"
"24-AUG-2026","CDSL","CENTRAL DEPOSITORY SERVICES (INDIA) LIMITED","315"
"24-AUG-2026","CHOLAFIN","CHOLAMANDALAM IN & FIN CO","25"
"24-AUG-2026","COLPAL","COLGATE PALMOLIVE LTD.","555"
"24-AUG-2026","DCBBANK","DCB BANK LIMITED","1,000"
"24-AUG-2026","DEVYANI","DEVYANI INTERNATIONAL LTD","456"
"24-AUG-2026","DIVISLAB","DIVI'S LABORATORIES LTD","8"
"24-AUG-2026","DIXON","DIXON TECHNO (INDIA) LTD","3,403"
"24-AUG-2026","DLF","DLF LIMITED","6"
"24-AUG-2026","EBGNG","GNG ELECTRONICS LIMITED","1"
"24-AUG-2026","EIDPARRY","EID PARRY INDIA LTD","701"
"24-AUG-2026","ENGINERSIN","ENGINEERS INDIA LTD","35"
"24-AUG-2026","ESCORTS","ESCORTS INDIA LTD","32"
"24-AUG-2026","ETERNAL","ETERNAL LIMITED","23"
"24-AUG-2026","FCL","FINEOTEX CHEMICAL LIMITED","9"
"24-AUG-2026","FORTIS","FORTIS HEALTHCARE (I) LTD","69"
"24-AUG-2026","GLENMARK","GLENMARK PHARMACEUTICALS LIMITED","1,303"
"24-AUG-2026","GMDCLTD","GUJARAT MINERAL DEV CORP","100"
"24-AUG-2026","GRASIM","GRASIM INDUSTRIES LTD","1"
"24-AUG-2026","HDFCBANK","HDFC BANK LTD","1,000"
"24-AUG-2026","HERITGFOOD","HERITAGE FOODS LTD    ","4"
"24-AUG-2026","HEROMOTOCO","HERO MOTOCORP LTD","99"
"24-AUG-2026","HINDALCO","HINDALCO  INDUSTRIES  LTD","7,700"
"24-AUG-2026","HINDZINC","HINDUSTAN ZINC LIMITED","20"
"24-AUG-2026","IDBI","IDBI Bank Limited","2"
"24-AUG-2026","IDFCFIRSTB","IDFC FIRST BANK LIMI","1,748"
"24-AUG-2026","INDUSTOWER","INDUS","328"
"24-AUG-2026","INTERARCH","INTERARCH BLDNG SOLTN LTD","6"
"24-AUG-2026","IOC","INDIAN OIL CORP LTD","713"
"24-AUG-2026","IREDA","INDIAN RENEWABLE ENERGY","80"
"24-AUG-2026","ITC","ITC LTD","25"
"24-AUG-2026","JAYNECOIND","JAYASWAL NECO INDUSTR LTD","1"
"24-AUG-2026","JIOFIN","JIO FIN SERVICES LTD","10"
"24-AUG-2026","JTLIND","JTL INDUSTRIES LIMITED","1"
"24-AUG-2026","KAYNES","KAYNES TECHNOLOGY IND LTD","23"
"24-AUG-2026","KFINTECH","KFIN TECHNOLOGIES LIMITED","50"
"24-AUG-2026","KOTAKBANK","KOTAK MAHINDRA BANK LTD","127"
"24-AUG-2026","KPIGREEN","KPI GREEN ENERGY LIMITED","100"
"24-AUG-2026","LOTUSDEV","SRI LOTUS DEVLPRS N RTY L","4"
"24-AUG-2026","LTF","L&T FINANCE LIMITED","298"
"24-AUG-2026","LTM","LTIMINDTREE LIMITED","302"
"24-AUG-2026","MAHABANK","MAHABANK","1,000"
"24-AUG-2026","MANAPPURAM","MANAPPURAM FINANCE LTD","40"
"24-AUG-2026","MARUTI","MARUTI SUZUKI INDIA LTD.","150"
"24-AUG-2026","MCX","MULTI COMMODITY EXCHANGE OF INDIA LIMITED","3"
"24-AUG-2026","MEESHO","MEESHO LIMITED","2"
"24-AUG-2026","MUTHOOTFIN","MUTHOOT FINANCE LIMITED","202"
"24-AUG-2026","NEOGEN","NEOGEN CHEMICALS LIMITED","1"
"24-AUG-2026","NESTLEIND","NESTLE INDIA LIMITED","32"
"24-AUG-2026","OFSS","Oracle Financial Services Software Limited","10"
"24-AUG-2026","PARADEEP","PARADEEP PHOSPHATES LTD","1"
"24-AUG-2026","PARAGMILK","PARAG MILK FOODS LTD.   ","1"
"24-AUG-2026","PAYTM","ONE 97 COMMUNICATIONS LTD","10"
"24-AUG-2026","PFC","POWER FIN CORP LTD.","411"
"24-AUG-2026","POLICYBZR","PB FINTECH LIMITED","4"
"24-AUG-2026","PRAJIND","PRAJ INDUSTRIES LTD","300"
"24-AUG-2026","PREMIERENE","PREMIER ENERGIES LIMITED","5"
"24-AUG-2026","PSUBANK","KOTAK PSU BANK","1,500"
"24-AUG-2026","RATNAMANI","RATNAMANI","1"
"24-AUG-2026","RBLBANK","RBL BANK LIMITED    ","141"
"24-AUG-2026","REDINGTON","REDINGTON (INDIA) LTD.","2"
"24-AUG-2026","RELIANCE","RELIANCE INDUSTRIES LTD","212"
"24-AUG-2026","RPTECH","RASHI PERIPHERALS LIMITED","1"
"24-AUG-2026","RVNL","RVNL","263"
"24-AUG-2026","SAIL","STEEL AUTHORITY OF INDIA","69"
"24-AUG-2026","SAMMAANCAP","SAMMAAN CAPITAL LIMITED","64"
"24-AUG-2026","SBICARD","SBI CARDS & PAY SER LTD","300"
"24-AUG-2026","SHADOWFAX","SHADOWFAX TECHNOLOGIES L","1"
"24-AUG-2026","SHRIRAMFIN","SHRIRAM FINANCE LIMITED","6"
"24-AUG-2026","SIEMENS","SIEMENS LTD","3,905"
"24-AUG-2026","SONACOMS","SONA BLW PRECISION FRGS L","500"
"24-AUG-2026","SUNPHARMA","SUN PHARMACEUTICALS IND.","14"
"24-AUG-2026","SUVEN","SUVEN LIFE SCIENCES LTD  ","1"
"24-AUG-2026","SUZLON","SUZLON ENERGY LIMITED","79,136"
"24-AUG-2026","THANGAMAYL","THANGAMAYIL JEWELLERY LTD","3"
"24-AUG-2026","TVSSCS","TVS SUPPLY CHAIN SOL L","234"
"24-AUG-2026","ULTRACEMCO","ULTRATECH CEMENT LIMITED","30"
"24-AUG-2026","UNIONBANK","UNION BANK OF INDIA","1"
"24-AUG-2026","URBANCO","URBAN COMPANY LIMITED","45"
"24-AUG-2026","VEDL","VEDANTA LIMITED","101"
"24-AUG-2026","VIYASH","VIYASH SCIENTIFIC LIMITED","1"
"24-AUG-2026","VMM","VISHAL MEGA MART LIMITED","2,661"
"24-AUG-2026","VOLTAMP","VOLTAMP TRANSFORMERS LTD","10"
"24-AUG-2026","VOLTAS","VOLTAS LTD","10"
"24-AUG-2026","WIPRO","WIPRO LTD","59"
"24-AUG-2026","YATHARTH","YATHARTH HOSP & TRA C S L","1"
"24-AUG-2026","ZEEL","ZEE ENTERTAINMENT ENT LTD","10"
"25-AUG-2026","AADHARHFC","AADHAR HOUSING FINANCE L","23"
"25-AUG-2026","ABB","ABB LTD.","250"
"25-AUG-2026","ABCAPITAL","ADITYA BIRLA CAPITAL LIMITED","35,100"
"25-AUG-2026","ABSLAMC","ADIT BIRL SUN LIF AMC LTD","15"
"25-AUG-2026","ADANIENSOL","ADANI ENERGY SOLUTION LTD","300"
"25-AUG-2026","ADANIENT","ADANI ENTERPRISES LIMITED","7,011"
"25-AUG-2026","ADANIGREEN","ADANI GREEN ENERGY LTD","1,200"
"25-AUG-2026","ADANIPORTS","ADANI PORT & SEZ LTD","15,764"
"25-AUG-2026","ADANIPOWER","ADANI POWER LTD","27,600"
"25-AUG-2026","AEGISLOG","AEGIS LOGISTICS LIMITED","445"
"25-AUG-2026","ALKEM","ALKEM LABORATORIES LTD.","376"
"25-AUG-2026","AMBUJACEM","AMBUJA CEMENTS LTD","1,200"
"25-AUG-2026","ANGELONE","ANGEL ONE LTD","15,000"
"25-AUG-2026","APLAPOLLO","APL APOLLO TUBES LTD","3,500"
"25-AUG-2026","APOLLOHOSP","APOLLO HOSPITALS ENTERPRISE LIMITED","378"
"25-AUG-2026","APOLLOTYRE","APOLLO TYRES LTD","336"
"25-AUG-2026","APTUS","APTUS VALUE HSG FIN I LTD","6"
"25-AUG-2026","ARSSBL","ANAND RATHI SH N STK BR L","165"
"25-AUG-2026","ASHOKLEY","ASHOK LEYLAND LTD","9,959"
"25-AUG-2026","ASIANPAINT","ASIAN PAINTS LIMITED","1,250"
"25-AUG-2026","ASTERDM","ASTER DM HEALTHCARE LTD","8"
"25-AUG-2026","ASTRAL","ASTRAL POLY TECHNIK LIMITED","11,837"
"25-AUG-2026","AUBANK","AU SMALL FINANCE BANK LIMITED","1,000"
"25-AUG-2026","AUROPHARMA","AUROBINDO PHARMA LTD","1,100"
"25-AUG-2026","AWL","ADANI WILMAR LIMITED","1"
"25-AUG-2026","AXISBANK","AXIS BANK LIMITED","1,875"
"25-AUG-2026","AYE","AYE FINANCE LIMITED","39"
"25-AUG-2026","BAJAJ-AUTO","BAJAJ AUTO LIMITED","1,276"
"25-AUG-2026","BAJAJCON","BAJAJ CONSUMER CARE LTD","76"
"25-AUG-2026","BAJAJFINSV","BAJAJ FINSERV LIMITED","530"
"25-AUG-2026","BAJAJHIND","BAJAJ HINDUSTAN LTD","157"
"25-AUG-2026","BAJAJHLDNG","BAJAJ HOLDINGS & INVS LTD","134"
"25-AUG-2026","BAJFINANCE","BAJAJ FINANCE LIMITED","22,183"
"25-AUG-2026","BALAMINES","BALAJI AMINIES LIMITED","50"
"25-AUG-2026","BALUFORGE","BALU FORGE INDUSTRIES LTD","124"
"25-AUG-2026","BANKBARODA","BANK OF BARODA","14,625"
"25-AUG-2026","BANKINDIA","BANK OF INDIA","5,200"
"25-AUG-2026","BDL","BHARAT DYNAMICS LIMITED","3,100"
"25-AUG-2026","BEL","BHARAT ELECTRONICS LTD","21,395"
"25-AUG-2026","BELRISE","BELRISE INDUSTRIES LTD","1,447"
"25-AUG-2026","BHARATFORG","BHARAT FORGE LTD","1,500"
"25-AUG-2026","BHARTIARTL","BHARTI AIRTEL LIMITED","1,425"
"25-AUG-2026","BHEL","BHEL","2,625"
"25-AUG-2026","BIOCON","BIOCON LIMITED.","4,421"
"25-AUG-2026","BLUESTARCO","BLUE STAR LIMITED","622"
"25-AUG-2026","BOSCHLTD","BOSCH LIMITED","725"
"25-AUG-2026","BPCL","BHARAT PETROLEUM CORP  LT","51,577"
"25-AUG-2026","BRITANNIA","BRITANNIA INDUSTRIES LIMITED","3,377"
"25-AUG-2026","BSE","BSE LIMITED","27,200"
"25-AUG-2026","CAMS","COMPUTER AGE MGMT SER LTD","825"
"25-AUG-2026","CANBK","CANARA BANK","28,001"
"25-AUG-2026","CAPLIPOINT","CAPLIN POINT LABORATORIES LIMITED","9"
"25-AUG-2026","CARBORUNIV","CARBORUNDUM UNIVERSAL LTD    ","33"
"25-AUG-2026","CDSL","CENTRAL DEPOSITORY SERVICES (INDIA) LIMITED","2,354"
"25-AUG-2026","CGCL","CGCL","1"
"25-AUG-2026","CGPOWER","CG POWER AND INDUSTRIAL SOLUTIONS LIMITED","850"
"25-AUG-2026","CHEMPLASTS","CHEMPLAST SANMAR LIMITED","158"
"25-AUG-2026","CHOLAFIN","CHOLAMANDALAM IN & FIN CO","1,875"
"25-AUG-2026","CIPLA","CIPLA LTD","850"
"25-AUG-2026","CLEAN","CLEAN SCIENCE & TECH LTD","37"
"25-AUG-2026","COALINDIA","COALINDIA","1,375"
"25-AUG-2026","COCHINSHIP","COCHIN SHIPYARD LIMITED","16,755"
"25-AUG-2026","COFORGE","COFORGE LIMITED","17,752"
"25-AUG-2026","COHANCE","COHANCE LIFESCIENCES LTD","14"
"25-AUG-2026","CONCOR","CONTAINER CORP OF IND LTD","6,250"
"25-AUG-2026","CONCORDBIO","CONCORD BIOTECH LIMITED","72"
"25-AUG-2026","CONFIPET","CONFIDENCE PETRO IND LTD.","2"
"25-AUG-2026","CROMPTON","CROMPT GREA CON ELEC LTD  ","6,049"
"25-AUG-2026","CSBBANK","CSBBANK","1"
"25-AUG-2026","CUMMINSIND","CUMMINS INDIA LTD","400"
"25-AUG-2026","DABUR","DABUR INDIA LTD","9,959"
"25-AUG-2026","DALBHARAT","DALMIA BHARAT LIMITED","975"
"25-AUG-2026","DECNGOLD","DECCAN GOLD MINES LTD.","40"
"25-AUG-2026","DEEPAKNTR","DEEPAK NITRITE LIMITED","121"
"25-AUG-2026","DELHIVERY","DELHIVERY LIMITED","6,225"
"25-AUG-2026","DIACABS","DIAMOND POWER INFRA LTD","201"
"25-AUG-2026","DIVISLAB","DIVI'S LABORATORIES LTD","3,200"
"25-AUG-2026","DIXON","DIXON TECHNO (INDIA) LTD","1,508"
"25-AUG-2026","DLF","DLF LIMITED","35,984"
"25-AUG-2026","DMART","AVENUE SUPERMARTS LIMITED","4"
"25-AUG-2026","DRREDDY","DR. REDDY'S LABORATORIES","625"
"25-AUG-2026","ECLERX","ECLERX SERVICES LTD ","1"
"25-AUG-2026","EICHERMOT","EICHER MOTORS LIMITED","800"
"25-AUG-2026","EIHOTEL","EIH LIMITED","32"
"25-AUG-2026","ENDURANCE","ENDURANCE TECHNOLOGIES LIMITED","8"
"25-AUG-2026","ENGINERSIN","ENGINEERS INDIA LTD","38"
"25-AUG-2026","ENRIN","SIEMENS ENERGY INDIA LTD","42"
"25-AUG-2026","ETERNAL","ETERNAL LIMITED","56,991"
"25-AUG-2026","FEDERALBNK","FEDERAL BANK LTD","25,000"
"25-AUG-2026","FORCEMOT","FORCE MOTORS LIMITED","25"
"25-AUG-2026","FORTIS","FORTIS HEALTHCARE (I) LTD","11,101"
"25-AUG-2026","FUSION","FUSION MICRO FINANCE LTD","38"
"25-AUG-2026","GAIL","GAIL (INDIA) LTD","14,650"
"25-AUG-2026","GENUSPOWER","GENUS POWER INFRASTRU LTD","1,912"
"25-AUG-2026","GESHIP","THE GE SHPG.LTD","263"
"25-AUG-2026","GLENMARK","GLENMARK PHARMACEUTICALS LIMITED","2,275"
"25-AUG-2026","GODFRYPHLP","GODFREY PHILLIPS INDIA LT","825"
"25-AUG-2026","GODREJAGRO","GODREJ AGROVET LIMITED","900"
"25-AUG-2026","GODREJCP","GODREJ CONSUMER PRODUCTS LIMITED","999"
"25-AUG-2026","GODREJPROP","GODREJ PROPERTIES LTD","650"
"25-AUG-2026","GOKULAGRO","GOKUL AGRO RESOURCES LTD","85"
"25-AUG-2026","GOODLUCK","GOODLUCK INDIA LIMITED","4"
"25-AUG-2026","GRASIM","GRASIM INDUSTRIES LTD","5,460"
"25-AUG-2026","GROWW","BILLIONBRAINS GARAGE VN L","2"
"25-AUG-2026","HAL","HINDUSTAN AERONAUTICS LTD","5,514"
"25-AUG-2026","HAPPSTMNDS","HAPPIEST MINDS TECHNO LTD","2"
"25-AUG-2026","HAVELLS","HAVELLS INDIA LIMITED","4,000"
"25-AUG-2026","HCC","HINDUSTAN CONSTRUCTION CO","50"
"25-AUG-2026","HCLTECH","HCL TECHNOLOGIES LTD","2,400"
"25-AUG-2026","HDFCAMC","HDFC AMC LIMITED","1"
"25-AUG-2026","HDFCBANK","HDFC BANK LTD","4,060"
"25-AUG-2026","HDFCLIFE","HDFC STANDARD LIFE INSURANCE COMPANY LIMITED","3,300"
"25-AUG-2026","HERITGFOOD","HERITAGE FOODS LTD    ","47"
"25-AUG-2026","HEROMOTOCO","HERO MOTOCORP LTD","450"
"25-AUG-2026","HINDALCO","HINDALCO  INDUSTRIES  LTD","7,000"
"25-AUG-2026","HINDCOPPER","HINDUSTAN COPPER LIMITED","3,86,456"
"25-AUG-2026","HINDPETRO","HINDUSTAN PETROLEUM CORP","5,945"
"25-AUG-2026","HINDUNILVR","HINDUSTAN UNILEVER LTD.","4,336"
"25-AUG-2026","HNGSNGBEES","HNGSNGBEES","15"
"25-AUG-2026","HUBTOWN","HUBTOWN LIMITED","124"
"25-AUG-2026","HYUNDAI","HYUNDAI MOTOR INDIA LTD","2,851"
"25-AUG-2026","ICICIBANK","ICICI BANK LTD.","4,200"
"25-AUG-2026","ICICIPRULI","ICICI PRU LIFE INS CO LTD ","925"
"25-AUG-2026","IDEA","Vodafone Idea Limited","5,00,646"
"25-AUG-2026","IDFCFIRSTB","IDFC FIRST BANK LIMI","1,48,400"
"25-AUG-2026","IEX","INDIAN ENERGY EXCHANGE LIMITED","4,350"
"25-AUG-2026","IFCI","IFCI LTD","60"
"25-AUG-2026","INDHOTEL","THE INDIAN HOTELS CO. LTD","19,000"
"25-AUG-2026","INDIAMART","INDIAMART INTERMESH LTD","15"
"25-AUG-2026","INDIANB","INDIAN BANK","8,945"
"25-AUG-2026","INDIGO","INTERGLOBE AVIATION LTD  ","2,400"
"25-AUG-2026","INDUSINDBK","INDUSIND BANK LIMITED","1,400"
"25-AUG-2026","INFY","INFOSYS TECHNOLOGIES LTD","13,792"
"25-AUG-2026","INOXINDIA","INOX INDIA LIMITED","39"
"25-AUG-2026","INOXWIND","INOX WIND LIMITED        ","6,400"
"25-AUG-2026","IOC","INDIAN OIL CORP LTD","43,875"
"25-AUG-2026","IREDA","INDIAN RENEWABLE ENERGY","13,650"
"25-AUG-2026","IRFC","IRFC","21,700"
"25-AUG-2026","ITC","ITC LTD","9,397"
"25-AUG-2026","IZMO","IZMO LIMITED","94"
"25-AUG-2026","JINDALSTEL","JINDAL STEEL & POWER LTD","6,875"
"25-AUG-2026","JIOFIN","JIO FIN SERVICES LTD","25,881"
"25-AUG-2026","JSWCEMENT","JSW CEMENT LIMITED","1"
"25-AUG-2026","JSWENERGY","JSW ENERGY LIMITED","1,075"
"25-AUG-2026","JSWSTEEL","JSW STEEL LIMITED","3,325"
"25-AUG-2026","JUBLFOOD","JUBILANT FOODWORKS LTD","23,927"
"25-AUG-2026","KALYANKJIL","KALYAN JEWELLERS IND LTD","25,650"
"25-AUG-2026","KANSAINER","KANSAI NEROLAC PAINTS LTD","110"
"25-AUG-2026","KAYNES","KAYNES TECHNOLOGY IND LTD","570"
"25-AUG-2026","KDDL","KDDL LIMITED","1"
"25-AUG-2026","KEI","KEI INDUSTRIES LTD.      ","17,005"
"25-AUG-2026","KERNEX","KERNEX MICROSYS(I) LTD","20"
"25-AUG-2026","KNRCON","KNR CONSTRU LTD","149"
"25-AUG-2026","KOTAKBANK","KOTAK MAHINDRA BANK LTD","7,624"
"25-AUG-2026","KPITTECH","KPIT TECHNOLOGIES LTD","4,066"
"25-AUG-2026","KWIL","KWALITY WALL'S (INDIA) L","12,283"
"25-AUG-2026","LAURUSLABS","LAURUS LABS LIMITED","22,100"
"25-AUG-2026","LICHSGFIN","LIC HOUSING FINANCE LTD","10,000"
"25-AUG-2026","LICI","LIFE INSURA CORP OF INDIA","2,800"
"25-AUG-2026","LIQUIDCASE","ZERODHAAMC - LIQUIDCASE","126"
"25-AUG-2026","LODHA","LODHA","13,069"
"25-AUG-2026","LT","LARSEN & TOUBRO LTD.","525"
"25-AUG-2026","LTF","L&T FINANCE LIMITED","4,500"
"25-AUG-2026","LUPIN","LUPIN LIMITED","850"
"25-AUG-2026","M&M","MAHINDRA & MAHINDRA LTD","1,600"
"25-AUG-2026","MAHABANK","MAHABANK","1,283"
"25-AUG-2026","MAHSEAMLES","MAHARASHTRA SEAMLESS LTD","13"
"25-AUG-2026","MANINDS","MAN INDUSTRIES (I) LTD.  ","69"
"25-AUG-2026","MANINFRA","MAN INFRA LTD","218"
"25-AUG-2026","MARICO","MARICO LIMITED","2,400"
"25-AUG-2026","MARUTI","MARUTI SUZUKI INDIA LTD.","600"
"25-AUG-2026","MAZDOCK","MAZAGON DOCK SHIPBUIL LTD","2,670"
"25-AUG-2026","MCX","MULTI COMMODITY EXCHANGE OF INDIA LIMITED","2,250"
"25-AUG-2026","MFSL","MAX FINANCIAL SERV LTD","400"
"25-AUG-2026","MOBIKWIK","ONE MOBIKWIK SYSTEMS LTD","517"
"25-AUG-2026","MOTHERSON","SAMVRDHNA MTHRSN INT","37,172"
"25-AUG-2026","MOTILALOFS","MOTILAL OSWAL FIN LTD   ","5,452"
"25-AUG-2026","MRF","MRF LTD","5"
"25-AUG-2026","MUTHOOTFIN","MUTHOOT FINANCE LIMITED","6,650"
"25-AUG-2026","NAM-INDIA","NIPPON L I A M LTD","625"
"25-AUG-2026","NATIONALUM","NATIONAL ALUMINIUM CO LTD","17,910"
"25-AUG-2026","NAUKRI","INFO EDGE (I) LTD","4,400"
"25-AUG-2026","NBCC","NATIONAL BUILDINGS LTD   ","45,500"
"25-AUG-2026","NEPHROPLUS","NEPHROCARE HEALTH SERV L","6"
"25-AUG-2026","NESTLEIND","NESTLE INDIA LIMITED","1,500"
"25-AUG-2026","NETWEB","NETWEB TECH INDIA LTD","29"
"25-AUG-2026","NEXT50IETF","ICICIPRAMC - ICICINXT50","3"
"25-AUG-2026","NIFTYETF","MIRAEAMC - MAN50ETF","22"
"25-AUG-2026","NITINSPIN","NITIN SPINNERS LIMITED","600"
"25-AUG-2026","NMDC","NMDC LTD.","87,749"
"25-AUG-2026","NOCIL","NOCIL LIMITED            ","16"
"25-AUG-2026","NORTHARC","NORTHERN ARC CAPITAL LTD","11,248"
"25-AUG-2026","NTPC","NTPC LTD","4,504"
"25-AUG-2026","NYKAA","FSN E COMMERCE VENTURES","12,500"
"25-AUG-2026","OBEROIRLTY","OBEROI REALTY LIMITED","701"
"25-AUG-2026","OFSS","Oracle Financial Services Software Limited","500"
"25-AUG-2026","OIL","OIL INDIA LTD","11,200"
"25-AUG-2026","ONGC","OIL AND NATURAL GAS CORP.","5,100"
"25-AUG-2026","PAGEIND","PAGE INDUSTRIES LTD","40"
"25-AUG-2026","PARADEEP","PARADEEP PHOSPHATES LTD","300"
"25-AUG-2026","PARAGMILK","PARAG MILK FOODS LTD.   ","2"
"25-AUG-2026","PARAS","PARAS DEF AND SPCE TECH L","37"
"25-AUG-2026","PATANJALI","PATANJALI FOODS LIMITED","1,075"
"25-AUG-2026","PAYTM","ONE 97 COMMUNICATIONS LTD","21,705"
"25-AUG-2026","PERSISTENT","PERSISTENT SYSTEMS LTD","525"
"25-AUG-2026","PHOENIXLTD","THE PHOENIX MILLS LIMITED","350"
"25-AUG-2026","PIDILITIND","PIDILITE INDUSTRIES LIMITED","500"
"25-AUG-2026","PIIND","PI INDUSTRIES LTD        ","350"
"25-AUG-2026","PNB","PUNJAB NATIONAL BANK","64,650"
"25-AUG-2026","POLICYBZR","PB FINTECH LIMITED","2,800"
"25-AUG-2026","POLYPLEX","POLYPLEX CORPORATION LTD","48"
"25-AUG-2026","POWERGRID","POWER GRID CORP. LTD.","1,900"
"25-AUG-2026","POWERINDIA","ABB POWER PRO N SYS IND L","125"
"25-AUG-2026","PREMEXPLN","PREMIER EXPLOSIVES LTD","400"
"25-AUG-2026","PREMIERENE","PREMIER ENERGIES LIMITED","650"
"25-AUG-2026","PROTEAN","PROTEAN EGOV TECHNO LTD","63"
"25-AUG-2026","PWL","PHYSICSWALLAH LIMITED","227"
"25-AUG-2026","RADICO","RADICO KHAITAN LIMITED","1,200"
"25-AUG-2026","RECLTD","RURAL ELEC CORP. LTD.","1,575"
"25-AUG-2026","RELIANCE","RELIANCE INDUSTRIES LTD","18,339"
"25-AUG-2026","RENUKA","SHREE RENUKA SUGARS LTD","749"
"25-AUG-2026","SAIL","STEEL AUTHORITY OF INDIA","4,700"
"25-AUG-2026","SAPPHIRE","SAPPHIRE FOODS INDIA LTD","55"
"25-AUG-2026","SBICARD","SBI CARDS & PAY SER LTD","2,400"
"25-AUG-2026","SBIN","STATE BANK OF INDIA","2,252"
"25-AUG-2026","SHADOWFAX","SHADOWFAX TECHNOLOGIES L","18"
"25-AUG-2026","SHREECEM","SHREE CEMENTS LTD","25"
"25-AUG-2026","SHRIPISTON","SHRIRAM PIST. & RING LTD","14"
"25-AUG-2026","SHRIRAMFIN","SHRIRAM FINANCE LIMITED","1,650"
"25-AUG-2026","SIEMENS","SIEMENS LTD","1,172"
"25-AUG-2026","SOLARINDS","SOLAR INDUSTRIES (I) LTD","450"
"25-AUG-2026","SONACOMS","SONA BLW PRECISION FRGS L","7,334"
"25-AUG-2026","SRF","SRF LTD","1,200"
"25-AUG-2026","SUNFLAG","SUNFLAG IRON AND STEEL CO","87"
"25-AUG-2026","SUNPHARMA","SUN PHARMACEUTICALS IND.","2,100"
"25-AUG-2026","SUPREMEIND","SUPREME INDUSTRIES LTD","177"
"25-AUG-2026","SUPRIYA","SUPRIYA LIFESCIENCE LTD","19"
"25-AUG-2026","SUZLON","SUZLON ENERGY LIMITED","38,100"
"25-AUG-2026","SWIGGY","SWIGGY LIMITED","3,650"
"25-AUG-2026","TARIL","TRANS & RECTI. LTD","3,229"
"25-AUG-2026","TATACONSUM","TATA CONSUMER PRODUCT","550"
"25-AUG-2026","TATAELXSI","TATA ELXSI LIMITED       ","489"
"25-AUG-2026","TATASTEEL","TATA STEEL LIMITED","30,250"
"25-AUG-2026","TCS","TATA CONSULTANCY SERV LT","31,407"
"25-AUG-2026","TDPOWERSYS","TD POWER SYSTEMS LTD.","661"
"25-AUG-2026","TECHM","TECH MAHINDRA LIMITED","7,800"
"25-AUG-2026","THANGAMAYL","THANGAMAYIL JEWELLERY LTD","21"
"25-AUG-2026","TIINDIA","TUBE INVEST OF INDIA LTD","200"
"25-AUG-2026","TITAN","TITAN INDUSTRIES LTD","1,13,799"
"25-AUG-2026","TMPV","TATA MOTORS PASS VEH LTD","6,483"
"25-AUG-2026","TRANSRAILL","TRANSRAIL LIGHTING LTD","57"
"25-AUG-2026","TRAVELFOOD","TRAVEL FOOD SERVICES LTD","1"
"25-AUG-2026","TRENT","TRENT LIMITED","225"
"25-AUG-2026","TVSMOTOR","TVS MOTOR COMPANY  LTD","1,799"
"25-AUG-2026","TVSSCS","TVS SUPPLY CHAIN SOL L","203"
"25-AUG-2026","ULTRACEMCO","ULTRATECH CEMENT LIMITED","350"
"25-AUG-2026","UNIMECH","UNIMECH AEROSPACE N MFG L","60"
"25-AUG-2026","UNIONBANK","UNION BANK OF INDIA","26,650"
"25-AUG-2026","UNITDSPR","UNITED SPIRITS LIMITED","800"
"25-AUG-2026","UNIVCABLES","UNIVERSAL CABLES LTD","47"
"25-AUG-2026","UNOMINDA","UNO MINDA LIMITED","550"
"25-AUG-2026","UPL","UPL LIMITED","4,065"
"25-AUG-2026","URBANCO","URBAN COMPANY LIMITED","6"
"25-AUG-2026","VEDL","VEDANTA LIMITED","57,376"
"25-AUG-2026","VENTIVE","VENTIVE HOSPITALITY LTD","20"
"25-AUG-2026","VENUSPIPES","VENUS PIPES & TUBES LTD","5"
"25-AUG-2026","VESUVIUS","VESUVIUS INDIA LTD","2"
"25-AUG-2026","VINDHYATEL","VINDHYA TELELINKS LTD","5"
"25-AUG-2026","VIYASH","VIYASH SCIENTIFIC LIMITED","1,456"
"25-AUG-2026","VMM","VISHAL MEGA MART LIMITED","1,65,498"
"25-AUG-2026","VOLTAMP","VOLTAMP TRANSFORMERS LTD","44"
"25-AUG-2026","VOLTAS","VOLTAS LTD","750"
"25-AUG-2026","WIPRO","WIPRO LTD","1,90,613"
"25-AUG-2026","YATHARTH","YATHARTH HOSP & TRA C S L","250"
"25-AUG-2026","ZYDUSWELL","ZYDUS WELLNESS LIMITED","11"
"26-AUG-2026","AARTIIND","AARTI INDUSTRIES LTD","345"
"26-AUG-2026","ABB","ABB LTD.","275"
"26-AUG-2026","ABCAPITAL","ADITYA BIRLA CAPITAL LIMITED","18,200"
"26-AUG-2026","ACE","ACTION CONST EQUIP LTD","67"
"26-AUG-2026","ADANIENSOL","ADANI ENERGY SOLUTION LTD","125"
"26-AUG-2026","ADANIENT","ADANI ENTERPRISES LIMITED","658"
"26-AUG-2026","ADANIGREEN","ADANI GREEN ENERGY LTD","15"
"26-AUG-2026","ADANIPORTS","ADANI PORT & SEZ LTD","10"
"26-AUG-2026","ADANIPOWER","ADANI POWER LTD","12,333"
"26-AUG-2026","ADFFOODS","ADF FOODS LIMITED","1"
"26-AUG-2026","AEROFLEX","AEROFLEX INDUSTRIES LTD","630"
"26-AUG-2026","AETHER","AETHER INDUSTRIES LIMITED","5"
"26-AUG-2026","AKUMS","AKUMS DRUGS AND PHARMA L","1,560"
"26-AUG-2026","ALOKINDS","ALOKINDS","30,296"
"26-AUG-2026","AMBUJACEM","AMBUJA CEMENTS LTD","385"
"26-AUG-2026","ANANTRAJ","ANANT RAJ LIMITED","100"
"26-AUG-2026","ANGELONE","ANGEL ONE LTD","722"
"26-AUG-2026","ANTHEM","ANTHEM BIOSCIENCES LTD","91"
"26-AUG-2026","ANURAS","ANUPAM RASAYAN INDIA LTD","46"
"26-AUG-2026","APLLTD","ALEMBIC PHARMA LTD","24"
"26-AUG-2026","APOLLOHOSP","APOLLO HOSPITALS ENTERPRISE LIMITED","1"
"26-AUG-2026","APOLLOPIPE","APOLLO PIPES LIMITED","3,751"
"26-AUG-2026","APTUS","APTUS VALUE HSG FIN I LTD","10"
"26-AUG-2026","ARVIND","ARVIND LIMITED","5"
"26-AUG-2026","ASHOKA","ASHOKA BUILDCON LTD      ","55"
"26-AUG-2026","ASHOKLEY","ASHOK LEYLAND LTD","43,999"
"26-AUG-2026","ASIANPAINT","ASIAN PAINTS LIMITED","82"
"26-AUG-2026","ASKAUTOLTD","ASK AUTOMOTIVE LIMITED","1,000"
"26-AUG-2026","ASTRAL","ASTRAL POLY TECHNIK LIMITED","7,225"
"26-AUG-2026","ATGL","ADANI TOTAL GAS LIMITED","1"
"26-AUG-2026","ATHERENERG","ATHER ENERGY LIMITED","2,130"
"26-AUG-2026","AUBANK","AU SMALL FINANCE BANK LIMITED","1,000"
"26-AUG-2026","AVALON","AVALON TECHNOLOGIES LTD","10"
"26-AUG-2026","AWL","ADANI WILMAR LIMITED","2,905"
"26-AUG-2026","AXISBANK","AXIS BANK LIMITED","11,275"
"26-AUG-2026","AYE","AYE FINANCE LIMITED","1"
"26-AUG-2026","AZAD","AZAD ENGINEERING LIMITED","40"
"26-AUG-2026","BAJAJ-AUTO","BAJAJ AUTO LIMITED","899"
"26-AUG-2026","BAJAJCON","BAJAJ CONSUMER CARE LTD","52"
"26-AUG-2026","BAJAJFINSV","BAJAJ FINSERV LIMITED","320"
"26-AUG-2026","BAJAJHFL","BAJAJ HOUSING FINANCE LTD","500"
"26-AUG-2026","BAJAJHIND","BAJAJ HINDUSTAN LTD","1,035"
"26-AUG-2026","BAJAJHLDNG","BAJAJ HOLDINGS & INVS LTD","634"
"26-AUG-2026","BAJFINANCE","BAJAJ FINANCE LIMITED","10,500"
"26-AUG-2026","BALAMINES","BALAJI AMINIES LIMITED","195"
"26-AUG-2026","BALRAMCHIN","BALRAMPUR CHINI MILLS LTD","25"
"26-AUG-2026","BALUFORGE","BALU FORGE INDUSTRIES LTD","969"
"26-AUG-2026","BANDHANBNK","BANDHAN BANK LIMITED","7,718"
"26-AUG-2026","BANKBARODA","BANK OF BARODA","100"
"26-AUG-2026","BANKINDIA","BANK OF INDIA","1,094"
"26-AUG-2026","BBOX","BLACK BOX LIMITED","20"
"26-AUG-2026","BDL","BHARAT DYNAMICS LIMITED","8,075"
"26-AUG-2026","BEML","BEML LIMITED","5"
"26-AUG-2026","BHARTIARTL","BHARTI AIRTEL LIMITED","92,150"
"26-AUG-2026","BHEL","BHEL","5,894"
"26-AUG-2026","BIKAJI","BIKAJI FOODS INTERN LTD","200"
"26-AUG-2026","BIOCON","BIOCON LIMITED.","25"
"26-AUG-2026","BLUESTARCO","BLUE STAR LIMITED","324"
"26-AUG-2026","BOSCHLTD","BOSCH LIMITED","2"
"26-AUG-2026","BPCL","BHARAT PETROLEUM CORP  LT","1,972"
"26-AUG-2026","BRITANNIA","BRITANNIA INDUSTRIES LIMITED","5,750"
"26-AUG-2026","BSE","BSE LIMITED","191"
"26-AUG-2026","CANBK","CANARA BANK","850"
"26-AUG-2026","CAPACITE","CAPACITE INFRAPROJECT LTD","67"
"26-AUG-2026","CCAVENUE","AVENUESAI LIMITED","10,000"
"26-AUG-2026","CDSL","CENTRAL DEPOSITORY SERVICES (INDIA) LIMITED","275"
"26-AUG-2026","CEIGALL","CEIGALL INDIA LIMITED","600"
"26-AUG-2026","CESC","CESC LTD","1,200"
"26-AUG-2026","CGCL","CGCL","5,301"
"26-AUG-2026","CGPOWER","CG POWER AND INDUSTRIAL SOLUTIONS LIMITED","100"
"26-AUG-2026","CHALET","CHALET HOTELS LIMITED","893"
"26-AUG-2026","CHENNPETRO","CHENNAI PETROLEUM CORP LT","5,800"
"26-AUG-2026","COALINDIA","COALINDIA","136"
"26-AUG-2026","COCHINSHIP","COCHIN SHIPYARD LIMITED","8"
"26-AUG-2026","COFORGE","COFORGE LIMITED","2,101"
"26-AUG-2026","COLPAL","COLGATE PALMOLIVE LTD.","275"
"26-AUG-2026","CONCOR","CONTAINER CORP OF IND LTD","15,000"
"26-AUG-2026","CONFIPET","CONFIDENCE PETRO IND LTD.","2,000"
"26-AUG-2026","COROMANDEL","COROMANDEL INTERNTL. LTD ","140"
"26-AUG-2026","CPPLUS","ADITYA INFOTECH LIMITED","61"
"26-AUG-2026","CSBBANK","CSBBANK","2,502"
"26-AUG-2026","CUB","CITY UNION BANK LTD      ","1"
"26-AUG-2026","CUMMINSIND","CUMMINS INDIA LTD","10"
"26-AUG-2026","CUPID","CUPID LIMITED","5"
"26-AUG-2026","CYIENT","CYIENT LIMITED           ","125"
"26-AUG-2026","CYIENTDLM","CYIENT DLM LIMITED","5"
"26-AUG-2026","DABUR","DABUR INDIA LTD","1,250"
"26-AUG-2026","DALBHARAT","DALMIA BHARAT LIMITED","450"
"26-AUG-2026","DATAPATTNS","DATA PATTERNS INDIA LTD","3,374"
"26-AUG-2026","DCBBANK","DCB BANK LIMITED","53,300"
"26-AUG-2026","DEEPAKNTR","DEEPAK NITRITE LIMITED","101"
"26-AUG-2026","DEEPINDS","DEEP INDUSTRIES LIMITED","1,650"
"26-AUG-2026","DELHIVERY","DELHIVERY LIMITED","10"
"26-AUG-2026","DELTACORP","DELTACORP","2,990"
"26-AUG-2026","DIACABS","DIAMOND POWER INFRA LTD","400"
"26-AUG-2026","DIVISLAB","DIVI'S LABORATORIES LTD","404"
"26-AUG-2026","DIXON","DIXON TECHNO (INDIA) LTD","2,604"
"26-AUG-2026","DLF","DLF LIMITED","1"
"26-AUG-2026","DRREDDY","DR. REDDY'S LABORATORIES","31,601"
"26-AUG-2026","ECLERX","ECLERX SERVICES LTD ","200"
"26-AUG-2026","EFCIL","EFC (I) LIMITED","1"
"26-AUG-2026","ELECTCAST","ELECTROSTEEL CASTINGS LTD","1"
"26-AUG-2026","EMCURE","EMCURE PHARMACEUTICALS L","49"
"26-AUG-2026","EMMVEE","EMMVEE PHOTOVOLTAIC PWR L","100"
"26-AUG-2026","ENTERO","ENTERO HEALTHCARE SOLU L","116"
"26-AUG-2026","EPIGRAL","EPIGRAL LIMITED","18"
"26-AUG-2026","EPL","EPL","35"
"26-AUG-2026","ETERNAL","ETERNAL LIMITED","3,08,740"
"26-AUG-2026","FACT","FACT LTD","1,203"
"26-AUG-2026","FINCABLES","FINOLEX CABLES LTD","5"
"26-AUG-2026","FIVESTAR","FIVE-STAR BUS FIN LTD","8,984"
"26-AUG-2026","FORCEMOT","FORCE MOTORS LIMITED","14"
"26-AUG-2026","FORTIS","FORTIS HEALTHCARE (I) LTD","144"
"26-AUG-2026","FRACTAL","FRACTAL ANALYTICS LIMITED","200"
"26-AUG-2026","GAIL","GAIL (INDIA) LTD","63,900"
"26-AUG-2026","GENUSPOWER","GENUS POWER INFRASTRU LTD","4,000"
"26-AUG-2026","GICRE","GENERAL INSURANCE CORPORATION OF INDIA","2,750"
"26-AUG-2026","GIPCL","GUJ IND POW CO. LTD","510"
"26-AUG-2026","GLAND","GLAND PHARMA LIMITED","50"
"26-AUG-2026","GLENMARK","GLENMARK PHARMACEUTICALS LIMITED","20"
"26-AUG-2026","GMDCLTD","GUJARAT MINERAL DEV CORP","200"
"26-AUG-2026","GODFRYPHLP","GODFREY PHILLIPS INDIA LT","71"
"26-AUG-2026","GODREJAGRO","GODREJ AGROVET LIMITED","200"
"26-AUG-2026","GODREJCP","GODREJ CONSUMER PRODUCTS LIMITED","5,500"
"26-AUG-2026","GOKULAGRO","GOKUL AGRO RESOURCES LTD","305"
"26-AUG-2026","GPIL","GPIL","18"
"26-AUG-2026","GRANULES","GRANULES INDIA LIMITED   ","20"
"26-AUG-2026","GREENPLY","GREENPLY","49"
"26-AUG-2026","GRINDWELL","GRINDWELL","20"
"26-AUG-2026","GROWW","BILLIONBRAINS GARAGE VN L","8,177"
"26-AUG-2026","GRSE","GARDEN REACH SHIP&ENG LTD","100"
"26-AUG-2026","GUJALKALI","GUJARAT ALKALIES & CHEM","25"
"26-AUG-2026","GVT&D","GE VERNOVA T&D INDIA LTD","240"
"26-AUG-2026","HAL","HINDUSTAN AERONAUTICS LTD","351"
"26-AUG-2026","HCC","HINDUSTAN CONSTRUCTION CO","7,200"
"26-AUG-2026","HDFCAMC","HDFC AMC LIMITED","3,300"
"26-AUG-2026","HDFCBANK","HDFC BANK LTD","2,450"
"26-AUG-2026","HDFCLIFE","HDFC STANDARD LIFE INSURANCE COMPANY LIMITED","264"
"26-AUG-2026","HDFCNIFIT","HDFCAMC - HDFCNIFIT","2"
"26-AUG-2026","HDFCSML250","HDFCAMC - HDFCSML250","1,293"
"26-AUG-2026","HFCL","HIMACHAL FUTURISTIC COMMUNICATIONS LIMITED","649"
"26-AUG-2026","HINDALCO","HINDALCO  INDUSTRIES  LTD","5,562"
"26-AUG-2026","HINDCOPPER","HINDUSTAN COPPER LIMITED","6,83,833"
"26-AUG-2026","HINDUNILVR","HINDUSTAN UNILEVER LTD.","30"
"26-AUG-2026","HINDZINC","HINDUSTAN ZINC LIMITED","5,079"
"26-AUG-2026","HSCL","HIMADRI SPECIALITY CHEMICAL LIMITED","501"
"26-AUG-2026","HUDCO","HOUSING & URBAN DEVELOPMENT CORPORATION LIMITED","128"
"26-AUG-2026","HYUNDAI","HYUNDAI MOTOR INDIA LTD","1,195"
"26-AUG-2026","ICICIBANK","ICICI BANK LTD.","411"
"26-AUG-2026","ICICIGI","ICICI LOMBARD GENERAL INSURANCE COMPANY LIMITED","1"
"26-AUG-2026","ICICIPRULI","ICICI PRU LIFE INS CO LTD ","210"
"26-AUG-2026","ICIL","INDO COUNT INDUSTRIES LTD","300"
"26-AUG-2026","IDBI","IDBI Bank Limited","3,510"
"26-AUG-2026","IDEA","Vodafone Idea Limited","11,65,948"
"26-AUG-2026","IFCI","IFCI LTD","4,737"
"26-AUG-2026","IIFL","IIFL HOLDINGS LIMITED","430"
"26-AUG-2026","IIFLCAPS","IIFL CAPITAL SERVICES LTD","13"
"26-AUG-2026","INDGN","INDEGENE LIMITED","50"
"26-AUG-2026","INDHOTEL","THE INDIAN HOTELS CO. LTD","27"
"26-AUG-2026","INDIACEM","THE INDIA CEMENTS LIMITED","400"
"26-AUG-2026","INDIAGLYCO","INDIA GLYCOLS LTD","100"
"26-AUG-2026","INDIANB","INDIAN BANK","6,950"
"26-AUG-2026","INDIGO","INTERGLOBE AVIATION LTD  ","31"
"26-AUG-2026","INDIGOPNTS","INDIGOPNTS","300"
"26-AUG-2026","INDUSINDBK","INDUSIND BANK LIMITED","4,200"
"26-AUG-2026","INDUSTOWER","INDUS","242"
"26-AUG-2026","INFY","INFOSYS TECHNOLOGIES LTD","7,205"
"26-AUG-2026","INOXINDIA","INOX INDIA LIMITED","350"
"26-AUG-2026","IOC","INDIAN OIL CORP LTD","600"
"26-AUG-2026","IOLCP","IOL CHEM AND PHARMA LTD","4,657"
"26-AUG-2026","IPCALAB","IPCA LABORATORIES LIMITED","200"
"26-AUG-2026","IRB","IRB INFRA DEV LTD.","295"
"26-AUG-2026","IRCTC","INDIAN RAIL TOUR CORP LTD","10"
"26-AUG-2026","IREDA","INDIAN RENEWABLE ENERGY","1,600"
"26-AUG-2026","IRFC","IRFC","41"
"26-AUG-2026","ITC","ITC LTD","600"
"26-AUG-2026","J&KBANK","J & K BANK LTD.","501"
"26-AUG-2026","JAYNECOIND","JAYASWAL NECO INDUSTR LTD","1"
"26-AUG-2026","JINDALSAW","JINDAL SAW LIMITED","1,467"
"26-AUG-2026","JINDALSTEL","JINDAL STEEL & POWER LTD","17"
"26-AUG-2026","JIOFIN","JIO FIN SERVICES LTD","28,725"
"26-AUG-2026","JKCEMENT","JK CEMENT LIMITED","4"
"26-AUG-2026","JMFINANCIL","JM FINANCIAL LIMITED    ","506"
"26-AUG-2026","JSWSTEEL","JSW STEEL LIMITED","236"
"26-AUG-2026","JUBLFOOD","JUBILANT FOODWORKS LTD","22,500"
"26-AUG-2026","JWL","JUPITER WAGONS LIMITED","45"
"26-AUG-2026","JYOTICNC","JYOTI CNC AUTOMATION LTD","140"
"26-AUG-2026","KALYANKJIL","KALYAN JEWELLERS IND LTD","4,280"
"26-AUG-2026","KARURVYSYA","KARUR VYSYA BANK LIMITED","929"
"26-AUG-2026","KAYNES","KAYNES TECHNOLOGY IND LTD","259"
"26-AUG-2026","KDDL","KDDL LIMITED","2"
"26-AUG-2026","KEI","KEI INDUSTRIES LTD.      ","177"
"26-AUG-2026","KFINTECH","KFIN TECHNOLOGIES LIMITED","5"
"26-AUG-2026","KIRIINDUS","KIRIINDUS","450"
"26-AUG-2026","KOTAKBANK","KOTAK MAHINDRA BANK LTD","4,899"
"26-AUG-2026","KPRMILL","KPRMILL","19"
"26-AUG-2026","KRBL","KRBL LIMITED","924"
"26-AUG-2026","KRISHANA","KRISHANA PHOSCHEM LIMITED","65"
"26-AUG-2026","KTKBANK","KARNATAKA BANK LIMITED","25"
"26-AUG-2026","KWIL","KWALITY WALL'S (INDIA) L","25,000"
"26-AUG-2026","LAURUSLABS","LAURUS LABS LIMITED","33,224"
"26-AUG-2026","LENSKART","LENSKART SOLUTIONS LTD","25"
"26-AUG-2026","LGEINDIA","LG ELECTRONICS INDIA LTD","50"
"26-AUG-2026","LICHSGFIN","LIC HOUSING FINANCE LTD","170"
"26-AUG-2026","LIQUID","MIRAEAMC - LIQUID","2,303"
"26-AUG-2026","LIQUIDBEES","NIP IND ETF LIQUID BEES","6,127"
"26-AUG-2026","LIQUIDETF","DSP LIQUID ETF","26"
"26-AUG-2026","LIQUIDIETF","ICICIPRAMC - ICICILIQ","100"
"26-AUG-2026","LLOYDSENGG","LLOYDS ENGG WORK LIMITED","15,720"
"26-AUG-2026","LODHA","LODHA","5,001"
"26-AUG-2026","LOTUSDEV","SRI LOTUS DEVLPRS N RTY L","9,205"
"26-AUG-2026","LT","LARSEN & TOUBRO LTD.","74,901"
"26-AUG-2026","LTF","L&T FINANCE LIMITED","9,572"
"26-AUG-2026","LTM","LTIMINDTREE LIMITED","900"
"26-AUG-2026","LUMAXTECH","LUMAX AUTO TECH LTD","300"
"26-AUG-2026","LUPIN","LUPIN LIMITED","45"
"26-AUG-2026","MAHABANK","MAHABANK","8,672"
"26-AUG-2026","MAHSEAMLES","MAHARASHTRA SEAMLESS LTD","200"
"26-AUG-2026","MANAPPURAM","MANAPPURAM FINANCE LTD","6,420"
"26-AUG-2026","MANKIND","MANKIND PHARMA LIMITED","30"
"26-AUG-2026","MANORAMA","MANORAMA INDUSTRIES LTD","1"
"26-AUG-2026","MAPMYINDIA","C.E. INFO SYSTEMS LIMITED","11"
"26-AUG-2026","MARICO","MARICO LIMITED","14"
"26-AUG-2026","MARKSANS","MARKSANS PHARMA LIMITED  ","85"
"26-AUG-2026","MARUTI","MARUTI SUZUKI INDIA LTD.","141"
"26-AUG-2026","MAZDOCK","MAZAGON DOCK SHIPBUIL LTD","125"
"26-AUG-2026","MCX","MULTI COMMODITY EXCHANGE OF INDIA LIMITED","4,382"
"26-AUG-2026","MEESHO","MEESHO LIMITED","50"
"26-AUG-2026","METALIETF","ICICIPRAMC - METALIETF","75"
"26-AUG-2026","MFSL","MAX FINANCIAL SERV LTD","818"
"26-AUG-2026","MIDHANI","MIDHANI","400"
"26-AUG-2026","MOIL","MOIL LIMITED     ","376"
"26-AUG-2026","MOLDTKPAC","MOLD-TEK PACKAGING LTD","200"
"26-AUG-2026","MOREPENLAB","MOREPEN LAB. LTD         ","1,319"
"26-AUG-2026","MOTHERSON","SAMVRDHNA MTHRSN INT","8"
"26-AUG-2026","MOTILALOFS","MOTILAL OSWAL FIN LTD   ","359"
"26-AUG-2026","MRPL","MRPL","100"
"26-AUG-2026","MSTCLTD","MSTC LIMITED","52"
"26-AUG-2026","MSUMI","MOTHERSON SUMI WRNG IND L","10,200"
"26-AUG-2026","MUTHOOTFIN","MUTHOOT FINANCE LIMITED","33"
"26-AUG-2026","NAM-INDIA","NIPPON L I A M LTD","40"
"26-AUG-2026","NATCOPHARM","NATCO PHARMA LIMITED","42"
"26-AUG-2026","NBCC","NATIONAL BUILDINGS LTD   ","52,000"
"26-AUG-2026","NEOGEN","NEOGEN CHEMICALS LIMITED","330"
"26-AUG-2026","NESTLEIND","NESTLE INDIA LIMITED","6,500"
"26-AUG-2026","NETWEB","NETWEB TECH INDIA LTD","109"
"26-AUG-2026","NITINSPIN","NITIN SPINNERS LIMITED","200"
"26-AUG-2026","NLCINDIA","NLC INDIA LIMITED","1,990"
"26-AUG-2026","NMDC","NMDC LTD.","63,608"
"26-AUG-2026","NORTHARC","NORTHERN ARC CAPITAL LTD","500"
"26-AUG-2026","NTPC","NTPC LTD","5,000"
"26-AUG-2026","NYKAA","FSN E COMMERCE VENTURES","25,449"
"26-AUG-2026","OBEROIRLTY","OBEROI REALTY LIMITED","2,100"
"26-AUG-2026","OLAELEC","OLA ELECTRIC MOBILITY LTD","27,254"
"26-AUG-2026","OLECTRA","OLECTRA GREENTECH LIMITED","4,148"
"26-AUG-2026","ONGC","OIL AND NATURAL GAS CORP.","100"
"26-AUG-2026","ORCHPHARMA","ORCHID PHARMA LIMITED","250"
"26-AUG-2026","PARADEEP","PARADEEP PHOSPHATES LTD","5,173"
"26-AUG-2026","PARAGMILK","PARAG MILK FOODS LTD.   ","1"
"26-AUG-2026","PARAS","PARAS DEF AND SPCE TECH L","1,204"
"26-AUG-2026","PATANJALI","PATANJALI FOODS LIMITED","30"
"26-AUG-2026","PAYTM","ONE 97 COMMUNICATIONS LTD","3,365"
"26-AUG-2026","PCBL","PCBL LIMITED","104"
"26-AUG-2026","PCJEWELLER","PC JEWELLER LTD          ","11,000"
"26-AUG-2026","PDSL","PDS LIMITED","200"
"26-AUG-2026","PETRONET","PETRONET LNG LIMITED","44"
"26-AUG-2026","PIDILITIND","PIDILITE INDUSTRIES LIMITED","500"
"26-AUG-2026","PINELABS","PINE LABS LIMITED","1,801"
"26-AUG-2026","PNB","PUNJAB NATIONAL BANK","16,100"
"26-AUG-2026","POLICYBZR","PB FINTECH LIMITED","4,017"
"26-AUG-2026","POLYCAB","POLYCAB INDIA LIMITED","2,165"
"26-AUG-2026","PPLPHARMA","PIRAMAL PHARMA LIMITED","2,895"
"26-AUG-2026","PRESTIGE","PRESTIGE ESTATES PROJECTS LIMITED","999"
"26-AUG-2026","PRINCEPIPE","PRINCEPIPE","110"
"26-AUG-2026","PRSMJOHNSN","PRISM JOHNSON LIMITED","257"
"26-AUG-2026","PTC","PTC INDIA LIMITED","49"
"26-AUG-2026","PVRINOX","PVR INOX Limited","855"
"26-AUG-2026","PWL","PHYSICSWALLAH LIMITED","1,500"
"26-AUG-2026","QUESS","QUESS CORP LIMITED","1,109"
"26-AUG-2026","RADICO","RADICO KHAITAN LIMITED","450"
"26-AUG-2026","RAIN","RAIN INDUSTRIES LIMITED","1,226"
"26-AUG-2026","RAMCOCEM","THE RAMCO CEMENTS LIMITED","100"
"26-AUG-2026","RATEGAIN","RATEGAIN TRAVEL TECHN LTD","250"
"26-AUG-2026","RCF","RASHTRIYA CHEMICALS AND FERTILIZERS LIMITED","1,050"
"26-AUG-2026","REDINGTON","REDINGTON (INDIA) LTD.","1"
"26-AUG-2026","RELIANCE","RELIANCE INDUSTRIES LTD","11,860"
"26-AUG-2026","RENUKA","SHREE RENUKA SUGARS LTD","8,491"
"26-AUG-2026","RPEL","RAGHAV PRODUCTIVITY ENH L","150"
"26-AUG-2026","RPOWER","RELIANCE POWER LTD.","1,000"
"26-AUG-2026","RPTECH","RASHI PERIPHERALS LIMITED","1,285"
"26-AUG-2026","RUBICON","RUBICON RESEARCH LIMITED","100"
"26-AUG-2026","RVNL","RVNL","636"
"26-AUG-2026","SAGILITY","SAGILITY INDIA LIMITED","1,15,700"
"26-AUG-2026","SAIL","STEEL AUTHORITY OF INDIA","9,976"
"26-AUG-2026","SAMMAANCAP","SAMMAAN CAPITAL LIMITED","998"
"26-AUG-2026","SANDUMA","SANDUR MANG & IRON ORES L","55"
"26-AUG-2026","SANSERA","SANSERA ENGINEERING LTD","10"
"26-AUG-2026","SAPPHIRE","SAPPHIRE FOODS INDIA LTD","2"
"26-AUG-2026","SBFC","SBFC FINANCE LIMITED","500"
"26-AUG-2026","SBICARD","SBI CARDS & PAY SER LTD","7"
"26-AUG-2026","SBILIFE","SBI LIFE INSURANCE COMPANY LIMITED","306"
"26-AUG-2026","SBIN","STATE BANK OF INDIA","19,566"
"26-AUG-2026","SCHNEIDER","SCHNEIDER ELECTRIC INFRA","10"
"26-AUG-2026","SENCO","SENCO GOLD LIMITED","100"
"26-AUG-2026","SENORES","SENORES PHARMACEUTICALS L","20"
"26-AUG-2026","SHARDACROP","SHARDA CROPCHEM LTD.","100"
"26-AUG-2026","SHILPAMED","SHILPA MEDICARE LTD","124"
"26-AUG-2026","SHREECEM","SHREE CEMENTS LTD","4"
"26-AUG-2026","SHYAMMETL","SHYAM METALICS AND ENGY L","89"
"26-AUG-2026","SIEMENS","SIEMENS LTD","3,520"
"26-AUG-2026","SMLMAH","SML Mahindra Limited","14"
"26-AUG-2026","SOBHA","SOBHA DEVELOPERS LTD","200"
"26-AUG-2026","SOLARINDS","SOLAR INDUSTRIES (I) LTD","4"
"26-AUG-2026","SRF","SRF LTD","211"
"26-AUG-2026","STYRENIX","STYRENIX PERFORMANCE LTD","25"
"26-AUG-2026","SUDEEPPHRM","SUDEEP PHARMA LIMITED","25"
"26-AUG-2026","SUNPHARMA","SUN PHARMACEUTICALS IND.","4,210"
"26-AUG-2026","SURYODAY","SURYODAY SMALL FIN BK LTD","161"
"26-AUG-2026","SUVEN","SUVEN LIFE SCIENCES LTD  ","700"
"26-AUG-2026","SUZLON","SUZLON ENERGY LIMITED","863"
"26-AUG-2026","SWIGGY","SWIGGY LIMITED","191"
"26-AUG-2026","SYMPHONY","SYMPHONY LIMITED         ","50"
"26-AUG-2026","TATACAP","TATA CAPITAL LIMITED","300"
"26-AUG-2026","TATACONSUM","TATA CONSUMER PRODUCT","3,300"
"26-AUG-2026","TATASTEEL","TATA STEEL LIMITED","30,128"
"26-AUG-2026","TCS","TATA CONSULTANCY SERV LT","16,270"
"26-AUG-2026","TDPOWERSYS","TD POWER SYSTEMS LTD.","10"
"26-AUG-2026","TEJASNET","TEJAS NETWORKS LIMITED","56"
"26-AUG-2026","TEXRAIL","TEXMACO RAIL & ENG. LTD. ","1,000"
"26-AUG-2026","TFCILTD","TOURISM FINANCE CORP.","851"
"26-AUG-2026","THYROCARE","THYROCARE TECH LTD","100"
"26-AUG-2026","TIINDIA","TUBE INVEST OF INDIA LTD","67"
"26-AUG-2026","TITAN","TITAN INDUSTRIES LTD","5"
"26-AUG-2026","TMB","TAMILNAD MERCA BANK LTD","89"
"26-AUG-2026","TMCV","TATA MOTORS LIMITED","250"
"26-AUG-2026","TMPV","TATA MOTORS PASS VEH LTD","5,816"
"26-AUG-2026","TORNTPOWER","TORRENT POWER LTD","20"
"26-AUG-2026","TVSMOTOR","TVS MOTOR COMPANY  LTD","33"
"26-AUG-2026","UCOBANK","UCO BANK","501"
"26-AUG-2026","UJJIVANSFB","UJJIVAN SMALL FINANC BANK","3,000"
"26-AUG-2026","ULTRACEMCO","ULTRATECH CEMENT LIMITED","40"
"26-AUG-2026","UNIMECH","UNIMECH AEROSPACE N MFG L","353"
"26-AUG-2026","UPL","UPL LIMITED","595"
"26-AUG-2026","URBANCO","URBAN COMPANY LIMITED","185"
"26-AUG-2026","VARROC","VARROC ENGINEERING LTD.","10"
"26-AUG-2026","VBL","VARUN BEVERAGES LIMITED    ","6,575"
"26-AUG-2026","VEDL","VEDANTA LIMITED","10,183"
"26-AUG-2026","VINCOFE","VINTAGE COFFEE N BVRGS L","1,100"
"26-AUG-2026","VINDHYATEL","VINDHYA TELELINKS LTD","42"
"26-AUG-2026","VIPIND","VIP INDUSTRIES LTD","85"
"26-AUG-2026","VOLTAS","VOLTAS LTD","500"
"26-AUG-2026","WAAREEENER","WAAREE ENERGIES LIMITED","5,249"
"26-AUG-2026","WAAREERTL","WAAREE RENEWABLE TECH LTD","70"
"26-AUG-2026","WABAG","VA TECH WABAG LTD        ","146"
"26-AUG-2026","WEBELSOLAR","WEBSOL ENERGY SYSTEM LTD","144"
"26-AUG-2026","WELCORP","WELSPUN CORP LIMITED","128"
"26-AUG-2026","WELENT","WELSPUN ENTERPRISES LIMITED","100"
"26-AUG-2026","WESTLIFE","WESTLIFE DEVELOPMENT LIMITED","4"
"26-AUG-2026","WHEELS","WHEELS INDIA LTD","400"
"26-AUG-2026","WIPRO","WIPRO LTD","50"
"26-AUG-2026","WOCKPHARMA","WOCKHARDT LIMITED","1,000"
"26-AUG-2026","YASHO","YASHO INDUSTRIES LIMITED","30"
"26-AUG-2026","YATHARTH","YATHARTH HOSP & TRA C S L","1,000"
"26-AUG-2026","YESBANK","YES BANK LIMITED","37,610"
"26-AUG-2026","ZAGGLE","ZAGGLE PREPA OCEAN SER L","3,000"
"26-AUG-2026","ZEEL","ZEE ENTERTAINMENT ENT LTD","10,200"
"26-AUG-2026","ZENSARTECH","ZENSAR TECHNOLOGIES  LTD ","100"
"26-AUG-2026","ZYDUSLIFE","ZYDUS LIFESCIENCES","260"
"26-AUG-2026","ZYDUSWELL","ZYDUS WELLNESS LIMITED","100"
"27-AUG-2026","ABB","ABB LTD.","10"
"27-AUG-2026","ABCAPITAL","ADITYA BIRLA CAPITAL LIMITED","4,499"
"27-AUG-2026","ABSLAMC","ADIT BIRL SUN LIF AMC LTD","1"
"27-AUG-2026","ADANIENSOL","ADANI ENERGY SOLUTION LTD","6,410"
"27-AUG-2026","ADANIENT","ADANI ENTERPRISES LIMITED","71"
"27-AUG-2026","ADANIGREEN","ADANI GREEN ENERGY LTD","25"
"27-AUG-2026","ADANIPORTS","ADANI PORT & SEZ LTD","226"
"27-AUG-2026","ADANIPOWER","ADANI POWER LTD","7,425"
"27-AUG-2026","ANGELONE","ANGEL ONE LTD","558"
"27-AUG-2026","APLAPOLLO","APL APOLLO TUBES LTD","32"
"27-AUG-2026","ASHOKLEY","ASHOK LEYLAND LTD","205"
"27-AUG-2026","ASTRAL","ASTRAL POLY TECHNIK LIMITED","233"
"27-AUG-2026","ATHERENERG","ATHER ENERGY LIMITED","204"
"27-AUG-2026","AUBANK","AU SMALL FINANCE BANK LIMITED","366"
"27-AUG-2026","AXISBANK","AXIS BANK LIMITED","372"
"27-AUG-2026","BAJAJ-AUTO","BAJAJ AUTO LIMITED","22"
"27-AUG-2026","BAJAJHFL","BAJAJ HOUSING FINANCE LTD","1,500"
"27-AUG-2026","BAJAJHLDNG","BAJAJ HOLDINGS & INVS LTD","1,379"
"27-AUG-2026","BAJFINANCE","BAJAJ FINANCE LIMITED","101"
"27-AUG-2026","BANKINDIA","BANK OF INDIA","1,770"
"27-AUG-2026","BDL","BHARAT DYNAMICS LIMITED","720"
"27-AUG-2026","BEL","BHARAT ELECTRONICS LTD","20"
"27-AUG-2026","BHARATFORG","BHARAT FORGE LTD","700"
"27-AUG-2026","BHEL","BHEL","1,867"
"27-AUG-2026","BIOCON","BIOCON LIMITED.","25"
"27-AUG-2026","BLACKBUCK","ZINKA LOGISTICS SOL LTD","3"
"27-AUG-2026","BOSCHLTD","BOSCH LIMITED","3"
"27-AUG-2026","BSE","BSE LIMITED","247"
"27-AUG-2026","CANBK","CANARA BANK","101"
"27-AUG-2026","CDSL","CENTRAL DEPOSITORY SERVICES (INDIA) LIMITED","588"
"27-AUG-2026","COCHINSHIP","COCHIN SHIPYARD LIMITED","486"
"27-AUG-2026","COFORGE","COFORGE LIMITED","572"
"27-AUG-2026","CONCOR","CONTAINER CORP OF IND LTD","640"
"27-AUG-2026","CSBBANK","CSBBANK","1"
"27-AUG-2026","CUB","CITY UNION BANK LTD      ","1"
"27-AUG-2026","CUPID","CUPID LIMITED","1,000"
"27-AUG-2026","DCBBANK","DCB BANK LIMITED","1"
"27-AUG-2026","DELHIVERY","DELHIVERY LIMITED","2,384"
"27-AUG-2026","DIVISLAB","DIVI'S LABORATORIES LTD","125"
"27-AUG-2026","DIXON","DIXON TECHNO (INDIA) LTD","9"
"27-AUG-2026","DLF","DLF LIMITED","7"
"27-AUG-2026","EFCIL","EFC (I) LIMITED","1"
"27-AUG-2026","EICHERMOT","EICHER MOTORS LIMITED","13"
"27-AUG-2026","ELECTCAST","ELECTROSTEEL CASTINGS LTD","1"
"27-AUG-2026","ENGINERSIN","ENGINEERS INDIA LTD","1,500"
"27-AUG-2026","ETERNAL","ETERNAL LIMITED","1,50,731"
"27-AUG-2026","FUSION","FUSION MICRO FINANCE LTD","35"
"27-AUG-2026","GAIL","GAIL (INDIA) LTD","3,550"
"27-AUG-2026","GESHIP","THE GE SHPG.LTD","100"
"27-AUG-2026","GODREJCP","GODREJ CONSUMER PRODUCTS LIMITED","41"
"27-AUG-2026","GODREJPROP","GODREJ PROPERTIES LTD","300"
"27-AUG-2026","GROWW","BILLIONBRAINS GARAGE VN L","1"
"27-AUG-2026","GSFC","GUJ STATE FERT & CHEM LTD","15"
"27-AUG-2026","GVT&D","GE VERNOVA T&D INDIA LTD","7"
"27-AUG-2026","HAL","HINDUSTAN AERONAUTICS LTD","23"
"27-AUG-2026","HAVELLS","HAVELLS INDIA LIMITED","9,500"
"27-AUG-2026","HDFCBANK","HDFC BANK LTD","361"
"27-AUG-2026","HINDCOPPER","HINDUSTAN COPPER LIMITED","10"
"27-AUG-2026","HINDUNILVR","HINDUSTAN UNILEVER LTD.","50"
"27-AUG-2026","HINDZINC","HINDUSTAN ZINC LIMITED","368"
"27-AUG-2026","HYUNDAI","HYUNDAI MOTOR INDIA LTD","130"
"27-AUG-2026","ICICIBANK","ICICI BANK LTD.","2"
"27-AUG-2026","ICICIPRULI","ICICI PRU LIFE INS CO LTD ","815"
"27-AUG-2026","IDBI","IDBI Bank Limited","500"
"27-AUG-2026","IDEA","Vodafone Idea Limited","50,408"
"27-AUG-2026","IDFCFIRSTB","IDFC FIRST BANK LIMI","1"
"27-AUG-2026","IFCI","IFCI LTD","1"
"27-AUG-2026","INDHOTEL","THE INDIAN HOTELS CO. LTD","39"
"27-AUG-2026","INDIANB","INDIAN BANK","287"
"27-AUG-2026","INDUSTOWER","INDUS","2"
"27-AUG-2026","INFY","INFOSYS TECHNOLOGIES LTD","700"
"27-AUG-2026","IOC","INDIAN OIL CORP LTD","40"
"27-AUG-2026","IPCALAB","IPCA LABORATORIES LIMITED","3"
"27-AUG-2026","IREDA","INDIAN RENEWABLE ENERGY","50"
"27-AUG-2026","J&KBANK","J & K BANK LTD.","1"
"27-AUG-2026","JINDALSAW","JINDAL SAW LIMITED","100"
"27-AUG-2026","JINDALSTEL","JINDAL STEEL & POWER LTD","219"
"27-AUG-2026","JKCEMENT","JK CEMENT LIMITED","1"
"27-AUG-2026","JSWENERGY","JSW ENERGY LIMITED","1,685"
"27-AUG-2026","JSWSTEEL","JSW STEEL LIMITED","75"
"27-AUG-2026","JWL","JUPITER WAGONS LIMITED","12"
"27-AUG-2026","KALYANKJIL","KALYAN JEWELLERS IND LTD","1,760"
"27-AUG-2026","KAYNES","KAYNES TECHNOLOGY IND LTD","304"
"27-AUG-2026","KEI","KEI INDUSTRIES LTD.      ","32"
"27-AUG-2026","KOTAKBANK","KOTAK MAHINDRA BANK LTD","95"
"27-AUG-2026","LAURUSLABS","LAURUS LABS LIMITED","15,105"
"27-AUG-2026","LICHSGFIN","LIC HOUSING FINANCE LTD","413"
"27-AUG-2026","M&M","MAHINDRA & MAHINDRA LTD","165"
"27-AUG-2026","MANAPPURAM","MANAPPURAM FINANCE LTD","450"
"27-AUG-2026","MAPMYINDIA","C.E. INFO SYSTEMS LIMITED","100"
"27-AUG-2026","MARKSANS","MARKSANS PHARMA LIMITED  ","2"
"27-AUG-2026","MAZDOCK","MAZAGON DOCK SHIPBUIL LTD","10"
"27-AUG-2026","MOSCHIP","MOSCHIP TECHNOLOGIES LTD","20"
"27-AUG-2026","MOTHERSON","SAMVRDHNA MTHRSN INT","50"
"27-AUG-2026","MOTILALOFS","MOTILAL OSWAL FIN LTD   ","201"
"27-AUG-2026","NATIONALUM","NATIONAL ALUMINIUM CO LTD","605"
"27-AUG-2026","NAUKRI","INFO EDGE (I) LTD","8"
"27-AUG-2026","NESTLEIND","NESTLE INDIA LIMITED","20"
"27-AUG-2026","NMDC","NMDC LTD.","177"
"27-AUG-2026","NSLNISP","NMDC STEEL LIMITED","2"
"27-AUG-2026","OFSS","Oracle Financial Services Software Limited","28"
"27-AUG-2026","OLAELEC","OLA ELECTRIC MOBILITY LTD","2,500"
"27-AUG-2026","OLECTRA","OLECTRA GREENTECH LIMITED","255"
"27-AUG-2026","PAYTM","ONE 97 COMMUNICATIONS LTD","202"
"27-AUG-2026","PINELABS","PINE LABS LIMITED","1"
"27-AUG-2026","POLICYBZR","PB FINTECH LIMITED","185"
"27-AUG-2026","PREMIERENE","PREMIER ENERGIES LIMITED","20"
"27-AUG-2026","RAIN","RAIN INDUSTRIES LIMITED","1"
"27-AUG-2026","RBA","RESTAURANT BRAND ASIA LTD","1"
"27-AUG-2026","RBLBANK","RBL BANK LIMITED    ","47"
"27-AUG-2026","REDINGTON","REDINGTON (INDIA) LTD.","2"
"27-AUG-2026","RELIANCE","RELIANCE INDUSTRIES LTD","50"
"27-AUG-2026","RTNPOWER","RATTANINDIA POWER LIMITED","695"
"27-AUG-2026","SAIL","STEEL AUTHORITY OF INDIA","1,199"
"27-AUG-2026","SANDUMA","SANDUR MANG & IRON ORES L","200"
"27-AUG-2026","SBFC","SBFC FINANCE LIMITED","1"
"27-AUG-2026","SBICARD","SBI CARDS & PAY SER LTD","171"
"27-AUG-2026","SBILIFE","SBI LIFE INSURANCE COMPANY LIMITED","331"
"27-AUG-2026","SBILIQETF","SBIAMC - SBILIQETF","95"
"27-AUG-2026","SBIN","STATE BANK OF INDIA","1"
"27-AUG-2026","SGMART","SG MART LIMITED","1"
"27-AUG-2026","SHREECEM","SHREE CEMENTS LTD","6"
"27-AUG-2026","SIEMENS","SIEMENS LTD","2,452"
"27-AUG-2026","SOLARINDS","SOLAR INDUSTRIES (I) LTD","12"
"27-AUG-2026","SONACOMS","SONA BLW PRECISION FRGS L","655"
"27-AUG-2026","SRF","SRF LTD","10"
"27-AUG-2026","SUPREMEIND","SUPREME INDUSTRIES LTD","5"
"27-AUG-2026","TARIL","TRANS & RECTI. LTD","500"
"27-AUG-2026","TATACAP","TATA CAPITAL LIMITED","500"
"27-AUG-2026","TATACONSUM","TATA CONSUMER PRODUCT","50"
"27-AUG-2026","TATAPOWER","TATA POWER CO LTD","220"
"27-AUG-2026","TATASTEEL","TATA STEEL LIMITED","415"
"27-AUG-2026","TCS","TATA CONSULTANCY SERV LT","988"
"27-AUG-2026","TDPOWERSYS","TD POWER SYSTEMS LTD.","14"
"27-AUG-2026","TECHM","TECH MAHINDRA LIMITED","116"
"27-AUG-2026","TEXRAIL","TEXMACO RAIL & ENG. LTD. ","1"
"27-AUG-2026","TFCILTD","TOURISM FINANCE CORP.","1"
"27-AUG-2026","TIINDIA","TUBE INVEST OF INDIA LTD","4"
"27-AUG-2026","TITAN","TITAN INDUSTRIES LTD","702"
"27-AUG-2026","ULTRACEMCO","ULTRATECH CEMENT LIMITED","101"
"27-AUG-2026","UNIONBANK","UNION BANK OF INDIA","100"
"27-AUG-2026","UNITDSPR","UNITED SPIRITS LIMITED","143"
"27-AUG-2026","UPL","UPL LIMITED","82"
"27-AUG-2026","VEDL","VEDANTA LIMITED","811"
"27-AUG-2026","VIYASH","VIYASH SCIENTIFIC LIMITED","6"
"27-AUG-2026","VMM","VISHAL MEGA MART LIMITED","176"
"27-AUG-2026","WAAREEENER","WAAREE ENERGIES LIMITED","277"
"27-AUG-2026","WAKEFIT","WAKEFIT INNOVATIONS LTD","1"
"27-AUG-2026","WIPRO","WIPRO LTD","1,26,010"
"27-AUG-2026","YESBANK","YES BANK LIMITED","2"
"27-AUG-2026","ZEEL","ZEE ENTERTAINMENT ENT LTD","500"
"27-AUG-2026","ZYDUSLIFE","ZYDUS LIFESCIENCES","200"
"28-AUG-2026","ABCAPITAL","ADITYA BIRLA CAPITAL LIMITED","91"
"28-AUG-2026","ADANIENT","ADANI ENTERPRISES LIMITED","100"
"28-AUG-2026","ADANIPOWER","ADANI POWER LTD","141"
"28-AUG-2026","ANGELONE","ANGEL ONE LTD","1"
"28-AUG-2026","ATHERENERG","ATHER ENERGY LIMITED","3"
"28-AUG-2026","AWFIS","AWFIS SPACE SOLUTIONS LTD","1"
"28-AUG-2026","AXISBANK","AXIS BANK LIMITED","89"
"28-AUG-2026","AZAD","AZAD ENGINEERING LIMITED","4"
"28-AUG-2026","BAJAJ-AUTO","BAJAJ AUTO LIMITED","1"
"28-AUG-2026","BDL","BHARAT DYNAMICS LIMITED","5"
"28-AUG-2026","BEL","BHARAT ELECTRONICS LTD","1"
"28-AUG-2026","BOMDYEING","BOMBAY DYEING & MFG. CO L","9,000"
"28-AUG-2026","BSE","BSE LIMITED","5"
"28-AUG-2026","CGCL","CGCL","2"
"28-AUG-2026","COCHINSHIP","COCHIN SHIPYARD LIMITED","20"
"28-AUG-2026","COFORGE","COFORGE LIMITED","42"
"28-AUG-2026","CYIENT","CYIENT LIMITED           ","2"
"28-AUG-2026","DABUR","DABUR INDIA LTD","18"
"28-AUG-2026","DALBHARAT","DALMIA BHARAT LIMITED","184"
"28-AUG-2026","GESHIP","THE GE SHPG.LTD","800"
"28-AUG-2026","HAPPSTMNDS","HAPPIEST MINDS TECHNO LTD","2"
"28-AUG-2026","HCC","HINDUSTAN CONSTRUCTION CO","5,000"
"28-AUG-2026","HCLTECH","HCL TECHNOLOGIES LTD","143"
"28-AUG-2026","HDBFS","HDB FINANCIAL SERVICES L","815"
"28-AUG-2026","HDFCBANK","HDFC BANK LTD","8"
"28-AUG-2026","HINDCOPPER","HINDUSTAN COPPER LIMITED","190"
"28-AUG-2026","HINDZINC","HINDUSTAN ZINC LIMITED","5"
"28-AUG-2026","HYUNDAI","HYUNDAI MOTOR INDIA LTD","3,300"
"28-AUG-2026","ICICIBANK","ICICI BANK LTD.","2"
"28-AUG-2026","ICIL","INDO COUNT INDUSTRIES LTD","25"
"28-AUG-2026","IDBI","IDBI Bank Limited","1"
"28-AUG-2026","IDEA","Vodafone Idea Limited","3,717"
"28-AUG-2026","IFCI","IFCI LTD","6"
"28-AUG-2026","INDUSINDBK","INDUSIND BANK LIMITED","4"
"28-AUG-2026","INOXWIND","INOX WIND LIMITED        ","1"
"28-AUG-2026","IREDA","INDIAN RENEWABLE ENERGY","775"
"28-AUG-2026","JINDALSTEL","JINDAL STEEL & POWER LTD","451"
"28-AUG-2026","JIOFIN","JIO FIN SERVICES LTD","100"
"28-AUG-2026","JPPOWER","JAIPRAKASH POWER VEN. LTD","119"
"28-AUG-2026","JTLIND","JTL INDUSTRIES LIMITED","4"
"28-AUG-2026","JUSTDIAL","JUST DIAL LIMITED","32,318"
"28-AUG-2026","KEI","KEI INDUSTRIES LTD.      ","175"
"28-AUG-2026","KOTAKBANK","KOTAK MAHINDRA BANK LTD","16"
"28-AUG-2026","KPITTECH","KPIT TECHNOLOGIES LTD","605"
"28-AUG-2026","LICHSGFIN","LIC HOUSING FINANCE LTD","23"
"28-AUG-2026","LICI","LIFE INSURA CORP OF INDIA","14,550"
"28-AUG-2026","LIQUIDBEES","NIP IND ETF LIQUID BEES","201"
"28-AUG-2026","LLOYDSME","LLOYDS METALS N ENERGY L","29"
"28-AUG-2026","LOTUSDEV","SRI LOTUS DEVLPRS N RTY L","100"
"28-AUG-2026","LT","LARSEN & TOUBRO LTD.","25"
"28-AUG-2026","M&M","MAHINDRA & MAHINDRA LTD","154"
"28-AUG-2026","MARUTI","MARUTI SUZUKI INDIA LTD.","1"
"28-AUG-2026","MAZDOCK","MAZAGON DOCK SHIPBUIL LTD","5"
"28-AUG-2026","MOREPENLAB","MOREPEN LAB. LTD         ","1,39,004"
"28-AUG-2026","MUTHOOTFIN","MUTHOOT FINANCE LIMITED","9"
"28-AUG-2026","NH","NARAYANA HRUDAYALAYA LTD.","300"
"28-AUG-2026","NSLNISP","NMDC STEEL LIMITED","1"
"28-AUG-2026","OFSS","Oracle Financial Services Software Limited","60"
"28-AUG-2026","OIL","OIL INDIA LTD","1,400"
"28-AUG-2026","OLECTRA","OLECTRA GREENTECH LIMITED","22"
"28-AUG-2026","PARADEEP","PARADEEP PHOSPHATES LTD","1"
"28-AUG-2026","PERSISTENT","PERSISTENT SYSTEMS LTD","14"
"28-AUG-2026","PIRAMALFIN","PIRAMAL FINANCE LIMITED","100"
"28-AUG-2026","PRECWIRE","PRECISION WIRES INDIA LTD","55,582"
"28-AUG-2026","QUESS","QUESS CORP LIMITED","200"
"28-AUG-2026","REDINGTON","REDINGTON (INDIA) LTD.","1"
"28-AUG-2026","RHIM","RHI MAGNESITA INDIA LTD","4,986"
"28-AUG-2026","SAIL","STEEL AUTHORITY OF INDIA","2,076"
"28-AUG-2026","SAMMAANCAP","SAMMAAN CAPITAL LIMITED","4,997"
"28-AUG-2026","SAPPHIRE","SAPPHIRE FOODS INDIA LTD","1"
"28-AUG-2026","SBFC","SBFC FINANCE LIMITED","1"
"28-AUG-2026","SHYAMMETL","SHYAM METALICS AND ENGY L","252"
"28-AUG-2026","SIEMENS","SIEMENS LTD","7,350"
"28-AUG-2026","SUNTV","SUN TV NETWORK LIMITED","2"
"28-AUG-2026","TATACHEM","TATA CHEMICALS LTD","150"
"28-AUG-2026","TATACOMM","TATA COMMUNICATIONS LTD","200"
"28-AUG-2026","TCS","TATA CONSULTANCY SERV LT","450"
"28-AUG-2026","TEJASNET","TEJAS NETWORKS LIMITED","60"
"28-AUG-2026","TEXRAIL","TEXMACO RAIL & ENG. LTD. ","1"
"28-AUG-2026","TVSMOTOR","TVS MOTOR COMPANY  LTD","95"
"28-AUG-2026","UNIONBANK","UNION BANK OF INDIA","1"
"28-AUG-2026","UNIPARTS","UNIPARTS INDIA LIMITED","25"
"28-AUG-2026","VINCOFE","VINTAGE COFFEE N BVRGS L","1"
"28-AUG-2026","VOLTAMP","VOLTAMP TRANSFORMERS LTD","5"
"28-AUG-2026","WAKEFIT","WAKEFIT INNOVATIONS LTD","1"
"28-AUG-2026","WELCORP","WELSPUN CORP LIMITED","1"
"28-AUG-2026","YATHARTH","YATHARTH HOSP & TRA C S L","1"
"28-AUG-2026","ZYDUSLIFE","ZYDUS LIFESCIENCES","400"
"31-AUG-2026","ABB","ABB LTD.","1,750"
"31-AUG-2026","ABCAPITAL","ADITYA BIRLA CAPITAL LIMITED","3"
"31-AUG-2026","ACMESOLAR","ACME SOLAR HOLDINGS LTD","50"
"31-AUG-2026","ADANIENSOL","ADANI ENERGY SOLUTION LTD","1"
"31-AUG-2026","ADANIENT","ADANI ENTERPRISES LIMITED","5"
"31-AUG-2026","ADANIGREEN","ADANI GREEN ENERGY LTD","4"
"31-AUG-2026","ARVIND","ARVIND LIMITED","2,740"
"31-AUG-2026","ASHOKA","ASHOKA BUILDCON LTD      ","145"
"31-AUG-2026","ASIANPAINT","ASIAN PAINTS LIMITED","4"
"31-AUG-2026","ASTRAL","ASTRAL POLY TECHNIK LIMITED","2"
"31-AUG-2026","ATGL","ADANI TOTAL GAS LIMITED","2"
"31-AUG-2026","ATHERENERG","ATHER ENERGY LIMITED","542"
"31-AUG-2026","AURIONPRO","AURIONPRO SOLN LTD","5"
"31-AUG-2026","AXISBANK","AXIS BANK LIMITED","25"
"31-AUG-2026","BAJAJ-AUTO","BAJAJ AUTO LIMITED","2"
"31-AUG-2026","BAJAJHLDNG","BAJAJ HOLDINGS & INVS LTD","675"
"31-AUG-2026","BALKRISIND","BALKRISHNA IND. LTD      ","2"
"31-AUG-2026","BALRAMCHIN","BALRAMPUR CHINI MILLS LTD","250"
"31-AUG-2026","BEL","BHARAT ELECTRONICS LTD","35"
"31-AUG-2026","BHARTIARTL","BHARTI AIRTEL LIMITED","193"
"31-AUG-2026","BHEL","BHEL","11,222"
"31-AUG-2026","BPCL","BHARAT PETROLEUM CORP  LT","3,950"
"31-AUG-2026","CANBK","CANARA BANK","1"
"31-AUG-2026","CANHLIFE","CANARA HSBC LIFE INS CO L","3,999"
"31-AUG-2026","CDSL","CENTRAL DEPOSITORY SERVICES (INDIA) LIMITED","200"
"31-AUG-2026","CGPOWER","CG POWER AND INDUSTRIAL SOLUTIONS LIMITED","1"
"31-AUG-2026","COALINDIA","COALINDIA","20"
"31-AUG-2026","COCHINSHIP","COCHIN SHIPYARD LIMITED","184"
"31-AUG-2026","COLPAL","COLGATE PALMOLIVE LTD.","5"
"31-AUG-2026","CONCORDBIO","CONCORD BIOTECH LIMITED","1"
"31-AUG-2026","CSBBANK","CSBBANK","1"
"31-AUG-2026","CYIENT","CYIENT LIMITED           ","16"
"31-AUG-2026","DALBHARAT","DALMIA BHARAT LIMITED","7"
"31-AUG-2026","DIVISLAB","DIVI'S LABORATORIES LTD","60"
"31-AUG-2026","DIXON","DIXON TECHNO (INDIA) LTD","651"
"31-AUG-2026","ELECTCAST","ELECTROSTEEL CASTINGS LTD","1"
"31-AUG-2026","EMBDL","EQUINOX INDIA DEV LTD","1"
"31-AUG-2026","ENGINERSIN","ENGINEERS INDIA LTD","50"
"31-AUG-2026","ETERNAL","ETERNAL LIMITED","5,51,527"
"31-AUG-2026","FEDERALBNK","FEDERAL BANK LTD","2"
"31-AUG-2026","FINEORG","FINE ORGANIC IND. LTD","2"
"31-AUG-2026","GRASIM","GRASIM INDUSTRIES LTD","2"
"31-AUG-2026","GROWW","BILLIONBRAINS GARAGE VN L","26,422"
"31-AUG-2026","GVPIL","GE POWER INDIA LIMITED","3,450"
"31-AUG-2026","HDFCLIFE","HDFC STANDARD LIFE INSURANCE COMPANY LIMITED","10"
"31-AUG-2026","HEROMOTOCO","HERO MOTOCORP LTD","19"
"31-AUG-2026","ICICIBANK","ICICI BANK LTD.","17"
"31-AUG-2026","ICICIPRULI","ICICI PRU LIFE INS CO LTD ","936"
"31-AUG-2026","ICIL","INDO COUNT INDUSTRIES LTD","20"
"31-AUG-2026","IDFCFIRSTB","IDFC FIRST BANK LIMI","1"
"31-AUG-2026","INDHOTEL","THE INDIAN HOTELS CO. LTD","18"
"31-AUG-2026","INDIANB","INDIAN BANK","21"
"31-AUG-2026","INDIGO","INTERGLOBE AVIATION LTD  ","3"
"31-AUG-2026","INDUSTOWER","INDUS","2"
"31-AUG-2026","IREDA","INDIAN RENEWABLE ENERGY","40,725"
"31-AUG-2026","IRFC","IRFC","25"
"31-AUG-2026","JIOFIN","JIO FIN SERVICES LTD","2,542"
"31-AUG-2026","JMFINANCIL","JM FINANCIAL LIMITED    ","1"
"31-AUG-2026","JPPOWER","JAIPRAKASH POWER VEN. LTD","1,000"
"31-AUG-2026","JSWCEMENT","JSW CEMENT LIMITED","1,000"
"31-AUG-2026","JSWINFRA","JSW INFRASTRUCTURE LTD","500"
"31-AUG-2026","JUBLFOOD","JUBILANT FOODWORKS LTD","25"
"31-AUG-2026","JUSTDIAL","JUST DIAL LIMITED","207"
"31-AUG-2026","KALYANKJIL","KALYAN JEWELLERS IND LTD","5"
"31-AUG-2026","KAYNES","KAYNES TECHNOLOGY IND LTD","750"
"31-AUG-2026","KEI","KEI INDUSTRIES LTD.      ","2,101"
"31-AUG-2026","KIRIINDUS","KIRIINDUS","1"
"31-AUG-2026","KOTAKBANK","KOTAK MAHINDRA BANK LTD","1,000"
"31-AUG-2026","KPIL","Kalpataru Project In","1,000"
"31-AUG-2026","LAURUSLABS","LAURUS LABS LIMITED","56,967"
"31-AUG-2026","LT","LARSEN & TOUBRO LTD.","153"
"31-AUG-2026","MARUTI","MARUTI SUZUKI INDIA LTD.","5"
"31-AUG-2026","MAZDOCK","MAZAGON DOCK SHIPBUIL LTD","5"
"31-AUG-2026","MCX","MULTI COMMODITY EXCHANGE OF INDIA LIMITED","4"
"31-AUG-2026","MONQ50","MOTILALAMC - MONQ50","100"
"31-AUG-2026","MOREPENLAB","MOREPEN LAB. LTD         ","12"
"31-AUG-2026","MOSCHIP","MOSCHIP TECHNOLOGIES LTD","1"
"31-AUG-2026","NESTLEIND","NESTLE INDIA LIMITED","4,253"
"31-AUG-2026","NHPC","NHPC LTD","27,841"
"31-AUG-2026","NMDC","NMDC LTD.","850"
"31-AUG-2026","NYKAA","FSN E COMMERCE VENTURES","1"
"31-AUG-2026","OFSS","Oracle Financial Services Software Limited","605"
"31-AUG-2026","PAYTM","ONE 97 COMMUNICATIONS LTD","34"
"31-AUG-2026","PETRONET","PETRONET LNG LIMITED","1,739"
"31-AUG-2026","PFC","POWER FIN CORP LTD.","10"
"31-AUG-2026","PIDILITIND","PIDILITE INDUSTRIES LIMITED","1,000"
"31-AUG-2026","PNB","PUNJAB NATIONAL BANK","600"
"31-AUG-2026","POLICYBZR","PB FINTECH LIMITED","12"
"31-AUG-2026","PRECWIRE","PRECISION WIRES INDIA LTD","1,049"
"31-AUG-2026","PREMIERENE","PREMIER ENERGIES LIMITED","4"
"31-AUG-2026","RBA","RESTAURANT BRAND ASIA LTD","500"
"31-AUG-2026","REDINGTON","REDINGTON (INDIA) LTD.","2"
"31-AUG-2026","RELAXO","RELAXO FOOT LTD","2"
"31-AUG-2026","RELIANCE","RELIANCE INDUSTRIES LTD","203"
"31-AUG-2026","RPEL","RAGHAV PRODUCTIVITY ENH L","2"
"31-AUG-2026","SAGILITY","SAGILITY INDIA LIMITED","781"
"31-AUG-2026","SAIL","STEEL AUTHORITY OF INDIA","2,000"
"31-AUG-2026","SHADOWFAX","SHADOWFAX TECHNOLOGIES L","266"
"31-AUG-2026","SHRIRAMFIN","SHRIRAM FINANCE LIMITED","215"
"31-AUG-2026","SONATSOFTW","SONATA SOFTWARE LIMITED","1"
"31-AUG-2026","SPARC","SUN PHARMA ADV.RES.CO.LTD","2"
"31-AUG-2026","SUDEEPPHRM","SUDEEP PHARMA LIMITED","689"
"31-AUG-2026","SUNPHARMA","SUN PHARMACEUTICALS IND.","2,450"
"31-AUG-2026","SUZLON","SUZLON ENERGY LIMITED","4,330"
"31-AUG-2026","SWIGGY","SWIGGY LIMITED","7"
"31-AUG-2026","TATACHEM","TATA CHEMICALS LTD","32"
"31-AUG-2026","TATASTEEL","TATA STEEL LIMITED","1,000"
"31-AUG-2026","TCS","TATA CONSULTANCY SERV LT","25"
"31-AUG-2026","THANGAMAYL","THANGAMAYIL JEWELLERY LTD","1"
"31-AUG-2026","TITAN","TITAN INDUSTRIES LTD","2"
"31-AUG-2026","TORNTPHARM","TORRENT PHARMACEUTICALS L","3"
"31-AUG-2026","VBL","VARUN BEVERAGES LIMITED    ","1"
"31-AUG-2026","VEDL","VEDANTA LIMITED","10"
"31-AUG-2026","VINCOFE","VINTAGE COFFEE N BVRGS L","1"
"31-AUG-2026","WIPRO","WIPRO LTD","2,25,000"
"31-AUG-2026","ZEEL","ZEE ENTERTAINMENT ENT LTD","7"
"01-SEP-2026","ADANIENT","ADANI ENTERPRISES LIMITED","12"
"01-SEP-2026","ADANIPOWER","ADANI POWER LTD","193"
"01-SEP-2026","ATHERENERG","ATHER ENERGY LIMITED","275"
"01-SEP-2026","AVANTIFEED","AVANTI FEEDS LIMITED","1,800"
"01-SEP-2026","AWFIS","AWFIS SPACE SOLUTIONS LTD","1"
"01-SEP-2026","AXISBANK","AXIS BANK LIMITED","5"
"01-SEP-2026","BAJAJHLDNG","BAJAJ HOLDINGS & INVS LTD","75"
"01-SEP-2026","BALKRISIND","BALKRISHNA IND. LTD      ","2"
"01-SEP-2026","BHEL","BHEL","849"
"01-SEP-2026","BSE","BSE LIMITED","5"
"01-SEP-2026","CGPOWER","CG POWER AND INDUSTRIAL SOLUTIONS LIMITED","42"
"01-SEP-2026","COALINDIA","COALINDIA","25"
"01-SEP-2026","CRISIL","CRISIL LIMITED","2"
"01-SEP-2026","CUB","CITY UNION BANK LTD      ","1"
"01-SEP-2026","CYIENTDLM","CYIENT DLM LIMITED","2"
"01-SEP-2026","EIHOTEL","EIH LIMITED","4"
"01-SEP-2026","ELECTCAST","ELECTROSTEEL CASTINGS LTD","2,001"
"01-SEP-2026","ENGINERSIN","ENGINEERS INDIA LTD","63"
"01-SEP-2026","FCL","FINEOTEX CHEMICAL LIMITED","1"
"01-SEP-2026","FDC","FDC LIMITED","5"
"01-SEP-2026","FLUOROCHEM","FLUOROCHEM","100"
"01-SEP-2026","GESHIP","THE GE SHPG.LTD","100"
"01-SEP-2026","GLENMARK","GLENMARK PHARMACEUTICALS LIMITED","8"
"01-SEP-2026","GMRAIRPORT","GMR AIRPORTS LIMITED","1"
"01-SEP-2026","GODREJCP","GODREJ CONSUMER PRODUCTS LIMITED","5"
"01-SEP-2026","GROWW","BILLIONBRAINS GARAGE VN L","10"
"01-SEP-2026","HCLTECH","HCL TECHNOLOGIES LTD","21"
"01-SEP-2026","HEROMOTOCO","HERO MOTOCORP LTD","1"
"01-SEP-2026","ICICIBANK","ICICI BANK LTD.","4"
"01-SEP-2026","IDEA","Vodafone Idea Limited","11,549"
"01-SEP-2026","INDIANB","INDIAN BANK","7,000"
"01-SEP-2026","INFY","INFOSYS TECHNOLOGIES LTD","72"
"01-SEP-2026","IREDA","INDIAN RENEWABLE ENERGY","9,050"
"01-SEP-2026","ITC","ITC LTD","458"
"01-SEP-2026","JIOFIN","JIO FIN SERVICES LTD","4,344"
"01-SEP-2026","JSWSTEEL","JSW STEEL LIMITED","10"
"01-SEP-2026","KALYANKJIL","KALYAN JEWELLERS IND LTD","5"
"01-SEP-2026","KOTAKBANK","KOTAK MAHINDRA BANK LTD","35"
"01-SEP-2026","KPIL","Kalpataru Project In","200"
"01-SEP-2026","KPITTECH","KPIT TECHNOLOGIES LTD","101"
"01-SEP-2026","LATENTVIEW","LATENT VIEW ANALYTICS LTD","1"
"01-SEP-2026","LENSKART","LENSKART SOLUTIONS LTD","1"
"01-SEP-2026","LIQUIDBEES","NIP IND ETF LIQUID BEES","17"
"01-SEP-2026","LTF","L&T FINANCE LIMITED","99,000"
"01-SEP-2026","MARUTI","MARUTI SUZUKI INDIA LTD.","5,672"
"01-SEP-2026","MIDHANI","MIDHANI","1,000"
"01-SEP-2026","MOIL","MOIL LIMITED     ","2"
"01-SEP-2026","MOREPENLAB","MOREPEN LAB. LTD         ","31"
"01-SEP-2026","MOTHERSON","SAMVRDHNA MTHRSN INT","1"
"01-SEP-2026","NESTLEIND","NESTLE INDIA LIMITED","1"
"01-SEP-2026","NHPC","NHPC LTD","41,700"
"01-SEP-2026","ONGC","OIL AND NATURAL GAS CORP.","50"
"01-SEP-2026","PARADEEP","PARADEEP PHOSPHATES LTD","1"
"01-SEP-2026","PARAGMILK","PARAG MILK FOODS LTD.   ","1"
"01-SEP-2026","PERSISTENT","PERSISTENT SYSTEMS LTD","11"
"01-SEP-2026","PIDILITIND","PIDILITE INDUSTRIES LIMITED","5,034"
"01-SEP-2026","PIIND","PI INDUSTRIES LTD        ","1"
"01-SEP-2026","PNCINFRA","PNC INFRATECH LTD.","1"
"01-SEP-2026","POLICYBZR","PB FINTECH LIMITED","6"
"01-SEP-2026","PPLPHARMA","PIRAMAL PHARMA LIMITED","223"
"01-SEP-2026","PTC","PTC INDIA LIMITED","2"
"01-SEP-2026","RCF","RASHTRIYA CHEMICALS AND FERTILIZERS LIMITED","1"
"01-SEP-2026","RELIANCE","RELIANCE INDUSTRIES LTD","500"
"01-SEP-2026","RELIGARE","RELIGARE ENTERPRISES LIMITED","2"
"01-SEP-2026","SAIL","STEEL AUTHORITY OF INDIA","41"
"01-SEP-2026","SAPPHIRE","SAPPHIRE FOODS INDIA LTD","1"
"01-SEP-2026","SBFC","SBFC FINANCE LIMITED","1"
"01-SEP-2026","SBIN","STATE BANK OF INDIA","1,000"
"01-SEP-2026","SHADOWFAX","SHADOWFAX TECHNOLOGIES L","5"
"01-SEP-2026","SMLMAH","SML Mahindra Limited","215"
"01-SEP-2026","SOTL","SAVITA OIL TECHNOLO. LTD","27"
"01-SEP-2026","SSWL","STEEL STRIPS WHEELS LTD.","1,002"
"01-SEP-2026","SUNTECK","SUNTECK REALTY LIMITED","3"
"01-SEP-2026","TATACHEM","TATA CHEMICALS LTD","7"
"01-SEP-2026","TATAINVEST","TATA INVESTMENT CORPORATION LIMITED","7"
"01-SEP-2026","TATAPOWER","TATA POWER CO LTD","2"
"01-SEP-2026","TATASTEEL","TATA STEEL LIMITED","692"
"01-SEP-2026","TBOTEK","TBO TEK LIMITED","1"
"01-SEP-2026","TCS","TATA CONSULTANCY SERV LT","4,500"
"01-SEP-2026","TMPV","TATA MOTORS PASS VEH LTD","245"
"01-SEP-2026","TVSMOTOR","TVS MOTOR COMPANY  LTD","50"
"01-SEP-2026","UNIPARTS","UNIPARTS INDIA LIMITED","85"
"01-SEP-2026","VGUARD","V-GUARD IND LTD.    ","1"
"01-SEP-2026","VIYASH","VIYASH SCIENTIFIC LIMITED","4"
"01-SEP-2026","VTL","VARDHMAN TEXTILES LIMITED    ","31"
"01-SEP-2026","WELCORP","WELSPUN CORP LIMITED","266"
"01-SEP-2026","WIPRO","WIPRO LTD","2,839"
"01-SEP-2026","ZEEL","ZEE ENTERTAINMENT ENT LTD","1"
"02-SEP-2026","ABB","ABB LTD.","500"
"02-SEP-2026","ADANIENSOL","ADANI ENERGY SOLUTION LTD","1"
"02-SEP-2026","ADANIPOWER","ADANI POWER LTD","1"
"02-SEP-2026","AEGISVOPAK","AEGIS VOPAK TERMINALS LTD","2"
"02-SEP-2026","ALOKINDS","ALOKINDS","1,000"
"02-SEP-2026","ATHERENERG","ATHER ENERGY LIMITED","397"
"02-SEP-2026","AXISBANK","AXIS BANK LIMITED","1"
"02-SEP-2026","BAJAJHIND","BAJAJ HINDUSTAN LTD","300"
"02-SEP-2026","BAJFINANCE","BAJAJ FINANCE LIMITED","2,000"
"02-SEP-2026","BANKBARODA","BANK OF BARODA","200"
"02-SEP-2026","BHEL","BHEL","7,250"
"02-SEP-2026","BSE","BSE LIMITED","1,600"
"02-SEP-2026","CANBK","CANARA BANK","1"
"02-SEP-2026","CHOLAHLDNG","CHOLAMANDALAM FIN HOL LTD","50"
"02-SEP-2026","COALINDIA","COALINDIA","685"
"02-SEP-2026","CONCOR","CONTAINER CORP OF IND LTD","1,149"
"02-SEP-2026","EMMVEE","EMMVEE PHOTOVOLTAIC PWR L","100"
"02-SEP-2026","EPL","EPL","1"
"02-SEP-2026","ETERNAL","ETERNAL LIMITED","36"
"02-SEP-2026","FORCEMOT","FORCE MOTORS LIMITED","125"
"02-SEP-2026","GOLDIAM","GOLDIAM INTERNATIONAL LTD","11"
"02-SEP-2026","HAVELLS","HAVELLS INDIA LIMITED","3,000"
"02-SEP-2026","HCC","HINDUSTAN CONSTRUCTION CO","4"
"02-SEP-2026","HERITGFOOD","HERITAGE FOODS LTD    ","1"
"02-SEP-2026","HEROMOTOCO","HERO MOTOCORP LTD","1,500"
"02-SEP-2026","HFCL","HIMACHAL FUTURISTIC COMMUNICATIONS LIMITED","5"
"02-SEP-2026","HINDCOPPER","HINDUSTAN COPPER LIMITED","4"
"02-SEP-2026","HNGSNGBEES","HNGSNGBEES","10"
"02-SEP-2026","HSCL","HIMADRI SPECIALITY CHEMICAL LIMITED","200"
"02-SEP-2026","IDEA","Vodafone Idea Limited","1"
"02-SEP-2026","IFCI","IFCI LTD","20"
"02-SEP-2026","INFY","INFOSYS TECHNOLOGIES LTD","61"
"02-SEP-2026","INNOVACAP","INNOVA CAPTAB LIMITED","50"
"02-SEP-2026","INOXGREEN","INOX GREEN ENERGY SER LTD","1"
"02-SEP-2026","IOC","INDIAN OIL CORP LTD","100"
"02-SEP-2026","IRCTC","INDIAN RAIL TOUR CORP LTD","12"
"02-SEP-2026","IREDA","INDIAN RENEWABLE ENERGY","85,974"
"02-SEP-2026","ITC","ITC LTD","75"
"02-SEP-2026","JSWENERGY","JSW ENERGY LIMITED","90"
"02-SEP-2026","JUSTDIAL","JUST DIAL LIMITED","1"
"02-SEP-2026","JYOTHYLAB","JYOTHY LABORATORIES LIMITED","5,601"
"02-SEP-2026","KALYANKJIL","KALYAN JEWELLERS IND LTD","1"
"02-SEP-2026","KAYNES","KAYNES TECHNOLOGY IND LTD","1,300"
"02-SEP-2026","KEI","KEI INDUSTRIES LTD.      ","10"
"02-SEP-2026","LIQUIDBEES","NIP IND ETF LIQUID BEES","377"
"02-SEP-2026","MAHABANK","MAHABANK","9,673"
"02-SEP-2026","MARUTI","MARUTI SUZUKI INDIA LTD.","11"
"02-SEP-2026","MOTHERSON","SAMVRDHNA MTHRSN INT","216"
"02-SEP-2026","MOTILALOFS","MOTILAL OSWAL FIN LTD   ","6"
"02-SEP-2026","NEPHROPLUS","NEPHROCARE HEALTH SERV L","20"
"02-SEP-2026","NESTLEIND","NESTLE INDIA LIMITED","50"
"02-SEP-2026","NETWEB","NETWEB TECH INDIA LTD","10"
"02-SEP-2026","PARAGMILK","PARAG MILK FOODS LTD.   ","1"
"02-SEP-2026","PARAS","PARAS DEF AND SPCE TECH L","21"
"02-SEP-2026","PAYTM","ONE 97 COMMUNICATIONS LTD","500"
"02-SEP-2026","PCJEWELLER","PC JEWELLER LTD          ","1"
"02-SEP-2026","PIIND","PI INDUSTRIES LTD        ","165"
"02-SEP-2026","POLICYBZR","PB FINTECH LIMITED","5"
"02-SEP-2026","POLYCAB","POLYCAB INDIA LIMITED","1"
"02-SEP-2026","PREMIERENE","PREMIER ENERGIES LIMITED","100"
"02-SEP-2026","RAIN","RAIN INDUSTRIES LIMITED","75"
"02-SEP-2026","RECLTD","RURAL ELEC CORP. LTD.","1"
"02-SEP-2026","RPOWER","RELIANCE POWER LTD.","64"
"02-SEP-2026","SAGILITY","SAGILITY INDIA LIMITED","2"
"02-SEP-2026","SAIL","STEEL AUTHORITY OF INDIA","49"
"02-SEP-2026","SIEMENS","SIEMENS LTD","2,450"
"02-SEP-2026","SOLARINDS","SOLAR INDUSTRIES (I) LTD","1"
"02-SEP-2026","SOUTHBANK","THE SOUTH INDIAN BANK LTD","5"
"02-SEP-2026","SWIGGY","SWIGGY LIMITED","3,651"
"02-SEP-2026","TATAPOWER","TATA POWER CO LTD","550"
"02-SEP-2026","TATASTEEL","TATA STEEL LIMITED","762"
"02-SEP-2026","TECHM","TECH MAHINDRA LIMITED","57"
"02-SEP-2026","TRIVENI","TRIVENI ENGG. & INDS. LTD","1"
"02-SEP-2026","UNIONBANK","UNION BANK OF INDIA","51"
"02-SEP-2026","UPL","UPL LIMITED","1"
"02-SEP-2026","VIYASH","VIYASH SCIENTIFIC LIMITED","16"
"02-SEP-2026","WIPRO","WIPRO LTD","5"
"03-SEP-2026","63MOONS","63 MOONS TECHNOLOGIES LTD","6"
"03-SEP-2026","AADHARHFC","AADHAR HOUSING FINANCE L","21"
"03-SEP-2026","AARTIDRUGS","AARTI DRUGS LTD","35"
"03-SEP-2026","AAVAS","AAVAS FINANCIERS LIMITED","8"
"03-SEP-2026","ABB","ABB LTD.","27"
"03-SEP-2026","ABLBL","ADITYA BIRLA LIFES BRAN L","121"
"03-SEP-2026","ABREL","ADITYA BIRLA REAL EST LTD","478"
"03-SEP-2026","ADANIPORTS","ADANI PORT & SEZ LTD","1"
"03-SEP-2026","ADANIPOWER","ADANI POWER LTD","1"
"03-SEP-2026","ADVENZYMES","ADVANCED ENZYME TECH LTD   ","47"
"03-SEP-2026","AGARWALEYE","DR AGARWALS HEALTH CARE L","31"
"03-SEP-2026","AIIL","AUTHUM INVEST & INFRA LTD","20"
"03-SEP-2026","AJANTPHARM","AJANTA PHARMA LIMITED","1"
"03-SEP-2026","ALIVUS","ALIVUS LIFE SCIENCES LTD","14"
"03-SEP-2026","ALKYLAMINE","ALKYL AMINES CHEM. LTD","16"
"03-SEP-2026","ALPHA","KOTAKMAMC - KOTAKALPHA","259"
"03-SEP-2026","ANANDRATHI","ANAND RATHI WEALTH LTD","23"
"03-SEP-2026","ANANTRAJ","ANANT RAJ LIMITED","200"
"03-SEP-2026","ANUP","THE ANUP ENGINEERING LTD","18"
"03-SEP-2026","APLLTD","ALEMBIC PHARMA LTD","12"
"03-SEP-2026","APOLLO","APOLLO MICRO SYSTEMS LTD","70"
"03-SEP-2026","APOLLOTYRE","APOLLO TYRES LTD","46"
"03-SEP-2026","APTUS","APTUS VALUE HSG FIN I LTD","39"
"03-SEP-2026","ARMANFIN","ARMAN FIN SERV LTD","16"
"03-SEP-2026","ARVINDFASN","ARVIND FASHIONS LIMITED","9"
"03-SEP-2026","ASAHIINDIA","ASAHI INDIA GLASS LIMITED","22"
"03-SEP-2026","ASHAPURMIN","ASHAPURA MINECHEM LTD","18"
"03-SEP-2026","AUTOBEES","NIPPONAMC - NETFAUTO","28"
"03-SEP-2026","AXISBANK","AXIS BANK LIMITED","6"
"03-SEP-2026","BAJAJCON","BAJAJ CONSUMER CARE LTD","11"
"03-SEP-2026","BAJAJELEC","BAJAJ ELECT.LTD","184"
"03-SEP-2026","BAJAJHFL","BAJAJ HOUSING FINANCE LTD","240"
"03-SEP-2026","BAJFINANCE","BAJAJ FINANCE LIMITED","1"
"03-SEP-2026","BANKBARODA","BANK OF BARODA","7"
"03-SEP-2026","BANKIETF","ICICIPRAMC - IPRU5008","24"
"03-SEP-2026","BANKINDIA","BANK OF INDIA","3,374"
"03-SEP-2026","BAYERCROP","BAYER CROPSCIENCE LTD    ","3"
"03-SEP-2026","BBETF0432","EDELAMC - BBETF0432","14"
"03-SEP-2026","BBL","BHARAT BIJLEE LTD","32"
"03-SEP-2026","BBTC","BOMBAY BURMAH TRADING COR","64"
"03-SEP-2026","BDL","BHARAT DYNAMICS LIMITED","978"
"03-SEP-2026","BECTORFOOD","MRS BECTORS FOOD SPE LTD","88"
"03-SEP-2026","BEL","BHARAT ELECTRONICS LTD","1"
"03-SEP-2026","BHARATCOAL","BHARAT COKING COAL LTD","576"
"03-SEP-2026","BIKAJI","BIKAJI FOODS INTERN LTD","17"
"03-SEP-2026","BRIGADE","BRIGADE ENTER. LTD","10"
"03-SEP-2026","BUILDPRO","SHANKARA BUILDPRO LIMITED","23"
"03-SEP-2026","CAMPUS","CAMPUS ACTIVEWEAR LIMITED","151"
"03-SEP-2026","CANHLIFE","CANARA HSBC LIFE INS CO L","130"
"03-SEP-2026","CARERATING","CARE LIMITED","1"
"03-SEP-2026","CARYSIL","CARYSIL LIMITED","32"
"03-SEP-2026","CCAVENUE","AVENUESAI LIMITED","81"
"03-SEP-2026","CCL","CCL PRODUCTS (I) LTD     ","9"
"03-SEP-2026","CEMPRO","CEMINDIA PROJECTS LIMITED","10"
"03-SEP-2026","CENTRALBK","CENTRAL BANK OF INDIA","329"
"03-SEP-2026","CLEANMAX","CLEAN MAX ENVIRO EN SOL L","7"
"03-SEP-2026","CONCORDBIO","CONCORD BIOTECH LIMITED","28"
"03-SEP-2026","COSMOFIRST","COSMO FIRST LIMITED","2"
"03-SEP-2026","CREDITACC","CREDITACCESS GRAMEEN LTD","8"
"03-SEP-2026","CRISIL","CRISIL LIMITED","1"
"03-SEP-2026","DCAL","DISHMAN CARBO AMCIS LTD","52"
"03-SEP-2026","DEEPINDS","DEEP INDUSTRIES LIMITED","60"
"03-SEP-2026","DLF","DLF LIMITED","2"
"03-SEP-2026","DRREDDY","DR. REDDY'S LABORATORIES","20"
"03-SEP-2026","EDELWEISS","EDELWEISS FIN SERV LTD","1"
"03-SEP-2026","EFCIL","EFC (I) LIMITED","50"
"03-SEP-2026","ELECTCAST","ELECTROSTEEL CASTINGS LTD","234"
"03-SEP-2026","ELGIEQUIP","ELGI EQUIPMENTS LTD","10"
"03-SEP-2026","EMIL","ELECTRONICS MART IND LTD","514"
"03-SEP-2026","EPACK","EPACK DURABLE LIMITED","143"
"03-SEP-2026","ETERNAL","ETERNAL LIMITED","1"
"03-SEP-2026","ETHOSLTD","ETHOS LIMITED","7"
"03-SEP-2026","EXIDEIND","EXIDE INDUSTRIES LTD","205"
"03-SEP-2026","FACT","FACT LTD","2"
"03-SEP-2026","FIEMIND","FIEM INDUSTRIES LIMITED","2"
"03-SEP-2026","FINPIPE","FINOLEX INDUSTRIES LTD","63"
"03-SEP-2026","FIRSTCRY","BRAINBEES SOLUTIONS LTD","10"
"03-SEP-2026","FLUOROCHEM","FLUOROCHEM","20"
"03-SEP-2026","FORCEMOT","FORCE MOTORS LIMITED","200"
"03-SEP-2026","GABRIEL","GABRIEL INDIA LTD","8"
"03-SEP-2026","GAIL","GAIL (INDIA) LTD","100"
"03-SEP-2026","GALLANTT","GALLANTT ISPAT LIMITED","2"
"03-SEP-2026","GANECOS","GANESHA ECOSPHERE LIMITED","3"
"03-SEP-2026","GESHIP","THE GE SHPG.LTD","20"
"03-SEP-2026","GLAND","GLAND PHARMA LIMITED","65"
"03-SEP-2026","GLAXO","GLAXOSMITHKLINE PHARMA LT","5"
"03-SEP-2026","GMMPFAUDLR","GMM PFAUDLR LIMITED","25"
"03-SEP-2026","GMRAIRPORT","GMR AIRPORTS LIMITED","15,494"
"03-SEP-2026","GNFC","GUJARAT NARMADA FERT. CO","2"
"03-SEP-2026","GODIGIT","GO DIGIT GENERAL INS LTD","9"
"03-SEP-2026","GODREJCP","GODREJ CONSUMER PRODUCTS LIMITED","50"
"03-SEP-2026","GOLDIAM","GOLDIAM INTERNATIONAL LTD","12"
"03-SEP-2026","GRANULES","GRANULES INDIA LIMITED   ","64"
"03-SEP-2026","GRAVITA","GRAVITA INDIA LIMITED","1"
"03-SEP-2026","GRINDWELL","GRINDWELL","16"
"03-SEP-2026","GROWWCHEM","GROWWAMC - GROWWCHEM","491"
"03-SEP-2026","GROWWPOWER","GROWWAMC - GROWWPOWER","6,877"
"03-SEP-2026","GRWRHITECH","GARWARE HI-TECH FILMS LTD","4"
"03-SEP-2026","GUJALKALI","GUJARAT ALKALIES & CHEM","20"
"03-SEP-2026","GVPIL","GE POWER INDIA LIMITED","528"
"03-SEP-2026","HAPPYFORGE","HAPPY FORGINGS LIMITED","32"
"03-SEP-2026","HAVELLS","HAVELLS INDIA LIMITED","2,940"
"03-SEP-2026","HCG","HEALTHCARE GLOB. ENT. LTD","16"
"03-SEP-2026","HDFCBANK","HDFC BANK LTD","200"
"03-SEP-2026","HDFCNIFTY","HDFCAMC - HDFCNIFTY","176"
"03-SEP-2026","HDFCSML250","HDFCAMC - HDFCSML250","130"
"03-SEP-2026","HEALTHIETF","ICICIPRAMC - ICICIPHARM","115"
"03-SEP-2026","HFCL","HIMACHAL FUTURISTIC COMMUNICATIONS LIMITED","9,444"
"03-SEP-2026","HNGSNGBEES","HNGSNGBEES","108"
"03-SEP-2026","HOMEFIRST","HOMEFIRST","8"
"03-SEP-2026","HONAUT","HONEYWELL AUTOMATION IND","2"
"03-SEP-2026","HUBTOWN","HUBTOWN LIMITED","32"
"03-SEP-2026","ICICIBANK","ICICI BANK LTD.","3,026"
"03-SEP-2026","IDFCFIRSTB","IDFC FIRST BANK LIMI","150"
"03-SEP-2026","IFCI","IFCI LTD","7"
"03-SEP-2026","IGIL","INTERNATIO GEMM INS (I) L","14"
"03-SEP-2026","IMFA","INDIAN METALS & FERRO","8"
"03-SEP-2026","INDGN","INDEGENE LIMITED","17"
"03-SEP-2026","INDIAMART","INDIAMART INTERMESH LTD","12"
"03-SEP-2026","INDIANB","INDIAN BANK","15"
"03-SEP-2026","INDIGO","INTERGLOBE AVIATION LTD  ","1"
"03-SEP-2026","INDRAMEDCO","INDRAPRASTHA MEDICAL CORP","55"
"03-SEP-2026","INNOVACAP","INNOVA CAPTAB LIMITED","3"
"03-SEP-2026","INOXGREEN","INOX GREEN ENERGY SER LTD","1"
"03-SEP-2026","INOXINDIA","INOX INDIA LIMITED","2"
"03-SEP-2026","INOXWIND","INOX WIND LIMITED        ","300"
"03-SEP-2026","IONEXCHANG","ION EXCHANGE (INDIA) LTD","29"
"03-SEP-2026","IPCALAB","IPCA LABORATORIES LIMITED","65"
"03-SEP-2026","ITC","ITC LTD","52"
"03-SEP-2026","JINDALSTEL","JINDAL STEEL & POWER LTD","3"
"03-SEP-2026","JINDWORLD","JINDAL WORLDWIDE LTD","1,020"
"03-SEP-2026","JIOFIN","JIO FIN SERVICES LTD","1"
"03-SEP-2026","JKCEMENT","JK CEMENT LIMITED","16"
"03-SEP-2026","JMFINANCIL","JM FINANCIAL LIMITED    ","1"
"03-SEP-2026","JSL","JSL Limited","28"
"03-SEP-2026","JUBLINGREA","JUBLINGREA","4"
"03-SEP-2026","JYOTHYLAB","JYOTHY LABORATORIES LIMITED","13"
"03-SEP-2026","JYOTICNC","JYOTI CNC AUTOMATION LTD","34"
"03-SEP-2026","KAYNES","KAYNES TECHNOLOGY IND LTD","300"
"03-SEP-2026","KEI","KEI INDUSTRIES LTD.      ","1,366"
"03-SEP-2026","KIMS","KRISHNA INST OF MED SCI L","13"
"03-SEP-2026","KIRLPNU","KIRLOSKAR PNEUMATIC COM L","7"
"03-SEP-2026","KISSHT","ONEMI TECHNOLOGY SOL LTD","32"
"03-SEP-2026","KMEW","KNOWLEDGE MARINE & EN W L","31"
"03-SEP-2026","KOTAKBANK","KOTAK MAHINDRA BANK LTD","1"
"03-SEP-2026","KPIL","Kalpataru Project In","400"
"03-SEP-2026","KRISHANA","KRISHANA PHOSCHEM LIMITED","53"
"03-SEP-2026","KSB","KSB","1"
"03-SEP-2026","KSCL","KAVERI SEED CO. LTD.","7"
"03-SEP-2026","KSHINTL","KSH INTERNATIONAL LIMITED","22"
"03-SEP-2026","KTKBANK","KARNATAKA BANK LIMITED","6"
"03-SEP-2026","KWIL","KWALITY WALL'S (INDIA) L","2,305"
"03-SEP-2026","LGEINDIA","LG ELECTRONICS INDIA LTD","302"
"03-SEP-2026","LICHSGFIN","LIC HOUSING FINANCE LTD","1"
"03-SEP-2026","LICI","LIFE INSURA CORP OF INDIA","2"
"03-SEP-2026","LINDEINDIA","LINDE INDIA LIMITED","2"
"03-SEP-2026","LLOYDSENGG","LLOYDS ENGG WORK LIMITED","655"
"03-SEP-2026","LMW","LMW LIMITED","2"
"03-SEP-2026","LT","LARSEN & TOUBRO LTD.","1"
"03-SEP-2026","LTFOODS","LT FOODS LIMITED","348"
"03-SEP-2026","LTTS","L&T TECHNOLOGY SER. LTD","3"
"03-SEP-2026","MAHLIFE","MAHINDRA LIFESPACE DEVLTD","124"
"03-SEP-2026","MAHLOG","MAHLOG","41"
"03-SEP-2026","MANORAMA","MANORAMA INDUSTRIES LTD","55"
"03-SEP-2026","MAPMYINDIA","C.E. INFO SYSTEMS LIMITED","6"
"03-SEP-2026","MARKSANS","MARKSANS PHARMA LIMITED  ","1"
"03-SEP-2026","MASTEK","MASTEK LTD               ","4"
"03-SEP-2026","MEDPLUS","MEDPLUS HEALTH SERV LTD","7"
"03-SEP-2026","MEESHO","MEESHO LIMITED","473"
"03-SEP-2026","METALIETF","ICICIPRAMC - METALIETF","1,516"
"03-SEP-2026","METROPOLIS","METROPOLIS HEALTHCARE LIMITED","6"
"03-SEP-2026","MID150BEES","NIP IND ETF MIDCAP 150","336"
"03-SEP-2026","MIDCAPETF","MIRAEAMC - MAM150ETF","846"
"03-SEP-2026","MOBIKWIK","ONE MOBIKWIK SYSTEMS LTD","89"
"03-SEP-2026","MODEFENCE","MOTILALAMC - MODEFENCE","95"
"03-SEP-2026","MOIL","MOIL LIMITED     ","183"
"03-SEP-2026","MOREALTY","MOTILALAMC - MOREALTY","226"
"03-SEP-2026","MRPL","MRPL","1"
"03-SEP-2026","NEOGEN","NEOGEN CHEMICALS LIMITED","26"
"03-SEP-2026","NESCO","NESCO LTD","71"
"03-SEP-2026","NETWEB","NETWEB TECH INDIA LTD","1"
"03-SEP-2026","NETWORK18","NETWORK 18 FINCAP LTD.","734"
"03-SEP-2026","NH","NARAYANA HRUDAYALAYA LTD.","12"
"03-SEP-2026","NIACL","THE NEW INDIA ASSU CO LTD","51"
"03-SEP-2026","NIFTYIETF","ICICI PRUD NI","74"
"03-SEP-2026","NIITMTS","NIIT LEARNING SYSTEMS LTD","65"
"03-SEP-2026","NIVABUPA","NIVA BUPA HEALTH INS CO L","85"
"03-SEP-2026","NLCINDIA","NLC INDIA LIMITED","36"
"03-SEP-2026","NMDC","NMDC LTD.","18"
"03-SEP-2026","NPST","NETWORK PEOPLE SRV TECH L","3"
"03-SEP-2026","NSLNISP","NMDC STEEL LIMITED","73"
"03-SEP-2026","NTPC","NTPC LTD","1"
"03-SEP-2026","NUVAMA","NUVAMA WEALTH MANAGE LTD","3"
"03-SEP-2026","NUVOCO","NUVOCO VISTAS CORP LTD","30"
"03-SEP-2026","NYKAA","FSN E COMMERCE VENTURES","10"
"03-SEP-2026","ORCHPHARMA","ORCHID PHARMA LIMITED","26"
"03-SEP-2026","ORKLAINDIA","ORKLA INDIA LIMITED","16"
"03-SEP-2026","PARAS","PARAS DEF AND SPCE TECH L","11"
"03-SEP-2026","PCBL","PCBL LIMITED","14"
"03-SEP-2026","PFC","POWER FIN CORP LTD.","100"
"03-SEP-2026","PFIZER","PFIZER LIMITED","7"
"03-SEP-2026","PGHH","P&G HYGIENE & HEALTH CARE","2"
"03-SEP-2026","PHARMABEES","NIPPONAMC - NETFPHARMA","1,398"
"03-SEP-2026","PICCADIL","PICCADILY AGRO INDUSTRI L","9"
"03-SEP-2026","POLYPLEX","POLYPLEX CORPORATION LTD","32"
"03-SEP-2026","POONAWALLA","POONAWALLA FINCORP LTD","22"
"03-SEP-2026","POWERGRID","POWER GRID CORP. LTD.","1"
"03-SEP-2026","PREMEXPLN","PREMIER EXPLOSIVES LTD","180"
"03-SEP-2026","PWL","PHYSICSWALLAH LIMITED","1,732"
"03-SEP-2026","RAINBOW","RAINBOW CHILDRENS MED LTD","16"
"03-SEP-2026","RAMRAT","RAM RATNA WIRES LIMITED","13"
"03-SEP-2026","RAYMOND","RAYMOND LIMITED","29"
"03-SEP-2026","RBA","RESTAURANT BRAND ASIA LTD","6"
"03-SEP-2026","RBLBANK","RBL BANK LIMITED    ","13"
"03-SEP-2026","RCF","RASHTRIYA CHEMICALS AND FERTILIZERS LIMITED","176"
"03-SEP-2026","REDINGTON","REDINGTON (INDIA) LTD.","365"
"03-SEP-2026","REDTAPE","REDTAPE LIMITED","70"
"03-SEP-2026","RELIANCE","RELIANCE INDUSTRIES LTD","1"
"03-SEP-2026","ROLEXRINGS","ROLEX RINGS LIMITED","681"
"03-SEP-2026","RPSGVENT","RPSG VENTURES LIMITED","14"
"03-SEP-2026","RRKABEL","R R KABEL LIMITED","55"
"03-SEP-2026","SAFARI","SAFARI IND (INDIA) LTD","7"
"03-SEP-2026","SAGILITY","SAGILITY INDIA LIMITED","600"
"03-SEP-2026","SAILIFE","SAI LIFE SCIENCES LIMITED","62"
"03-SEP-2026","SAMBHV","SAMBHV STEEL TUBES LTD","39"
"03-SEP-2026","SAMHI","SAMHI HOTELS LIMITED","128"
"03-SEP-2026","SAMMAANCAP","SAMMAAN CAPITAL LIMITED","1"
"03-SEP-2026","SANGHVIMOV","SANGHVI MOVERS LTD","11"
"03-SEP-2026","SAREGAMA","SAREGAMA INDIA LIMITED","21"
"03-SEP-2026","SBCL","SHIVALIK BIMETAL CON. LTD","1,020"
"03-SEP-2026","SBIN","STATE BANK OF INDIA","2"
"03-SEP-2026","SGMART","SG MART LIMITED","12"
"03-SEP-2026","SHADOWFAX","SHADOWFAX TECHNOLOGIES L","768"
"03-SEP-2026","SHAILY","SHAILY ENG PLASTICS LTD","8"
"03-SEP-2026","SHRIPISTON","SHRIRAM PIST. & RING LTD","30"
"03-SEP-2026","SHRIRAMFIN","SHRIRAM FINANCE LIMITED","1"
"03-SEP-2026","SIGNATURE","SIGNATUREGLOBAL INDIA LTD","6"
"03-SEP-2026","SJS","SJS ENTERPRISES LIMITED","3"
"03-SEP-2026","SJVN","SJVN","156"
"03-SEP-2026","SKFINDIA","SKF INDIA LTD","22"
"03-SEP-2026","SMALLCAP","MIRAEAMC - SMALLCAP","260"
"03-SEP-2026","SMLMAH","SML Mahindra Limited","44"
"03-SEP-2026","SMSPHARMA","SMS PHARMACEUTICALS LTD.","26"
"03-SEP-2026","SOBHA","SOBHA DEVELOPERS LTD","8"
"03-SEP-2026","SOLARINDS","SOLAR INDUSTRIES (I) LTD","8"
"03-SEP-2026","SOUTHBANK","THE SOUTH INDIAN BANK LTD","438"
"03-SEP-2026","SPANDANA","SPANDANA SPHOORTY FIN LTD","28"
"03-SEP-2026","SSWL","STEEL STRIPS WHEELS LTD.","150"
"03-SEP-2026","STAR","STRIDES ARCOLAB LIMITED","9"
"03-SEP-2026","STARHEALTH","STAR HEALTH & AL INS CO L","27"
"03-SEP-2026","SUMICHEM","SUMITOMO CHEM INDIA LTD","20"
"03-SEP-2026","SUNDARMFIN","SUNDARAM FINANCE LIMITED","2"
"03-SEP-2026","SUNDRMFAST","SUNDRAM FASTENERS LTD    ","49"
"03-SEP-2026","SUNFLAG","SUNFLAG IRON AND STEEL CO","199"
"03-SEP-2026","SUNPHARMA","SUN PHARMACEUTICALS IND.","1"
"03-SEP-2026","SURYAROSNI","SURYA ROSHNI LTD","46"
"03-SEP-2026","SUVEN","SUVEN LIFE SCIENCES LTD  ","54"
"03-SEP-2026","SUZLON","SUZLON ENERGY LIMITED","500"
"03-SEP-2026","SWANCORP","SWAN CORP LIMITED","64"
"03-SEP-2026","SWIGGY","SWIGGY LIMITED","1"
"03-SEP-2026","SYRMA","SYRMA SGS TECHNOLOGY LTD","140"
"03-SEP-2026","TANLA","TANLA PLATFORMS LIMITED","6"
"03-SEP-2026","TATACAP","TATA CAPITAL LIMITED","6"
"03-SEP-2026","TATAINVEST","TATA INVESTMENT CORPORATION LIMITED","31"
"03-SEP-2026","TATASTEEL","TATA STEEL LIMITED","1"
"03-SEP-2026","TATATECH","TATA TECHNOLOGIES LIMITED","10"
"03-SEP-2026","TBOTEK","TBO TEK LIMITED","7"
"03-SEP-2026","TECHNOE","TECHNOE","17"
"03-SEP-2026","TEGA","TEGA INDUSTRIES LIMITED","2"
"03-SEP-2026","TEJASNET","TEJAS NETWORKS LIMITED","182"
"03-SEP-2026","TENNIND","TENNECO CLEAN AIR INDIA L","88"
"03-SEP-2026","THOMASCOOK","THOMAS COOK (INDIA) LTD  ","191"
"03-SEP-2026","THYROCARE","THYROCARE TECH LTD","17"
"03-SEP-2026","TIMETECHNO","TIME TECHNOPLAST LIMITED","53"
"03-SEP-2026","TIMEX","TIMEX GROUP INDIA LTD.","16"
"03-SEP-2026","TITAGARH","TITAGARH RAIL SYSTEMS","48"
"03-SEP-2026","TRENT","TRENT LIMITED","2"
"03-SEP-2026","TRIVENI","TRIVENI ENGG. & INDS. LTD","224"
"03-SEP-2026","TTKPRESTIG","TTK PRESTIGE LTD","56"
"03-SEP-2026","TTML","TATA TELESERV(MAHARASTRA)","700"
"03-SEP-2026","TVSHLTD","TVS Holdings Limited","3"
"03-SEP-2026","TVSMOTOR","TVS MOTOR COMPANY  LTD","1,750"
"03-SEP-2026","UBL","UNITED BREWERIES LIMITED","25"
"03-SEP-2026","UCOBANK","UCO BANK","410"
"03-SEP-2026","ULTRACEMCO","ULTRATECH CEMENT LIMITED","1"
"03-SEP-2026","UNIMECH","UNIMECH AEROSPACE N MFG L","7"
"03-SEP-2026","UNIONBANK","UNION BANK OF INDIA","100"
"03-SEP-2026","UNITDSPR","UNITED SPIRITS LIMITED","7"
"03-SEP-2026","UNIVCABLES","UNIVERSAL CABLES LTD","10"
"03-SEP-2026","URBANCO","URBAN COMPANY LIMITED","2"
"03-SEP-2026","USHAMART","USHA MARTIN LTD.","5"
"03-SEP-2026","VGUARD","V-GUARD IND LTD.    ","14"
"03-SEP-2026","VIKRAMSOLR","VIKRAM SOLAR LIMITED","296"
"03-SEP-2026","VIMTALABS","VIMTA LABS LIMITED","60"
"03-SEP-2026","VINDHYATEL","VINDHYA TELELINKS LTD","1"
"03-SEP-2026","VIYASH","VIYASH SCIENTIFIC LIMITED","3"
"03-SEP-2026","VOLTAMP","VOLTAMP TRANSFORMERS LTD","10"
"03-SEP-2026","VTL","VARDHMAN TEXTILES LIMITED    ","37"
"03-SEP-2026","WAAREEENER","WAAREE ENERGIES LIMITED","50"
"03-SEP-2026","WALCHANNAG","WALCHANDNAGAR INDUSTRIES","5"
"03-SEP-2026","WELCORP","WELSPUN CORP LIMITED","340"
"03-SEP-2026","WHEELS","WHEELS INDIA LTD","209"
"03-SEP-2026","WHIRLPOOL","WHIRLPOOL OF INDIA LTD   ","12"
"03-SEP-2026","WOCKPHARMA","WOCKHARDT LIMITED","2"
"03-SEP-2026","YASHO","YASHO INDUSTRIES LIMITED","1"
"03-SEP-2026","YATHARTH","YATHARTH HOSP & TRA C S L","6"
"03-SEP-2026","ZENSARTECH","ZENSAR TECHNOLOGIES  LTD ","64"
"03-SEP-2026","ZENTEC","ZEN TECHNOLOGIES LIMITED","27"
"03-SEP-2026","ZFCVINDIA","ZF COM VE CTR SYS IND LTD","5"
"03-SEP-2026","ZYDUSWELL","ZYDUS WELLNESS LIMITED","34"
"04-SEP-2026","ABB","ABB LTD.","2"
"04-SEP-2026","ACMESOLAR","ACME SOLAR HOLDINGS LTD","1"
"04-SEP-2026","ADANIENSOL","ADANI ENERGY SOLUTION LTD","50"
"04-SEP-2026","ADANIENT","ADANI ENTERPRISES LIMITED","7"
"04-SEP-2026","ADANIPORTS","ADANI PORT & SEZ LTD","91"
"04-SEP-2026","AMBER","AMBER ENTERPRISES (I) LTD","54"
"04-SEP-2026","ASIANPAINT","ASIAN PAINTS LIMITED","70"
"04-SEP-2026","AVANTIFEED","AVANTI FEEDS LIMITED","300"
"04-SEP-2026","BANKINDIA","BANK OF INDIA","449"
"04-SEP-2026","BDL","BHARAT DYNAMICS LIMITED","191"
"04-SEP-2026","BIOCON","BIOCON LIMITED.","2,100"
"04-SEP-2026","BLUESTARCO","BLUE STAR LIMITED","649"
"04-SEP-2026","CANHLIFE","CANARA HSBC LIFE INS CO L","109"
"04-SEP-2026","CMPDI","CENTRAL MINE P N D INST L","1"
"04-SEP-2026","DIXON","DIXON TECHNO (INDIA) LTD","98"
"04-SEP-2026","DRREDDY","DR. REDDY'S LABORATORIES","16,750"
"04-SEP-2026","EDELWEISS","EDELWEISS FIN SERV LTD","1"
"04-SEP-2026","ENGINERSIN","ENGINEERS INDIA LTD","1,250"
"04-SEP-2026","FIRSTCRY","BRAINBEES SOLUTIONS LTD","1"
"04-SEP-2026","GIPCL","GUJ IND POW CO. LTD","1"
"04-SEP-2026","GLENMARK","GLENMARK PHARMACEUTICALS LIMITED","166"
"04-SEP-2026","GMRP&UI","GMR POW AND URBAN INFRA L","1"
"04-SEP-2026","GOODLUCK","GOODLUCK INDIA LIMITED","218"
"04-SEP-2026","GROWW","BILLIONBRAINS GARAGE VN L","1,000"
"04-SEP-2026","HAL","HINDUSTAN AERONAUTICS LTD","5"
"04-SEP-2026","HAVELLS","HAVELLS INDIA LIMITED","28,668"
"04-SEP-2026","HBLENGINE","HBL ENGINEERING LTD","100"
"04-SEP-2026","HDFCAMC","HDFC AMC LIMITED","10"
"04-SEP-2026","HDFCBANK","HDFC BANK LTD","5"
"04-SEP-2026","HDFCLIFE","HDFC STANDARD LIFE INSURANCE COMPANY LIMITED","1"
"04-SEP-2026","HFCL","HIMACHAL FUTURISTIC COMMUNICATIONS LIMITED","1,000"
"04-SEP-2026","HINDZINC","HINDUSTAN ZINC LIMITED","10"
"04-SEP-2026","ICICIBANK","ICICI BANK LTD.","10"
"04-SEP-2026","IDEA","Vodafone Idea Limited","5,220"
"04-SEP-2026","IFCI","IFCI LTD","2,002"
"04-SEP-2026","IGL","INDRAPRASTHA GAS LTD","1"
"04-SEP-2026","IIFL","IIFL HOLDINGS LIMITED","111"
"04-SEP-2026","INOXGREEN","INOX GREEN ENERGY SER LTD","1"
"04-SEP-2026","INOXWIND","INOX WIND LIMITED        ","1,012"
"04-SEP-2026","IONEXCHANG","ION EXCHANGE (INDIA) LTD","1"
"04-SEP-2026","IREDA","INDIAN RENEWABLE ENERGY","8,480"
"04-SEP-2026","ITC","ITC LTD","25"
"04-SEP-2026","IXIGO","LE TRAVENUES TECHNOLOGY L","1"
"04-SEP-2026","J&KBANK","J & K BANK LTD.","1"
"04-SEP-2026","JAYNECOIND","JAYASWAL NECO INDUSTR LTD","331"
"04-SEP-2026","JINDWORLD","JINDAL WORLDWIDE LTD","2,03,423"
"04-SEP-2026","JMFINANCIL","JM FINANCIAL LIMITED    ","1"
"04-SEP-2026","JUSTDIAL","JUST DIAL LIMITED","1"
"04-SEP-2026","KAYNES","KAYNES TECHNOLOGY IND LTD","1"
"04-SEP-2026","KEI","KEI INDUSTRIES LTD.      ","515"
"04-SEP-2026","KNRCON","KNR CONSTRU LTD","1"
"04-SEP-2026","KOTAKBANK","KOTAK MAHINDRA BANK LTD","26"
"04-SEP-2026","KPIL","Kalpataru Project In","300"
"04-SEP-2026","LICHSGFIN","LIC HOUSING FINANCE LTD","5"
"04-SEP-2026","LICI","LIFE INSURA CORP OF INDIA","1,000"
"04-SEP-2026","LTM","LTIMINDTREE LIMITED","2"
"04-SEP-2026","MAHABANK","MAHABANK","5,000"
"04-SEP-2026","MARINE","MARINE ELECTRICAL (I) LTD","1"
"04-SEP-2026","MEESHO","MEESHO LIMITED","103"
"04-SEP-2026","NCC","NCC LIMITED","1"
"04-SEP-2026","NESTLEIND","NESTLE INDIA LIMITED","145"
"04-SEP-2026","NIFTY100EW","KOTAKMAMC - NIFTY100EW","200"
"04-SEP-2026","PAISALO","PAISALO DIGITAL LIMITED","1"
"04-SEP-2026","PCJEWELLER","PC JEWELLER LTD          ","2,000"
"04-SEP-2026","POWERGRID","POWER GRID CORP. LTD.","22"
"04-SEP-2026","PURVA","PURAVANKARA PROJ. LTD.","1"
"04-SEP-2026","RAIN","RAIN INDUSTRIES LIMITED","1"
"04-SEP-2026","RAYMOND","RAYMOND LIMITED","100"
"04-SEP-2026","RBLBANK","RBL BANK LIMITED    ","12"
"04-SEP-2026","REDINGTON","REDINGTON (INDIA) LTD.","1"
"04-SEP-2026","RELIANCE","RELIANCE INDUSTRIES LTD","8"
"04-SEP-2026","SAGILITY","SAGILITY INDIA LIMITED","9"
"04-SEP-2026","SAMMAANCAP","SAMMAAN CAPITAL LIMITED","527"
"04-SEP-2026","SMLMAH","SML Mahindra Limited","11,418"
"04-SEP-2026","SOLARINDS","SOLAR INDUSTRIES (I) LTD","2"
"04-SEP-2026","SWIGGY","SWIGGY LIMITED","1"
"04-SEP-2026","TATASTEEL","TATA STEEL LIMITED","20"
"04-SEP-2026","TEJASNET","TEJAS NETWORKS LIMITED","26"
"04-SEP-2026","THOMASCOOK","THOMAS COOK (INDIA) LTD  ","1"
"04-SEP-2026","TMCV","TATA MOTORS LIMITED","31"
"04-SEP-2026","UNIONBANK","UNION BANK OF INDIA","18"
"04-SEP-2026","UNITDSPR","UNITED SPIRITS LIMITED","49"
"04-SEP-2026","URBANCO","URBAN COMPANY LIMITED","1"
"04-SEP-2026","WELENT","WELSPUN ENTERPRISES LIMITED","1"
"04-SEP-2026","WELSPUNLIV","WELSPUN LIVING LIMITED","1"
"07-SEP-2026","63MOONS","63 MOONS TECHNOLOGIES LTD","250"
"07-SEP-2026","ADANIGREEN","ADANI GREEN ENERGY LTD","1"
"07-SEP-2026","ADANIPORTS","ADANI PORT & SEZ LTD","1"
"07-SEP-2026","ATHERENERG","ATHER ENERGY LIMITED","592"
"07-SEP-2026","AUBANK","AU SMALL FINANCE BANK LIMITED","1"
"07-SEP-2026","BAJAJFINSV","BAJAJ FINSERV LIMITED","10"
"07-SEP-2026","BAJAJHIND","BAJAJ HINDUSTAN LTD","501"
"07-SEP-2026","BBL","BHARAT BIJLEE LTD","850"
"07-SEP-2026","BBOX","BLACK BOX LIMITED","1"
"07-SEP-2026","BECTORFOOD","MRS BECTORS FOOD SPE LTD","2"
"07-SEP-2026","BHEL","BHEL","100"
"07-SEP-2026","BLACKBUCK","ZINKA LOGISTICS SOL LTD","5"
"07-SEP-2026","BLUESTARCO","BLUE STAR LIMITED","3,250"
"07-SEP-2026","BOSCHLTD","BOSCH LIMITED","2"
"07-SEP-2026","BSE","BSE LIMITED","315"
"07-SEP-2026","CAMS","COMPUTER AGE MGMT SER LTD","246"
"07-SEP-2026","CARTRADE","CARTRADE TECH LIMITED","6"
"07-SEP-2026","CGPOWER","CG POWER AND INDUSTRIAL SOLUTIONS LIMITED","894"
"07-SEP-2026","CIPLA","CIPLA LTD","25"
"07-SEP-2026","CMPDI","CENTRAL MINE P N D INST L","4,001"
"07-SEP-2026","DIXON","DIXON TECHNO (INDIA) LTD","250"
"07-SEP-2026","EDELWEISS","EDELWEISS FIN SERV LTD","1"
"07-SEP-2026","EICHERMOT","EICHER MOTORS LIMITED","8"
"07-SEP-2026","ELECON","ELECON ENG. CO. LTD","80"
"07-SEP-2026","ETERNAL","ETERNAL LIMITED","25"
"07-SEP-2026","FCL","FINEOTEX CHEMICAL LIMITED","3,68,051"
"07-SEP-2026","FINCABLES","FINOLEX CABLES LTD","6"
"07-SEP-2026","GAIL","GAIL (INDIA) LTD","75"
"07-SEP-2026","GENUSPOWER","GENUS POWER INFRASTRU LTD","11,555"
"07-SEP-2026","GOODLUCK","GOODLUCK INDIA LIMITED","36"
"07-SEP-2026","GRAVITA","GRAVITA INDIA LIMITED","3"
"07-SEP-2026","GREAVESCOT","GREAVES COTTON LTD","215"
"07-SEP-2026","HAVELLS","HAVELLS INDIA LIMITED","1,400"
"07-SEP-2026","HCC","HINDUSTAN CONSTRUCTION CO","12,500"
"07-SEP-2026","HCLTECH","HCL TECHNOLOGIES LTD","400"
"07-SEP-2026","HDFCBANK","HDFC BANK LTD","35"
"07-SEP-2026","HINDOILEXP","HINDUSTAN OIL EXPLORATION","5"
"07-SEP-2026","HINDPETRO","HINDUSTAN PETROLEUM CORP","20"
"07-SEP-2026","ICICIBANK","ICICI BANK LTD.","33"
"07-SEP-2026","ICICIPRULI","ICICI PRU LIFE INS CO LTD ","65"
"07-SEP-2026","IDEA","Vodafone Idea Limited","3,008"
"07-SEP-2026","IDFCFIRSTB","IDFC FIRST BANK LIMI","858"
"07-SEP-2026","IFCI","IFCI LTD","150"
"07-SEP-2026","IONEXCHANG","ION EXCHANGE (INDIA) LTD","287"
"07-SEP-2026","IREDA","INDIAN RENEWABLE ENERGY","3,980"
"07-SEP-2026","ITI","ITI LTD","91"
"07-SEP-2026","JAMNAAUTO","JAMNA AUTO IND LTD       ","101"
"07-SEP-2026","JAYNECOIND","JAYASWAL NECO INDUSTR LTD","1"
"07-SEP-2026","LENSKART","LENSKART SOLUTIONS LTD","1"
"07-SEP-2026","LT","LARSEN & TOUBRO LTD.","100"
"07-SEP-2026","LTF","L&T FINANCE LIMITED","197"
"07-SEP-2026","LTM","LTIMINDTREE LIMITED","2,999"
"07-SEP-2026","M&M","MAHINDRA & MAHINDRA LTD","1"
"07-SEP-2026","MAHABANK","MAHABANK","300"
"07-SEP-2026","MANINDS","MAN INDUSTRIES (I) LTD.  ","390"
"07-SEP-2026","MCX","MULTI COMMODITY EXCHANGE OF INDIA LIMITED","73"
"07-SEP-2026","MFSL","MAX FINANCIAL SERV LTD","3"
"07-SEP-2026","MONQ50","MOTILALAMC - MONQ50","1"
"07-SEP-2026","MOREPENLAB","MOREPEN LAB. LTD         ","200"
"07-SEP-2026","NCC","NCC LIMITED","1"
"07-SEP-2026","NEOGEN","NEOGEN CHEMICALS LIMITED","67"
"07-SEP-2026","NIACL","THE NEW INDIA ASSU CO LTD","61"
"07-SEP-2026","NORTHARC","NORTHERN ARC CAPITAL LTD","25"
"07-SEP-2026","NYKAA","FSN E COMMERCE VENTURES","50"
"07-SEP-2026","OIL","OIL INDIA LTD","10"
"07-SEP-2026","PAISALO","PAISALO DIGITAL LIMITED","2"
"07-SEP-2026","PARADEEP","PARADEEP PHOSPHATES LTD","1"
"07-SEP-2026","PATANJALI","PATANJALI FOODS LIMITED","1,200"
"07-SEP-2026","PCJEWELLER","PC JEWELLER LTD          ","2,034"
"07-SEP-2026","PERSISTENT","PERSISTENT SYSTEMS LTD","3,298"
"07-SEP-2026","PFIZER","PFIZER LIMITED","500"
"07-SEP-2026","PIIND","PI INDUSTRIES LTD        ","165"
"07-SEP-2026","PNB","PUNJAB NATIONAL BANK","10"
"07-SEP-2026","POWERGRID","POWER GRID CORP. LTD.","896"
"07-SEP-2026","PRECWIRE","PRECISION WIRES INDIA LTD","127"
"07-SEP-2026","RAYMONDLSL","RAYMOND LIFESTYLE LIMITED","30"
"07-SEP-2026","RRKABEL","R R KABEL LIMITED","2"
"07-SEP-2026","SAMMAANCAP","SAMMAAN CAPITAL LIMITED","2,000"
"07-SEP-2026","SHAILY","SHAILY ENG PLASTICS LTD","9"
"07-SEP-2026","SHRIRAMFIN","SHRIRAM FINANCE LIMITED","2"
"07-SEP-2026","SMLMAH","SML Mahindra Limited","5"
"07-SEP-2026","SPARC","SUN PHARMA ADV.RES.CO.LTD","1,550"
"07-SEP-2026","TARC","TARC LIMITED","1"
"07-SEP-2026","THOMASCOOK","THOMAS COOK (INDIA) LTD  ","1"
"07-SEP-2026","VENUSPIPES","VENUS PIPES & TUBES LTD","100"
"07-SEP-2026","WALCHANNAG","WALCHANDNAGAR INDUSTRIES","1"
"07-SEP-2026","WELSPUNLIV","WELSPUN LIVING LIMITED","1"
"07-SEP-2026","WIPRO","WIPRO LTD","60,137"
"07-SEP-2026","ZYDUSWELL","ZYDUS WELLNESS LIMITED","165"
"08-SEP-2026","360ONE","360 ONE WAM LIMITED","200"
"08-SEP-2026","AARTIPHARM","AARTI PHARMALABS LIMITED","34"
"08-SEP-2026","ADANIPOWER","ADANI POWER LTD","1"
"08-SEP-2026","AFFLE","AFFLE (INDIA) LIMITED","1"
"08-SEP-2026","APOLLO","APOLLO MICRO SYSTEMS LTD","100"
"08-SEP-2026","AUROPHARMA","AUROBINDO PHARMA LTD","10"
"08-SEP-2026","AXISBANK","AXIS BANK LIMITED","20"
"08-SEP-2026","BAJAJHLDNG","BAJAJ HOLDINGS & INVS LTD","75"
"08-SEP-2026","BANDHANBNK","BANDHAN BANK LIMITED","203"
"08-SEP-2026","BDL","BHARAT DYNAMICS LIMITED","565"
"08-SEP-2026","BEL","BHARAT ELECTRONICS LTD","2"
"08-SEP-2026","BHARATFORG","BHARAT FORGE LTD","201"
"08-SEP-2026","BIOCON","BIOCON LIMITED.","5,000"
"08-SEP-2026","BLUESTARCO","BLUE STAR LIMITED","10,077"
"08-SEP-2026","CAMS","COMPUTER AGE MGMT SER LTD","344"
"08-SEP-2026","CGPOWER","CG POWER AND INDUSTRIAL SOLUTIONS LIMITED","200"
"08-SEP-2026","DIVISLAB","DIVI'S LABORATORIES LTD","84"
"08-SEP-2026","EDELWEISS","EDELWEISS FIN SERV LTD","202"
"08-SEP-2026","ENGINERSIN","ENGINEERS INDIA LTD","1"
"08-SEP-2026","FCL","FINEOTEX CHEMICAL LIMITED","830"
"08-SEP-2026","FEDFINA","FEDBANK FINANCIAL SER L","1,000"
"08-SEP-2026","GLENMARK","GLENMARK PHARMACEUTICALS LIMITED","24"
"08-SEP-2026","GOKEX","GOKALDAS EXPORTS LTD.","41"
"08-SEP-2026","GVT&D","GE VERNOVA T&D INDIA LTD","25"
"08-SEP-2026","HAL","HINDUSTAN AERONAUTICS LTD","10"
"08-SEP-2026","HBLENGINE","HBL ENGINEERING LTD","10"
"08-SEP-2026","HEG","HEG LIMITED","297"
"08-SEP-2026","HEROMOTOCO","HERO MOTOCORP LTD","1,500"
"08-SEP-2026","HFCL","HIMACHAL FUTURISTIC COMMUNICATIONS LIMITED","8,493"
"08-SEP-2026","HINDCOPPER","HINDUSTAN COPPER LIMITED","2,504"
"08-SEP-2026","HINDOILEXP","HINDUSTAN OIL EXPLORATION","50"
"08-SEP-2026","HINDZINC","HINDUSTAN ZINC LIMITED","15"
"08-SEP-2026","HYUNDAI","HYUNDAI MOTOR INDIA LTD","275"
"08-SEP-2026","ICICIGI","ICICI LOMBARD GENERAL INSURANCE COMPANY LIMITED","10"
"08-SEP-2026","IIFL","IIFL HOLDINGS LIMITED","8"
"08-SEP-2026","INDIAGLYCO","INDIA GLYCOLS LTD","1"
"08-SEP-2026","INDIANB","INDIAN BANK","1"
"08-SEP-2026","INDUSTOWER","INDUS","2"
"08-SEP-2026","IREDA","INDIAN RENEWABLE ENERGY","53,730"
"08-SEP-2026","IRFC","IRFC","20,950"
"08-SEP-2026","JAMNAAUTO","JAMNA AUTO IND LTD       ","1"
"08-SEP-2026","JUBLFOOD","JUBILANT FOODWORKS LTD","1,025"
"08-SEP-2026","JUBLPHARMA","JUBLPHARMA","20"
"08-SEP-2026","KALYANKJIL","KALYAN JEWELLERS IND LTD","1"
"08-SEP-2026","LAURUSLABS","LAURUS LABS LIMITED","4"
"08-SEP-2026","LENSKART","LENSKART SOLUTIONS LTD","1"
"08-SEP-2026","LICHSGFIN","LIC HOUSING FINANCE LTD","27"
"08-SEP-2026","LXCHEM","LAXMI ORGANIC INDUS LTD","1"
"08-SEP-2026","MARICO","MARICO LIMITED","1"
"08-SEP-2026","MARKSANS","MARKSANS PHARMA LIMITED  ","1"
"08-SEP-2026","MEESHO","MEESHO LIMITED","4"
"08-SEP-2026","MIDHANI","MIDHANI","100"
"08-SEP-2026","MUTHOOTFIN","MUTHOOT FINANCE LIMITED","1"
"08-SEP-2026","NCC","NCC LIMITED","500"
"08-SEP-2026","NITINSPIN","NITIN SPINNERS LIMITED","200"
"08-SEP-2026","NOCIL","NOCIL LIMITED            ","6"
"08-SEP-2026","NORTHARC","NORTHERN ARC CAPITAL LTD","100"
"08-SEP-2026","NYKAA","FSN E COMMERCE VENTURES","200"
"08-SEP-2026","OIL","OIL INDIA LTD","900"
"08-SEP-2026","PARADEEP","PARADEEP PHOSPHATES LTD","300"
"08-SEP-2026","PAYTM","ONE 97 COMMUNICATIONS LTD","3"
"08-SEP-2026","PENIND","PENNAR INDUSTRIES LTD","1"
"08-SEP-2026","PERSISTENT","PERSISTENT SYSTEMS LTD","2,617"
"08-SEP-2026","PETRONET","PETRONET LNG LIMITED","9,500"
"08-SEP-2026","PGEL","PG ELECTROPLAST LTD","3"
"08-SEP-2026","PIDILITIND","PIDILITE INDUSTRIES LIMITED","3"
"08-SEP-2026","POLICYBZR","PB FINTECH LIMITED","10"
"08-SEP-2026","RAIN","RAIN INDUSTRIES LIMITED","2,550"
"08-SEP-2026","RAYMONDREL","RAYMOND REALTY LIMITED","600"
"08-SEP-2026","RELIANCE","RELIANCE INDUSTRIES LTD","6,010"
"08-SEP-2026","RTNINDIA","RATTANINDIA ENT LIMITED","1,000"
"08-SEP-2026","SAIL","STEEL AUTHORITY OF INDIA","500"
"08-SEP-2026","SAREGAMA","SAREGAMA INDIA LIMITED","10"
"08-SEP-2026","SBIETFCON","SBIAMC - SBIETFCON","24"
"08-SEP-2026","SHYAMMETL","SHYAM METALICS AND ENGY L","44"
"08-SEP-2026","SYRMA","SYRMA SGS TECHNOLOGY LTD","155"
"08-SEP-2026","TARC","TARC LIMITED","1"
"08-SEP-2026","TCS","TATA CONSULTANCY SERV LT","13"
"08-SEP-2026","TIINDIA","TUBE INVEST OF INDIA LTD","1"
"08-SEP-2026","TMCV","TATA MOTORS LIMITED","1"
"08-SEP-2026","UNIONBANK","UNION BANK OF INDIA","8,850"
"08-SEP-2026","UPL","UPL LIMITED","365"
"08-SEP-2026","VEDL","VEDANTA LIMITED","200"
"08-SEP-2026","VENUSPIPES","VENUS PIPES & TUBES LTD","50"
"08-SEP-2026","VISHNU","VISHNU CHEMICALS LIMITED","200"
"08-SEP-2026","WHEELS","WHEELS INDIA LTD","16,048"
"08-SEP-2026","YESBANK","YES BANK LIMITED","150"
"08-SEP-2026","ZEEL","ZEE ENTERTAINMENT ENT LTD","2"
"08-SEP-2026","ZYDUSLIFE","ZYDUS LIFESCIENCES","4"
"09-SEP-2026","ADANIENSOL","ADANI ENERGY SOLUTION LTD","1,500"
"09-SEP-2026","ADANIENT","ADANI ENTERPRISES LIMITED","1,550"
"09-SEP-2026","ADANIPOWER","ADANI POWER LTD","2"
"09-SEP-2026","AEGISLOG","AEGIS LOGISTICS LIMITED","3"
"09-SEP-2026","APOLLO","APOLLO MICRO SYSTEMS LTD","2,500"
"09-SEP-2026","AUROPHARMA","AUROBINDO PHARMA LTD","25"
"09-SEP-2026","BAJAJHLDNG","BAJAJ HOLDINGS & INVS LTD","300"
"09-SEP-2026","BANDHANBNK","BANDHAN BANK LIMITED","1"
"09-SEP-2026","BDL","BHARAT DYNAMICS LIMITED","425"
"09-SEP-2026","BHEL","BHEL","1"
"09-SEP-2026","BRITANNIA","BRITANNIA INDUSTRIES LIMITED","2"
"09-SEP-2026","BSE","BSE LIMITED","5"
"09-SEP-2026","CANHLIFE","CANARA HSBC LIFE INS CO L","6"
"09-SEP-2026","CGPOWER","CG POWER AND INDUSTRIAL SOLUTIONS LIMITED","150"
"09-SEP-2026","COCHINSHIP","COCHIN SHIPYARD LIMITED","29"
"09-SEP-2026","COFORGE","COFORGE LIMITED","2"
"09-SEP-2026","CONFIPET","CONFIDENCE PETRO IND LTD.","1"
"09-SEP-2026","CRAFTSMAN","CRAFTSMAN AUTOMATION LTD","1"
"09-SEP-2026","DEVYANI","DEVYANI INTERNATIONAL LTD","34"
"09-SEP-2026","DIXON","DIXON TECHNO (INDIA) LTD","198"
"09-SEP-2026","DMART","AVENUE SUPERMARTS LIMITED","2"
"09-SEP-2026","EMAMILTD","EMAMI LIMITED","4"
"09-SEP-2026","EMMVEE","EMMVEE PHOTOVOLTAIC PWR L","25"
"09-SEP-2026","FLUOROCHEM","FLUOROCHEM","300"
"09-SEP-2026","GMDCLTD","GUJARAT MINERAL DEV CORP","950"
"09-SEP-2026","GMRAIRPORT","GMR AIRPORTS LIMITED","20,898"
"09-SEP-2026","GRAPHITE","GRAPHITE INDIA LIMITED","3"
"09-SEP-2026","GRASIM","GRASIM INDUSTRIES LTD","1,000"
"09-SEP-2026","HAL","HINDUSTAN AERONAUTICS LTD","10"
"09-SEP-2026","HBLENGINE","HBL ENGINEERING LTD","100"
"09-SEP-2026","HDFCAMC","HDFC AMC LIMITED","6,000"
"09-SEP-2026","HDFCBANK","HDFC BANK LTD","10"
"09-SEP-2026","HEG","HEG LIMITED","12"
"09-SEP-2026","HFCL","HIMACHAL FUTURISTIC COMMUNICATIONS LIMITED","962"
"09-SEP-2026","HINDALCO","HINDALCO  INDUSTRIES  LTD","1,000"
"09-SEP-2026","HYUNDAI","HYUNDAI MOTOR INDIA LTD","7,150"
"09-SEP-2026","IDBI","IDBI Bank Limited","1"
"09-SEP-2026","IDEA","Vodafone Idea Limited","500"
"09-SEP-2026","IFCI","IFCI LTD","400"
"09-SEP-2026","IRFC","IRFC","20,950"
"09-SEP-2026","ITC","ITC LTD","1"
"09-SEP-2026","JAMNAAUTO","JAMNA AUTO IND LTD       ","1"
"09-SEP-2026","JUBLFOOD","JUBILANT FOODWORKS LTD","2"
"09-SEP-2026","JWL","JUPITER WAGONS LIMITED","1"
"09-SEP-2026","KALYANKJIL","KALYAN JEWELLERS IND LTD","1"
"09-SEP-2026","KAYNES","KAYNES TECHNOLOGY IND LTD","22"
"09-SEP-2026","LAURUSLABS","LAURUS LABS LIMITED","10"
"09-SEP-2026","LIQUIDBEES","NIP IND ETF LIQUID BEES","1"
"09-SEP-2026","LTM","LTIMINDTREE LIMITED","2,398"
"09-SEP-2026","MAHABANK","MAHABANK","1"
"09-SEP-2026","MAHLOG","MAHLOG","48"
"09-SEP-2026","MANAPPURAM","MANAPPURAM FINANCE LTD","144"
"09-SEP-2026","MAXHEALTH","MAX HEALTHCARE INS LTD","304"
"09-SEP-2026","MEDPLUS","MEDPLUS HEALTH SERV LTD","28"
"09-SEP-2026","MEESHO","MEESHO LIMITED","2"
"09-SEP-2026","MIDHANI","MIDHANI","1"
"09-SEP-2026","MOREPENLAB","MOREPEN LAB. LTD         ","1"
"09-SEP-2026","MOTHERSON","SAMVRDHNA MTHRSN INT","1,104"
"09-SEP-2026","NAVA","NAVA LIMITED","2"
"09-SEP-2026","NIACL","THE NEW INDIA ASSU CO LTD","246"
"09-SEP-2026","NOCIL","NOCIL LIMITED            ","1"
"09-SEP-2026","NYKAA","FSN E COMMERCE VENTURES","110"
"09-SEP-2026","OIL","OIL INDIA LTD","5"
"09-SEP-2026","ONESOURCE","ONESOURCE SPECL PHARMA L","5"
"09-SEP-2026","PAISALO","PAISALO DIGITAL LIMITED","152"
"09-SEP-2026","PAYTM","ONE 97 COMMUNICATIONS LTD","120"
"09-SEP-2026","PERSISTENT","PERSISTENT SYSTEMS LTD","3,742"
"09-SEP-2026","POLICYBZR","PB FINTECH LIMITED","60"
"09-SEP-2026","POWERINDIA","ABB POWER PRO N SYS IND L","16"
"09-SEP-2026","PRESTIGE","PRESTIGE ESTATES PROJECTS LIMITED","236"
"09-SEP-2026","QUESS","QUESS CORP LIMITED","200"
"09-SEP-2026","RAIN","RAIN INDUSTRIES LIMITED","600"
"09-SEP-2026","RBA","RESTAURANT BRAND ASIA LTD","6"
"09-SEP-2026","RELIANCE","RELIANCE INDUSTRIES LTD","300"
"09-SEP-2026","RESPONIND","RESPONSIVE INDUSTRIES LTD","1"
"09-SEP-2026","RVNL","RVNL","200"
"09-SEP-2026","SAILIFE","SAI LIFE SCIENCES LIMITED","5"
"09-SEP-2026","SHAKTIPUMP","SHAKTI PUMPS (I) LTD","1"
"09-SEP-2026","SWIGGY","SWIGGY LIMITED","1"
"09-SEP-2026","TARC","TARC LIMITED","1"
"09-SEP-2026","TATAPOWER","TATA POWER CO LTD","1"
"09-SEP-2026","TCS","TATA CONSULTANCY SERV LT","2,015"
"09-SEP-2026","TITAN","TITAN INDUSTRIES LTD","3"
"09-SEP-2026","TVSHLTD","TVS Holdings Limited","1"
"09-SEP-2026","UNITDSPR","UNITED SPIRITS LIMITED","1"
"09-SEP-2026","URBANCO","URBAN COMPANY LIMITED","594"
"09-SEP-2026","VEDL","VEDANTA LIMITED","398"
"09-SEP-2026","VIPIND","VIP INDUSTRIES LTD","1"
"09-SEP-2026","WALCHANNAG","WALCHANDNAGAR INDUSTRIES","500"
"09-SEP-2026","WHEELS","WHEELS INDIA LTD","768"
"09-SEP-2026","WIPRO","WIPRO LTD","33,971"
"09-SEP-2026","YATHARTH","YATHARTH HOSP & TRA C S L","8"
"10-SEP-2026","ADANIENT","ADANI ENTERPRISES LIMITED","311"
"10-SEP-2026","ADANIGREEN","ADANI GREEN ENERGY LTD","1"
"10-SEP-2026","AGI","AGI GREENPAC LIMITED","262"
"10-SEP-2026","AGIIL","AGI INFRA LIMITED","716"
"10-SEP-2026","AMBER","AMBER ENTERPRISES (I) LTD","35"
"10-SEP-2026","APOLLOTYRE","APOLLO TYRES LTD","2"
"10-SEP-2026","ARVIND","ARVIND LIMITED","50"
"10-SEP-2026","ATHERENERG","ATHER ENERGY LIMITED","100"
"10-SEP-2026","AUBANK","AU SMALL FINANCE BANK LIMITED","375"
"10-SEP-2026","AUROPHARMA","AUROBINDO PHARMA LTD","369"
"10-SEP-2026","AVANTEL","AVANTEL LIMITED","1"
"10-SEP-2026","AXISBANK","AXIS BANK LIMITED","1"
"10-SEP-2026","BDL","BHARAT DYNAMICS LIMITED","100"
"10-SEP-2026","BHARATFORG","BHARAT FORGE LTD","105"
"10-SEP-2026","BLUESTARCO","BLUE STAR LIMITED","15,224"
"10-SEP-2026","BOSCHLTD","BOSCH LIMITED","5"
"10-SEP-2026","CIPLA","CIPLA LTD","1"
"10-SEP-2026","CPPLUS","ADITYA INFOTECH LIMITED","2"
"10-SEP-2026","DABUR","DABUR INDIA LTD","2"
"10-SEP-2026","DIVISLAB","DIVI'S LABORATORIES LTD","1"
"10-SEP-2026","DRREDDY","DR. REDDY'S LABORATORIES","12,935"
"10-SEP-2026","EMIL","ELECTRONICS MART IND LTD","167"
"10-SEP-2026","EMMVEE","EMMVEE PHOTOVOLTAIC PWR L","30"
"10-SEP-2026","EXIDEIND","EXIDE INDUSTRIES LTD","1,350"
"10-SEP-2026","FORCEMOT","FORCE MOTORS LIMITED","120"
"10-SEP-2026","GAIL","GAIL (INDIA) LTD","53"
"10-SEP-2026","GENUSPOWER","GENUS POWER INFRASTRU LTD","1"
"10-SEP-2026","GMDCLTD","GUJARAT MINERAL DEV CORP","200"
"10-SEP-2026","GRASIM","GRASIM INDUSTRIES LTD","3,250"
"10-SEP-2026","GUJTHEM","GUJARAT THEMIS BIOSYN LTD","1"
"10-SEP-2026","HCLTECH","HCL TECHNOLOGIES LTD","629"
"10-SEP-2026","HFCL","HIMACHAL FUTURISTIC COMMUNICATIONS LIMITED","400"
"10-SEP-2026","HINDALCO","HINDALCO  INDUSTRIES  LTD","37"
"10-SEP-2026","HYUNDAI","HYUNDAI MOTOR INDIA LTD","5,225"
"10-SEP-2026","IFCI","IFCI LTD","1"
"10-SEP-2026","INDIAGLYCO","INDIA GLYCOLS LTD","161"
"10-SEP-2026","INDIANB","INDIAN BANK","2"
"10-SEP-2026","INDIGO","INTERGLOBE AVIATION LTD  ","95"
"10-SEP-2026","JAMNAAUTO","JAMNA AUTO IND LTD       ","1"
"10-SEP-2026","JINDWORLD","JINDAL WORLDWIDE LTD","113"
"10-SEP-2026","JIOFIN","JIO FIN SERVICES LTD","141"
"10-SEP-2026","JSWENERGY","JSW ENERGY LIMITED","1"
"10-SEP-2026","KALYANKJIL","KALYAN JEWELLERS IND LTD","10"
"10-SEP-2026","KAYNES","KAYNES TECHNOLOGY IND LTD","98"
"10-SEP-2026","KDDL","KDDL LIMITED","6"
"10-SEP-2026","KISSHT","ONEMI TECHNOLOGY SOL LTD","88"
"10-SEP-2026","KOTAKBANK","KOTAK MAHINDRA BANK LTD","4,000"
"10-SEP-2026","LAURUSLABS","LAURUS LABS LIMITED","10"
"10-SEP-2026","MAFANG","MIRAEAMC - MAFANG","248"
"10-SEP-2026","MAHABANK","MAHABANK","100"
"10-SEP-2026","MANINDS","MAN INDUSTRIES (I) LTD.  ","200"
"10-SEP-2026","MAXHEALTH","MAX HEALTHCARE INS LTD","43"
"10-SEP-2026","MIDHANI","MIDHANI","44"
"10-SEP-2026","MOIL","MOIL LIMITED     ","1"
"10-SEP-2026","MOTHERSON","SAMVRDHNA MTHRSN INT","193"
"10-SEP-2026","MRPL","MRPL","1"
"10-SEP-2026","NAM-INDIA","NIPPON L I A M LTD","1"
"10-SEP-2026","NESTLEIND","NESTLE INDIA LIMITED","44"
"10-SEP-2026","NETWEB","NETWEB TECH INDIA LTD","5"
"10-SEP-2026","NHPC","NHPC LTD","2,008"
"10-SEP-2026","NOCIL","NOCIL LIMITED            ","2"
"10-SEP-2026","NYKAA","FSN E COMMERCE VENTURES","726"
"10-SEP-2026","ONESOURCE","ONESOURCE SPECL PHARMA L","5"
"10-SEP-2026","PAISALO","PAISALO DIGITAL LIMITED","2"
"10-SEP-2026","PARAGMILK","PARAG MILK FOODS LTD.   ","50"
"10-SEP-2026","PAYTM","ONE 97 COMMUNICATIONS LTD","5"
"10-SEP-2026","PCJEWELLER","PC JEWELLER LTD          ","1,200"
"10-SEP-2026","PETRONET","PETRONET LNG LIMITED","2"
"10-SEP-2026","PIIND","PI INDUSTRIES LTD        ","5"
"10-SEP-2026","PINELABS","PINE LABS LIMITED","500"
"10-SEP-2026","POWERGRID","POWER GRID CORP. LTD.","1,806"
"10-SEP-2026","PRESTIGE","PRESTIGE ESTATES PROJECTS LIMITED","16"
"10-SEP-2026","PVRINOX","PVR INOX Limited","140"
"10-SEP-2026","QUESS","QUESS CORP LIMITED","200"
"10-SEP-2026","RAILTEL","RAILTEL","268"
"10-SEP-2026","REDINGTON","REDINGTON (INDIA) LTD.","1,000"
"10-SEP-2026","RELIANCE","RELIANCE INDUSTRIES LTD","3,000"
"10-SEP-2026","RKFORGE","RAMKRISHNA FORGINGS LTD","100"
"10-SEP-2026","SAMMAANCAP","SAMMAAN CAPITAL LIMITED","1"
"10-SEP-2026","SARDAEN","SARDA ENERGY & MIN LTD","1"
"10-SEP-2026","SBILIFE","SBI LIFE INSURANCE COMPANY LIMITED","160"
"10-SEP-2026","SHADOWFAX","SHADOWFAX TECHNOLOGIES L","10"
"10-SEP-2026","SHILCTECH","SHILCHAR TECHNOLOGIES LTD","8"
"10-SEP-2026","SIEMENS","SIEMENS LTD","174"
"10-SEP-2026","SUVEN","SUVEN LIFE SCIENCES LTD  ","10"
"10-SEP-2026","SWIGGY","SWIGGY LIMITED","1"
"10-SEP-2026","TATACONSUM","TATA CONSUMER PRODUCT","72"
"10-SEP-2026","TCS","TATA CONSULTANCY SERV LT","2"
"10-SEP-2026","TMCV","TATA MOTORS LIMITED","35"
"10-SEP-2026","TMPV","TATA MOTORS PASS VEH LTD","30"
"10-SEP-2026","UNITDSPR","UNITED SPIRITS LIMITED","51"
"10-SEP-2026","UNOMINDA","UNO MINDA LIMITED","419"
"10-SEP-2026","URBANCO","URBAN COMPANY LIMITED","852"
"10-SEP-2026","VENUSPIPES","VENUS PIPES & TUBES LTD","100"
"10-SEP-2026","VISHNU","VISHNU CHEMICALS LIMITED","23"
"10-SEP-2026","WALCHANNAG","WALCHANDNAGAR INDUSTRIES","2"
"10-SEP-2026","WIPRO","WIPRO LTD","57,971"
"11-SEP-2026","ADANIENSOL","ADANI ENERGY SOLUTION LTD","1"
"11-SEP-2026","ADANIENT","ADANI ENTERPRISES LIMITED","49"
"11-SEP-2026","ADANIGREEN","ADANI GREEN ENERGY LTD","1"
"11-SEP-2026","ADANIPORTS","ADANI PORT & SEZ LTD","1"
"11-SEP-2026","ADANIPOWER","ADANI POWER LTD","1"
"11-SEP-2026","AEGISLOG","AEGIS LOGISTICS LIMITED","100"
"11-SEP-2026","APOLLOPIPE","APOLLO PIPES LIMITED","4"
"11-SEP-2026","ASIANPAINT","ASIAN PAINTS LIMITED","4"
"11-SEP-2026","AUROPHARMA","AUROBINDO PHARMA LTD","14"
"11-SEP-2026","BAJAJHIND","BAJAJ HINDUSTAN LTD","5,000"
"11-SEP-2026","BAJAJHLDNG","BAJAJ HOLDINGS & INVS LTD","375"
"11-SEP-2026","BHEL","BHEL","60"
"11-SEP-2026","BLUESTARCO","BLUE STAR LIMITED","4,312"
"11-SEP-2026","BSE","BSE LIMITED","24"
"11-SEP-2026","CENTUM","CENTUM ELECTRONICS LTD","10"
"11-SEP-2026","CIPLA","CIPLA LTD","5"
"11-SEP-2026","COCHINSHIP","COCHIN SHIPYARD LIMITED","6"
"11-SEP-2026","CROMPTON","CROMPT GREA CON ELEC LTD  ","78"
"11-SEP-2026","CUB","CITY UNION BANK LTD      ","1"
"11-SEP-2026","DCBBANK","DCB BANK LIMITED","1,500"
"11-SEP-2026","DEEPAKFERT","DEEPAK FERTILIZERS AND PETROCHEMICALS CORPORATION LIMITED","10"
"11-SEP-2026","DEEPINDS","DEEP INDUSTRIES LIMITED","2"
"11-SEP-2026","DIVISLAB","DIVI'S LABORATORIES LTD","64"
"11-SEP-2026","DLF","DLF LIMITED","362"
"11-SEP-2026","DRREDDY","DR. REDDY'S LABORATORIES","7,365"
"11-SEP-2026","ETERNAL","ETERNAL LIMITED","10"
"11-SEP-2026","FORCEMOT","FORCE MOTORS LIMITED","2"
"11-SEP-2026","GAIL","GAIL (INDIA) LTD","10"
"11-SEP-2026","GESHIP","THE GE SHPG.LTD","50"
"11-SEP-2026","GMRAIRPORT","GMR AIRPORTS LIMITED","1,30,029"
"11-SEP-2026","GRAPHITE","GRAPHITE INDIA LIMITED","1"
"11-SEP-2026","HCC","HINDUSTAN CONSTRUCTION CO","4"
"11-SEP-2026","HCLTECH","HCL TECHNOLOGIES LTD","125"
"11-SEP-2026","HDFCBANK","HDFC BANK LTD","130"
"11-SEP-2026","HEG","HEG LIMITED","1,500"
"11-SEP-2026","HFCL","HIMACHAL FUTURISTIC COMMUNICATIONS LIMITED","6,853"
"11-SEP-2026","HINDPETRO","HINDUSTAN PETROLEUM CORP","12"
"11-SEP-2026","HYUNDAI","HYUNDAI MOTOR INDIA LTD","275"
"11-SEP-2026","IDEA","Vodafone Idea Limited","86,944"
"11-SEP-2026","INDUSTOWER","INDUS","23,521"
"11-SEP-2026","IRFC","IRFC","4,675"
"11-SEP-2026","JAMNAAUTO","JAMNA AUTO IND LTD       ","3"
"11-SEP-2026","JSWINFRA","JSW INFRASTRUCTURE LTD","333"
"11-SEP-2026","KEI","KEI INDUSTRIES LTD.      ","215"
"11-SEP-2026","LAURUSLABS","LAURUS LABS LIMITED","10"
"11-SEP-2026","LGBBROSLTD","LG BALAKRISHNAN & BROS","2"
"11-SEP-2026","LICHSGFIN","LIC HOUSING FINANCE LTD","4,000"
"11-SEP-2026","LIQUIDBEES","NIP IND ETF LIQUID BEES","9,000"
"11-SEP-2026","LT","LARSEN & TOUBRO LTD.","5"
"11-SEP-2026","LXCHEM","LAXMI ORGANIC INDUS LTD","2"
"11-SEP-2026","MAHABANK","MAHABANK","100"
"11-SEP-2026","MANAPPURAM","MANAPPURAM FINANCE LTD","200"
"11-SEP-2026","MOBIKWIK","ONE MOBIKWIK SYSTEMS LTD","1"
"11-SEP-2026","MOTHERSON","SAMVRDHNA MTHRSN INT","50"
"11-SEP-2026","MPHASIS","MPHASIS LIMITED","5"
"11-SEP-2026","NETWEB","NETWEB TECH INDIA LTD","1"
"11-SEP-2026","NIACL","THE NEW INDIA ASSU CO LTD","1"
"11-SEP-2026","NMDC","NMDC LTD.","1"
"11-SEP-2026","NYKAA","FSN E COMMERCE VENTURES","238"
"11-SEP-2026","OFSS","Oracle Financial Services Software Limited","2,000"
"11-SEP-2026","OIL","OIL INDIA LTD","185"
"11-SEP-2026","PCJEWELLER","PC JEWELLER LTD          ","1,000"
"11-SEP-2026","PFC","POWER FIN CORP LTD.","1"
"11-SEP-2026","PIDILITIND","PIDILITE INDUSTRIES LIMITED","250"
"11-SEP-2026","PIIND","PI INDUSTRIES LTD        ","700"
"11-SEP-2026","POKARNA","POKARNA LIMITED","200"
"11-SEP-2026","PWL","PHYSICSWALLAH LIMITED","166"
"11-SEP-2026","RAYMOND","RAYMOND LIMITED","14"
"11-SEP-2026","RECLTD","RURAL ELEC CORP. LTD.","1"
"11-SEP-2026","SMLMAH","SML Mahindra Limited","13"
"11-SEP-2026","SWIGGY","SWIGGY LIMITED","10"
"11-SEP-2026","TATACAP","TATA CAPITAL LIMITED","50"
"11-SEP-2026","TATASTEEL","TATA STEEL LIMITED","1,000"
"11-SEP-2026","THERMAX","THERMAX LTD","1"
"11-SEP-2026","UNIONBANK","UNION BANK OF INDIA","154"
"11-SEP-2026","UNIPARTS","UNIPARTS INDIA LIMITED","7"
"11-SEP-2026","UNITDSPR","UNITED SPIRITS LIMITED","52"
"11-SEP-2026","WABAG","VA TECH WABAG LTD        ","2"
"11-SEP-2026","WIPRO","WIPRO LTD","38,110"
"11-SEP-2026","YESBANK","YES BANK LIMITED","1,000"
"11-SEP-2026","ZAGGLE","ZAGGLE PREPA OCEAN SER L","1"
"15-SEP-2026","ABBOTINDIA","ABBOTT INDIA LIMITED","71"
"15-SEP-2026","ADANIPOWER","ADANI POWER LTD","1"
"15-SEP-2026","AEGISVOPAK","AEGIS VOPAK TERMINALS LTD","1"
"15-SEP-2026","AEROFLEX","AEROFLEX INDUSTRIES LTD","50"
"15-SEP-2026","AKUMS","AKUMS DRUGS AND PHARMA L","10"
"15-SEP-2026","ALOKINDS","ALOKINDS","5"
"15-SEP-2026","APLAPOLLO","APL APOLLO TUBES LTD","8"
"15-SEP-2026","APOLLO","APOLLO MICRO SYSTEMS LTD","51"
"15-SEP-2026","ATHERENERG","ATHER ENERGY LIMITED","50"
"15-SEP-2026","AUBANK","AU SMALL FINANCE BANK LIMITED","51"
"15-SEP-2026","AUROPHARMA","AUROBINDO PHARMA LTD","1,860"
"15-SEP-2026","AVL","ADITYA VISION LIMITED","1"
"15-SEP-2026","BAJAJHFL","BAJAJ HOUSING FINANCE LTD","200"
"15-SEP-2026","BAJAJHLDNG","BAJAJ HOLDINGS & INVS LTD","825"
"15-SEP-2026","BALAMINES","BALAJI AMINIES LIMITED","11"
"15-SEP-2026","BALUFORGE","BALU FORGE INDUSTRIES LTD","100"
"15-SEP-2026","BANDHANBNK","BANDHAN BANK LIMITED","1"
"15-SEP-2026","BANKBARODA","BANK OF BARODA","200"
"15-SEP-2026","BANKINDIA","BANK OF INDIA","10"
"15-SEP-2026","BHARATFORG","BHARAT FORGE LTD","14"
"15-SEP-2026","BLACKBUCK","ZINKA LOGISTICS SOL LTD","1"
"15-SEP-2026","BLUESTARCO","BLUE STAR LIMITED","1,640"
"15-SEP-2026","BOMDYEING","BOMBAY DYEING & MFG. CO L","1"
"15-SEP-2026","CAMPUS","CAMPUS ACTIVEWEAR LIMITED","1"
"15-SEP-2026","CDSL","CENTRAL DEPOSITORY SERVICES (INDIA) LIMITED","848"
"15-SEP-2026","CHOLAFIN","CHOLAMANDALAM IN & FIN CO","208"
"15-SEP-2026","CMPDI","CENTRAL MINE P N D INST L","8"
"15-SEP-2026","COCHINSHIP","COCHIN SHIPYARD LIMITED","1"
"15-SEP-2026","CORONA","CORONA REMEDIES LIMITED","4"
"15-SEP-2026","CROMPTON","CROMPT GREA CON ELEC LTD  ","2"
"15-SEP-2026","CUPID","CUPID LIMITED","50"
"15-SEP-2026","DRREDDY","DR. REDDY'S LABORATORIES","27,950"
"15-SEP-2026","EICHERMOT","EICHER MOTORS LIMITED","27"
"15-SEP-2026","EMBDL","EQUINOX INDIA DEV LTD","1"
"15-SEP-2026","EMUDHRA","EMUDHRA LIMITED","11,101"
"15-SEP-2026","ETERNAL","ETERNAL LIMITED","25"
"15-SEP-2026","EXIDEIND","EXIDE INDUSTRIES LTD","180"
"15-SEP-2026","FCL","FINEOTEX CHEMICAL LIMITED","1"
"15-SEP-2026","GLENMARK","GLENMARK PHARMACEUTICALS LIMITED","402"
"15-SEP-2026","GMRAIRPORT","GMR AIRPORTS LIMITED","2,212"
"15-SEP-2026","GODFRYPHLP","GODFREY PHILLIPS INDIA LT","550"
"15-SEP-2026","GRANULES","GRANULES INDIA LIMITED   ","25"
"15-SEP-2026","GRASIM","GRASIM INDUSTRIES LTD","1,982"
"15-SEP-2026","GROWW","BILLIONBRAINS GARAGE VN L","15,000"
"15-SEP-2026","HDFCBANK","HDFC BANK LTD","15"
"15-SEP-2026","HERITGFOOD","HERITAGE FOODS LTD    ","1"
"15-SEP-2026","HFCL","HIMACHAL FUTURISTIC COMMUNICATIONS LIMITED","2"
"15-SEP-2026","HINDALCO","HINDALCO  INDUSTRIES  LTD","60"
"15-SEP-2026","HINDUNILVR","HINDUSTAN UNILEVER LTD.","1"
"15-SEP-2026","HUDCO","HOUSING & URBAN DEVELOPMENT CORPORATION LIMITED","2"
"15-SEP-2026","IDBI","IDBI Bank Limited","2"
"15-SEP-2026","IDEA","Vodafone Idea Limited","3"
"15-SEP-2026","IDFCFIRSTB","IDFC FIRST BANK LIMI","11"
"15-SEP-2026","IFCI","IFCI LTD","1"
"15-SEP-2026","INOXINDIA","INOX INDIA LIMITED","1"
"15-SEP-2026","INTERARCH","INTERARCH BLDNG SOLTN LTD","400"
"15-SEP-2026","IREDA","INDIAN RENEWABLE ENERGY","49,205"
"15-SEP-2026","IRFC","IRFC","20,950"
"15-SEP-2026","IXIGO","LE TRAVENUES TECHNOLOGY L","2"
"15-SEP-2026","JAMNAAUTO","JAMNA AUTO IND LTD       ","1"
"15-SEP-2026","JSWENERGY","JSW ENERGY LIMITED","10"
"15-SEP-2026","JUBLFOOD","JUBILANT FOODWORKS LTD","89"
"15-SEP-2026","KWIL","KWALITY WALL'S (INDIA) L","2,500"
"15-SEP-2026","LIQUIDBEES","NIP IND ETF LIQUID BEES","150"
"15-SEP-2026","LUPIN","LUPIN LIMITED","5"
"15-SEP-2026","MAZDOCK","MAZAGON DOCK SHIPBUIL LTD","628"
"15-SEP-2026","NOCIL","NOCIL LIMITED            ","1"
"15-SEP-2026","OFSS","Oracle Financial Services Software Limited","200"
"15-SEP-2026","ONGC","OIL AND NATURAL GAS CORP.","2,000"
"15-SEP-2026","PARAGMILK","PARAG MILK FOODS LTD.   ","1"
"15-SEP-2026","PARKHOSPS","PARK MEDI WORLD LIMITED","9,500"
"15-SEP-2026","PCJEWELLER","PC JEWELLER LTD          ","1,500"
"15-SEP-2026","PIIND","PI INDUSTRIES LTD        ","6,096"
"15-SEP-2026","PNCINFRA","PNC INFRATECH LTD.","92"
"15-SEP-2026","POLYCAB","POLYCAB INDIA LIMITED","1"
"15-SEP-2026","RAYMOND","RAYMOND LIMITED","253"
"15-SEP-2026","RBA","RESTAURANT BRAND ASIA LTD","6"
"15-SEP-2026","RECLTD","RURAL ELEC CORP. LTD.","7"
"15-SEP-2026","REDINGTON","REDINGTON (INDIA) LTD.","200"
"15-SEP-2026","REDTAPE","REDTAPE LIMITED","304"
"15-SEP-2026","RELIANCE","RELIANCE INDUSTRIES LTD","10"
"15-SEP-2026","RKFORGE","RAMKRISHNA FORGINGS LTD","535"
"15-SEP-2026","RPOWER","RELIANCE POWER LTD.","27"
"15-SEP-2026","SANSERA","SANSERA ENGINEERING LTD","11"
"15-SEP-2026","SHADOWFAX","SHADOWFAX TECHNOLOGIES L","270"
"15-SEP-2026","SIEMENS","SIEMENS LTD","1,200"
"15-SEP-2026","SMALLCAP","MIRAEAMC - SMALLCAP","1"
"15-SEP-2026","SOLARINDS","SOLAR INDUSTRIES (I) LTD","1"
"15-SEP-2026","SWSOLAR","STERLING & WILSON SO LTD","400"
"15-SEP-2026","TATACHEM","TATA CHEMICALS LTD","18,929"
"15-SEP-2026","TATAINVEST","TATA INVESTMENT CORPORATION LIMITED","25"
"15-SEP-2026","TCS","TATA CONSULTANCY SERV LT","5"
"15-SEP-2026","THERMAX","THERMAX LTD","11"
"15-SEP-2026","TMCV","TATA MOTORS LIMITED","275"
"15-SEP-2026","TVSMOTOR","TVS MOTOR COMPANY  LTD","65"
"15-SEP-2026","VEDL","VEDANTA LIMITED","25"
"15-SEP-2026","VINCOFE","VINTAGE COFFEE N BVRGS L","400"
"15-SEP-2026","WABAG","VA TECH WABAG LTD        ","1"
"15-SEP-2026","YASHO","YASHO INDUSTRIES LIMITED","25"
"15-SEP-2026","YESBANK","YES BANK LIMITED","1"
"15-SEP-2026","ZAGGLE","ZAGGLE PREPA OCEAN SER L","1"
"16-SEP-2026","ABCAPITAL","ADITYA BIRLA CAPITAL LIMITED","31"
"16-SEP-2026","AEGISLOG","AEGIS LOGISTICS LIMITED","50"
"16-SEP-2026","APLAPOLLO","APL APOLLO TUBES LTD","7"
"16-SEP-2026","ASHOKA","ASHOKA BUILDCON LTD      ","5"
"16-SEP-2026","AVALON","AVALON TECHNOLOGIES LTD","2"
"16-SEP-2026","BHARTIARTL","BHARTI AIRTEL LIMITED","75"
"16-SEP-2026","BLUESTARCO","BLUE STAR LIMITED","975"
"16-SEP-2026","BPCL","BHARAT PETROLEUM CORP  LT","70"
"16-SEP-2026","CAMS","COMPUTER AGE MGMT SER LTD","194"
"16-SEP-2026","CARTRADE","CARTRADE TECH LIMITED","35"
"16-SEP-2026","CDSL","CENTRAL DEPOSITORY SERVICES (INDIA) LIMITED","50"
"16-SEP-2026","CONCOR","CONTAINER CORP OF IND LTD","88"
"16-SEP-2026","CSBBANK","CSBBANK","1"
"16-SEP-2026","DELHIVERY","DELHIVERY LIMITED","1"
"16-SEP-2026","EMUDHRA","EMUDHRA LIMITED","1,635"
"16-SEP-2026","GICRE","GENERAL INSURANCE CORPORATION OF INDIA","100"
"16-SEP-2026","GLENMARK","GLENMARK PHARMACEUTICALS LIMITED","26"
"16-SEP-2026","GPIL","GPIL","2,000"
"16-SEP-2026","GRASIM","GRASIM INDUSTRIES LTD","1"
"16-SEP-2026","HAPPSTMNDS","HAPPIEST MINDS TECHNO LTD","1"
"16-SEP-2026","HDFCBANK","HDFC BANK LTD","12"
"16-SEP-2026","HDFCBSE500","HDFCAMC - HDFCBSE500","276"
"16-SEP-2026","HDFCLIFE","HDFC STANDARD LIFE INSURANCE COMPANY LIMITED","9"
"16-SEP-2026","HFCL","HIMACHAL FUTURISTIC COMMUNICATIONS LIMITED","10"
"16-SEP-2026","HONASA","HONASA CONSUMER LIMITED","1"
"16-SEP-2026","IDEA","Vodafone Idea Limited","18"
"16-SEP-2026","INOXWIND","INOX WIND LIMITED        ","500"
"16-SEP-2026","IOC","INDIAN OIL CORP LTD","1"
"16-SEP-2026","IOLCP","IOL CHEM AND PHARMA LTD","1"
"16-SEP-2026","JSWSTEEL","JSW STEEL LIMITED","375"
"16-SEP-2026","JUSTDIAL","JUST DIAL LIMITED","1"
"16-SEP-2026","KAYNES","KAYNES TECHNOLOGY IND LTD","16"
"16-SEP-2026","LIQUIDBEES","NIP IND ETF LIQUID BEES","27"
"16-SEP-2026","LLOYDSENGG","LLOYDS ENGG WORK LIMITED","1"
"16-SEP-2026","LXCHEM","LAXMI ORGANIC INDUS LTD","1"
"16-SEP-2026","MOBIKWIK","ONE MOBIKWIK SYSTEMS LTD","1"
"16-SEP-2026","MONQ50","MOTILALAMC - MONQ50","58"
"16-SEP-2026","MOQUALITY","MOTILALAMC - MOQUALITY","156"
"16-SEP-2026","PARAGMILK","PARAG MILK FOODS LTD.   ","3"
"16-SEP-2026","PAYTM","ONE 97 COMMUNICATIONS LTD","40"
"16-SEP-2026","PINELABS","PINE LABS LIMITED","500"
"16-SEP-2026","PNB","PUNJAB NATIONAL BANK","15"
"16-SEP-2026","PNCINFRA","PNC INFRATECH LTD.","3"
"16-SEP-2026","PVRINOX","PVR INOX Limited","75"
"16-SEP-2026","RADICO","RADICO KHAITAN LIMITED","201"
"16-SEP-2026","RAIN","RAIN INDUSTRIES LIMITED","1"
"16-SEP-2026","RECLTD","RURAL ELEC CORP. LTD.","263"
"16-SEP-2026","RRKABEL","R R KABEL LIMITED","1"
"16-SEP-2026","SBILIFE","SBI LIFE INSURANCE COMPANY LIMITED","107"
"16-SEP-2026","SIEMENS","SIEMENS LTD","692"
"16-SEP-2026","SRF","SRF LTD","3"
"16-SEP-2026","SUZLON","SUZLON ENERGY LIMITED","1,896"
"16-SEP-2026","SWIGGY","SWIGGY LIMITED","5"
"16-SEP-2026","TATACHEM","TATA CHEMICALS LTD","39"
"16-SEP-2026","TATAINVEST","TATA INVESTMENT CORPORATION LIMITED","105"
"16-SEP-2026","TIMEX","TIMEX GROUP INDIA LTD.","132"
"16-SEP-2026","TMPV","TATA MOTORS PASS VEH LTD","100"
"16-SEP-2026","TRENT","TRENT LIMITED","1"
"16-SEP-2026","UNIONBANK","UNION BANK OF INDIA","1,514"
"16-SEP-2026","URBANCO","URBAN COMPANY LIMITED","1"
"16-SEP-2026","VARROC","VARROC ENGINEERING LTD.","3"
"16-SEP-2026","VINDHYATEL","VINDHYA TELELINKS LTD","50"
"16-SEP-2026","WAAREEENER","WAAREE ENERGIES LIMITED","3,891"
"16-SEP-2026","WAKEFIT","WAKEFIT INNOVATIONS LTD","1,000"
"16-SEP-2026","ZEEL","ZEE ENTERTAINMENT ENT LTD","2"
"17-SEP-2026","360ONE","360 ONE WAM LIMITED","201"
"17-SEP-2026","ABCAPITAL","ADITYA BIRLA CAPITAL LIMITED","1"
"17-SEP-2026","AFCONS","AFCONS INFRASTRUCTURE LTD","3"
"17-SEP-2026","APLAPOLLO","APL APOLLO TUBES LTD","141"
"17-SEP-2026","APOLLO","APOLLO MICRO SYSTEMS LTD","1"
"17-SEP-2026","AXISBANK","AXIS BANK LIMITED","1"
"17-SEP-2026","AXISCADES","AXISCADES ENGG TECH LTD  ","2,008"
"17-SEP-2026","BAJFINANCE","BAJAJ FINANCE LIMITED","24,241"
"17-SEP-2026","BANDHANBNK","BANDHAN BANK LIMITED","658"
"17-SEP-2026","BDL","BHARAT DYNAMICS LIMITED","2,550"
"17-SEP-2026","BLUESTARCO","BLUE STAR LIMITED","6,500"
"17-SEP-2026","BSE","BSE LIMITED","400"
"17-SEP-2026","CMPDI","CENTRAL MINE P N D INST L","3"
"17-SEP-2026","CMSINFO","CMS INFO SYSTEMS LIMITED","1"
"17-SEP-2026","CONCOR","CONTAINER CORP OF IND LTD","654"
"17-SEP-2026","DRREDDY","DR. REDDY'S LABORATORIES","21,240"
"17-SEP-2026","EMUDHRA","EMUDHRA LIMITED","17"
"17-SEP-2026","ENTERO","ENTERO HEALTHCARE SOLU L","2"
"17-SEP-2026","ETERNAL","ETERNAL LIMITED","75"
"17-SEP-2026","FORCEMOT","FORCE MOTORS LIMITED","13"
"17-SEP-2026","GALLANTT","GALLANTT ISPAT LIMITED","1"
"17-SEP-2026","GMRAIRPORT","GMR AIRPORTS LIMITED","1,887"
"17-SEP-2026","GNFC","GUJARAT NARMADA FERT. CO","18"
"17-SEP-2026","GVT&D","GE VERNOVA T&D INDIA LTD","38"
"17-SEP-2026","HCLTECH","HCL TECHNOLOGIES LTD","345"
"17-SEP-2026","HDFCBANK","HDFC BANK LTD","20,001"
"17-SEP-2026","HDFCLIFE","HDFC STANDARD LIFE INSURANCE COMPANY LIMITED","619"
"17-SEP-2026","HSCL","HIMADRI SPECIALITY CHEMICAL LIMITED","1"
"17-SEP-2026","HUBTOWN","HUBTOWN LIMITED","61"
"17-SEP-2026","HYUNDAI","HYUNDAI MOTOR INDIA LTD","23,650"
"17-SEP-2026","ICICIPRULI","ICICI PRU LIFE INS CO LTD ","100"
"17-SEP-2026","IFCI","IFCI LTD","1,001"
"17-SEP-2026","INOXWIND","INOX WIND LIMITED        ","1"
"17-SEP-2026","IREDA","INDIAN RENEWABLE ENERGY","16,723"
"17-SEP-2026","ITC","ITC LTD","50"
"17-SEP-2026","JINDALSAW","JINDAL SAW LIMITED","1"
"17-SEP-2026","JYOTICNC","JYOTI CNC AUTOMATION LTD","1"
"17-SEP-2026","KAYNES","KAYNES TECHNOLOGY IND LTD","201"
"17-SEP-2026","KDDL","KDDL LIMITED","2"
"17-SEP-2026","KIRLPNU","KIRLOSKAR PNEUMATIC COM L","10"
"17-SEP-2026","LGEINDIA","LG ELECTRONICS INDIA LTD","13"
"17-SEP-2026","LTM","LTIMINDTREE LIMITED","298"
"17-SEP-2026","LXCHEM","LAXMI ORGANIC INDUS LTD","4"
"17-SEP-2026","MASPTOP50","MIRAEAMC - MASPTOP50","1,700"
"17-SEP-2026","MCX","MULTI COMMODITY EXCHANGE OF INDIA LIMITED","5"
"17-SEP-2026","MONQ50","MOTILALAMC - MONQ50","5"
"17-SEP-2026","NIACL","THE NEW INDIA ASSU CO LTD","1,000"
"17-SEP-2026","OFSS","Oracle Financial Services Software Limited","13,300"
"17-SEP-2026","PAGEIND","PAGE INDUSTRIES LTD","1"
"17-SEP-2026","PARADEEP","PARADEEP PHOSPHATES LTD","2"
"17-SEP-2026","PARAGMILK","PARAG MILK FOODS LTD.   ","2"
"17-SEP-2026","PATANJALI","PATANJALI FOODS LIMITED","1"
"17-SEP-2026","PCJEWELLER","PC JEWELLER LTD          ","116"
"17-SEP-2026","PGIL","PEARL GLOBAL IND LIMITED","31"
"17-SEP-2026","PIIND","PI INDUSTRIES LTD        ","226"
"17-SEP-2026","PINELABS","PINE LABS LIMITED","1"
"17-SEP-2026","PNCINFRA","PNC INFRATECH LTD.","1"
"17-SEP-2026","POWERINDIA","ABB POWER PRO N SYS IND L","1"
"17-SEP-2026","PWL","PHYSICSWALLAH LIMITED","1"
"17-SEP-2026","RELIANCE","RELIANCE INDUSTRIES LTD","19,229"
"17-SEP-2026","SAPPHIRE","SAPPHIRE FOODS INDIA LTD","1"
"17-SEP-2026","SBICARD","SBI CARDS & PAY SER LTD","15"
"17-SEP-2026","SHAREINDIA","SHARE IND. SECURITIES LTD","1"
"17-SEP-2026","SHRIRAMFIN","SHRIRAM FINANCE LIMITED","100"
"17-SEP-2026","SRF","SRF LTD","1"
"17-SEP-2026","TEGA","TEGA INDUSTRIES LIMITED","5"
"17-SEP-2026","TITAN","TITAN INDUSTRIES LTD","1"
"17-SEP-2026","TMPV","TATA MOTORS PASS VEH LTD","916"
"17-SEP-2026","TVSHLTD","TVS Holdings Limited","1"
"17-SEP-2026","VIYASH","VIYASH SCIENTIFIC LIMITED","17"
"17-SEP-2026","WAAREEENER","WAAREE ENERGIES LIMITED","29,968"
"17-SEP-2026","WIPRO","WIPRO LTD","12,500"
"17-SEP-2026","YESBANK","YES BANK LIMITED","11"
"18-SEP-2026","ACE","ACTION CONST EQUIP LTD","50"
"18-SEP-2026","ADANIENSOL","ADANI ENERGY SOLUTION LTD","25"
"18-SEP-2026","ADANIENT","ADANI ENTERPRISES LIMITED","10"
"18-SEP-2026","ADANIGREEN","ADANI GREEN ENERGY LTD","23"
"18-SEP-2026","ADANIPORTS","ADANI PORT & SEZ LTD","13,857"
"18-SEP-2026","ADANIPOWER","ADANI POWER LTD","1"
"18-SEP-2026","AEGISVOPAK","AEGIS VOPAK TERMINALS LTD","1"
"18-SEP-2026","AFCONS","AFCONS INFRASTRUCTURE LTD","151"
"18-SEP-2026","ALKEM","ALKEM LABORATORIES LTD.","250"
"18-SEP-2026","ANTHEM","ANTHEM BIOSCIENCES LTD","3"
"18-SEP-2026","APOLLOHOSP","APOLLO HOSPITALS ENTERPRISE LIMITED","1"
"18-SEP-2026","ASKAUTOLTD","ASK AUTOMOTIVE LIMITED","45"
"18-SEP-2026","ATHERENERG","ATHER ENERGY LIMITED","4,875"
"18-SEP-2026","AUROPHARMA","AUROBINDO PHARMA LTD","15"
"18-SEP-2026","AVALON","AVALON TECHNOLOGIES LTD","3"
"18-SEP-2026","BAJAJHFL","BAJAJ HOUSING FINANCE LTD","100"
"18-SEP-2026","BALKRISIND","BALKRISHNA IND. LTD      ","10"
"18-SEP-2026","BANDHANBNK","BANDHAN BANK LIMITED","58"
"18-SEP-2026","BDL","BHARAT DYNAMICS LIMITED","9,775"
"18-SEP-2026","BHARTIARTL","BHARTI AIRTEL LIMITED","92,202"
"18-SEP-2026","CELLO","CELLO WORLD LIMITED","1"
"18-SEP-2026","CENTRALBK","CENTRAL BANK OF INDIA","200"
"18-SEP-2026","CGPOWER","CG POWER AND INDUSTRIAL SOLUTIONS LIMITED","50"
"18-SEP-2026","COFORGE","COFORGE LIMITED","408"
"18-SEP-2026","COLPAL","COLGATE PALMOLIVE LTD.","2,475"
"18-SEP-2026","DRREDDY","DR. REDDY'S LABORATORIES","8,227"
"18-SEP-2026","EDELWEISS","EDELWEISS FIN SERV LTD","1"
"18-SEP-2026","EMCURE","EMCURE PHARMACEUTICALS L","90,355"
"18-SEP-2026","ENTERO","ENTERO HEALTHCARE SOLU L","14"
"18-SEP-2026","ETERNAL","ETERNAL LIMITED","373"
"18-SEP-2026","EXIDEIND","EXIDE INDUSTRIES LTD","1"
"18-SEP-2026","FEDERALBNK","FEDERAL BANK LTD","543"
"18-SEP-2026","GABRIEL","GABRIEL INDIA LTD","25"
"18-SEP-2026","GODFRYPHLP","GODFREY PHILLIPS INDIA LT","275"
"18-SEP-2026","GODREJCP","GODREJ CONSUMER PRODUCTS LIMITED","2"
"18-SEP-2026","GPPL","GUJARAT PIPAVAV PORT LTD","6"
"18-SEP-2026","GROWW","BILLIONBRAINS GARAGE VN L","202"
"18-SEP-2026","GVPIL","GE POWER INDIA LIMITED","54"
"18-SEP-2026","HAVELLS","HAVELLS INDIA LIMITED","2,500"
"18-SEP-2026","HCC","HINDUSTAN CONSTRUCTION CO","1,000"
"18-SEP-2026","HDFCBANK","HDFC BANK LTD","9"
"18-SEP-2026","HERITGFOOD","HERITAGE FOODS LTD    ","1"
"18-SEP-2026","HINDALCO","HINDALCO  INDUSTRIES  LTD","25"
"18-SEP-2026","HINDPETRO","HINDUSTAN PETROLEUM CORP","4"
"18-SEP-2026","ICICIAMC","ICICI PRUDENTIAL AMC LTD","2"
"18-SEP-2026","ICICIPRULI","ICICI PRU LIFE INS CO LTD ","1"
"18-SEP-2026","IDEA","Vodafone Idea Limited","4"
"18-SEP-2026","IEX","INDIAN ENERGY EXCHANGE LIMITED","1"
"18-SEP-2026","INDHOTEL","THE INDIAN HOTELS CO. LTD","34"
"18-SEP-2026","INDIAGLYCO","INDIA GLYCOLS LTD","2"
"18-SEP-2026","INDUSINDBK","INDUSIND BANK LIMITED","4,232"
"18-SEP-2026","INDUSTOWER","INDUS","1"
"18-SEP-2026","INFY","INFOSYS TECHNOLOGIES LTD","16,000"
"18-SEP-2026","INOXWIND","INOX WIND LIMITED        ","1"
"18-SEP-2026","IREDA","INDIAN RENEWABLE ENERGY","12,730"
"18-SEP-2026","ITC","ITC LTD","1,160"
"18-SEP-2026","JINDALSAW","JINDAL SAW LIMITED","1"
"18-SEP-2026","JKPAPER","JK PAPER LIMITED","1"
"18-SEP-2026","JSL","JSL Limited","20"
"18-SEP-2026","JSWENERGY","JSW ENERGY LIMITED","7"
"18-SEP-2026","JUBLFOOD","JUBILANT FOODWORKS LTD","15,000"
"18-SEP-2026","JYOTICNC","JYOTI CNC AUTOMATION LTD","1"
"18-SEP-2026","LENSKART","LENSKART SOLUTIONS LTD","4,993"
"18-SEP-2026","LLOYDSENGG","LLOYDS ENGG WORK LIMITED","1"
"18-SEP-2026","LODHA","LODHA","1,876"
"18-SEP-2026","MAHLIFE","MAHINDRA LIFESPACE DEVLTD","1"
"18-SEP-2026","MANAPPURAM","MANAPPURAM FINANCE LTD","2"
"18-SEP-2026","MEESHO","MEESHO LIMITED","309"
"18-SEP-2026","NAVINFLUOR","NAVIN FLUORINE INT. LTD","25"
"18-SEP-2026","NYKAA","FSN E COMMERCE VENTURES","10"
"18-SEP-2026","OFSS","Oracle Financial Services Software Limited","5,500"
"18-SEP-2026","PAGEIND","PAGE INDUSTRIES LTD","1"
"18-SEP-2026","PAISALO","PAISALO DIGITAL LIMITED","1,250"
"18-SEP-2026","PARADEEP","PARADEEP PHOSPHATES LTD","201"
"18-SEP-2026","PCBL","PCBL LIMITED","1"
"18-SEP-2026","PHOENIXLTD","THE PHOENIX MILLS LIMITED","72"
"18-SEP-2026","PIDILITIND","PIDILITE INDUSTRIES LIMITED","53"
"18-SEP-2026","PIIND","PI INDUSTRIES LTD        ","4,616"
"18-SEP-2026","PINELABS","PINE LABS LIMITED","77"
"18-SEP-2026","PNB","PUNJAB NATIONAL BANK","77"
"18-SEP-2026","POWERGRID","POWER GRID CORP. LTD.","37"
"18-SEP-2026","PWL","PHYSICSWALLAH LIMITED","3"
"18-SEP-2026","RAIN","RAIN INDUSTRIES LIMITED","1"
"18-SEP-2026","REDINGTON","REDINGTON (INDIA) LTD.","1"
"18-SEP-2026","RELIANCE","RELIANCE INDUSTRIES LTD","403"
"18-SEP-2026","RVNL","RVNL","3,850"
"18-SEP-2026","SAIL","STEEL AUTHORITY OF INDIA","101"
"18-SEP-2026","SAMBHV","SAMBHV STEEL TUBES LTD","1,004"
"18-SEP-2026","SAPPHIRE","SAPPHIRE FOODS INDIA LTD","1"
"18-SEP-2026","SBFC","SBFC FINANCE LIMITED","1,000"
"18-SEP-2026","SBIN","STATE BANK OF INDIA","11"
"18-SEP-2026","SHAREINDIA","SHARE IND. SECURITIES LTD","300"
"18-SEP-2026","SKIPPER","SKIPPER LIMITED","200"
"18-SEP-2026","SYRMA","SYRMA SGS TECHNOLOGY LTD","100"
"18-SEP-2026","TATACHEM","TATA CHEMICALS LTD","1"
"18-SEP-2026","TCS","TATA CONSULTANCY SERV LT","1,575"
"18-SEP-2026","TDPOWERSYS","TD POWER SYSTEMS LTD.","73"
"18-SEP-2026","THANGAMAYL","THANGAMAYIL JEWELLERY LTD","240"
"18-SEP-2026","TIMEX","TIMEX GROUP INDIA LTD.","16"
"18-SEP-2026","TMPV","TATA MOTORS PASS VEH LTD","100"
"18-SEP-2026","ULTRACEMCO","ULTRATECH CEMENT LIMITED","274"
"18-SEP-2026","UNOMINDA","UNO MINDA LIMITED","1,106"
"18-SEP-2026","UPL","UPL LIMITED","17,582"
"18-SEP-2026","USHAMART","USHA MARTIN LTD.","1"
"18-SEP-2026","VEDL","VEDANTA LIMITED","21,850"
"18-SEP-2026","VIYASH","VIYASH SCIENTIFIC LIMITED","6"
"18-SEP-2026","VMM","VISHAL MEGA MART LIMITED","191"
"18-SEP-2026","WAAREEENER","WAAREE ENERGIES LIMITED","12,024"
"18-SEP-2026","WABAG","VA TECH WABAG LTD        ","2"
"18-SEP-2026","WELSPUNLIV","WELSPUN LIVING LIMITED","1"
"18-SEP-2026","WHIRLPOOL","WHIRLPOOL OF INDIA LTD   ","3"
"18-SEP-2026","WIPRO","WIPRO LTD","9,000"
"18-SEP-2026","YATHARTH","YATHARTH HOSP & TRA C S L","2"
"18-SEP-2026","ZEEL","ZEE ENTERTAINMENT ENT LTD","1"
"18-SEP-2026","ZYDUSLIFE","ZYDUS LIFESCIENCES","415"
"21-SEP-2026","ABB","ABB LTD.","9"
"21-SEP-2026","ABCAPITAL","ADITYA BIRLA CAPITAL LIMITED","1,000"
"21-SEP-2026","ACMESOLAR","ACME SOLAR HOLDINGS LTD","2,304"
"21-SEP-2026","ADANIENSOL","ADANI ENERGY SOLUTION LTD","2"
"21-SEP-2026","ADANIENT","ADANI ENTERPRISES LIMITED","15"
"21-SEP-2026","ADANIGREEN","ADANI GREEN ENERGY LTD","388"
"21-SEP-2026","ADANIPORTS","ADANI PORT & SEZ LTD","22"
"21-SEP-2026","ADANIPOWER","ADANI POWER LTD","82"
"21-SEP-2026","AEGISVOPAK","AEGIS VOPAK TERMINALS LTD","1"
"21-SEP-2026","AGARWALEYE","DR AGARWALS HEALTH CARE L","621"
"21-SEP-2026","AMBUJACEM","AMBUJA CEMENTS LTD","3,180"
"21-SEP-2026","ANGELONE","ANGEL ONE LTD","4,573"
"21-SEP-2026","APOLLO","APOLLO MICRO SYSTEMS LTD","200"
"21-SEP-2026","ASHOKA","ASHOKA BUILDCON LTD      ","1"
"21-SEP-2026","ASHOKLEY","ASHOK LEYLAND LTD","245"
"21-SEP-2026","ATHERENERG","ATHER ENERGY LIMITED","23,129"
"21-SEP-2026","AUROPHARMA","AUROBINDO PHARMA LTD","200"
"21-SEP-2026","AWFIS","AWFIS SPACE SOLUTIONS LTD","1"
"21-SEP-2026","AXISBANK","AXIS BANK LIMITED","45"
"21-SEP-2026","BAJAJ-AUTO","BAJAJ AUTO LIMITED","310"
"21-SEP-2026","BAJAJFINSV","BAJAJ FINSERV LIMITED","110"
"21-SEP-2026","BANDHANBNK","BANDHAN BANK LIMITED","1,361"
"21-SEP-2026","BEL","BHARAT ELECTRONICS LTD","1,180"
"21-SEP-2026","BELRISE","BELRISE INDUSTRIES LTD","2"
"21-SEP-2026","BHARATFORG","BHARAT FORGE LTD","478"
"21-SEP-2026","BHARTIARTL","BHARTI AIRTEL LIMITED","103"
"21-SEP-2026","BHEL","BHEL","6,292"
"21-SEP-2026","BIOCON","BIOCON LIMITED.","138"
"21-SEP-2026","BLACKBUCK","ZINKA LOGISTICS SOL LTD","1"
"21-SEP-2026","BLUESTARCO","BLUE STAR LIMITED","100"
"21-SEP-2026","BPCL","BHARAT PETROLEUM CORP  LT","103"
"21-SEP-2026","BSE","BSE LIMITED","215"
"21-SEP-2026","CANBK","CANARA BANK","182"
"21-SEP-2026","CARBORUNIV","CARBORUNDUM UNIVERSAL LTD    ","25"
"21-SEP-2026","CARERATING","CARE LIMITED","10"
"21-SEP-2026","CDSL","CENTRAL DEPOSITORY SERVICES (INDIA) LIMITED","28"
"21-SEP-2026","CGPOWER","CG POWER AND INDUSTRIAL SOLUTIONS LIMITED","1,277"
"21-SEP-2026","CIPLA","CIPLA LTD","831"
"21-SEP-2026","CMPDI","CENTRAL MINE P N D INST L","1"
"21-SEP-2026","COALINDIA","COALINDIA","50"
"21-SEP-2026","COCHINSHIP","COCHIN SHIPYARD LIMITED","77,673"
"21-SEP-2026","COFORGE","COFORGE LIMITED","1"
"21-SEP-2026","CONFIPET","CONFIDENCE PETRO IND LTD.","1"
"21-SEP-2026","CYIENTDLM","CYIENT DLM LIMITED","1"
"21-SEP-2026","DBL","DILIP BUILDCON LIMITED","1"
"21-SEP-2026","DEEPAKNTR","DEEPAK NITRITE LIMITED","2,500"
"21-SEP-2026","DELHIVERY","DELHIVERY LIMITED","345"
"21-SEP-2026","DLF","DLF LIMITED","2,080"
"21-SEP-2026","DMART","AVENUE SUPERMARTS LIMITED","840"
"21-SEP-2026","DRREDDY","DR. REDDY'S LABORATORIES","21,381"
"21-SEP-2026","EDELWEISS","EDELWEISS FIN SERV LTD","1"
"21-SEP-2026","EMBDL","EQUINOX INDIA DEV LTD","1,300"
"21-SEP-2026","EMCURE","EMCURE PHARMACEUTICALS L","1"
"21-SEP-2026","EPL","EPL","1"
"21-SEP-2026","ETERNAL","ETERNAL LIMITED","1,113"
"21-SEP-2026","FEDERALBNK","FEDERAL BANK LTD","52"
"21-SEP-2026","FLUOROCHEM","FLUOROCHEM","1,750"
"21-SEP-2026","FORTIS","FORTIS HEALTHCARE (I) LTD","550"
"21-SEP-2026","GAIL","GAIL (INDIA) LTD","187"
"21-SEP-2026","GENUSPOWER","GENUS POWER INFRASTRU LTD","1"
"21-SEP-2026","GIPCL","GUJ IND POW CO. LTD","500"
"21-SEP-2026","GMDCLTD","GUJARAT MINERAL DEV CORP","25"
"21-SEP-2026","GMRAIRPORT","GMR AIRPORTS LIMITED","1,590"
"21-SEP-2026","GODREJPROP","GODREJ PROPERTIES LTD","25"
"21-SEP-2026","GROWW","BILLIONBRAINS GARAGE VN L","2"
"21-SEP-2026","GVPIL","GE POWER INDIA LIMITED","399"
"21-SEP-2026","GVT&D","GE VERNOVA T&D INDIA LTD","17"
"21-SEP-2026","HAL","HINDUSTAN AERONAUTICS LTD","12"
"21-SEP-2026","HAVELLS","HAVELLS INDIA LIMITED","7,311"
"21-SEP-2026","HCLTECH","HCL TECHNOLOGIES LTD","1,025"
"21-SEP-2026","HDFCBANK","HDFC BANK LTD","9,634"
"21-SEP-2026","HDFCLIFE","HDFC STANDARD LIFE INSURANCE COMPANY LIMITED","279"
"21-SEP-2026","HEG","HEG LIMITED","82"
"21-SEP-2026","HEROMOTOCO","HERO MOTOCORP LTD","390"
"21-SEP-2026","HINDALCO","HINDALCO  INDUSTRIES  LTD","290"
"21-SEP-2026","HINDPETRO","HINDUSTAN PETROLEUM CORP","20"
"21-SEP-2026","HINDUNILVR","HINDUSTAN UNILEVER LTD.","49"
"21-SEP-2026","HINDZINC","HINDUSTAN ZINC LIMITED","1,592"
"21-SEP-2026","ICICIBANK","ICICI BANK LTD.","207"
"21-SEP-2026","ICICIGI","ICICI LOMBARD GENERAL INSURANCE COMPANY LIMITED","170"
"21-SEP-2026","ICICIPRULI","ICICI PRU LIFE INS CO LTD ","6"
"21-SEP-2026","IDEA","Vodafone Idea Limited","56,083"
"21-SEP-2026","IDFCFIRSTB","IDFC FIRST BANK LIMI","130"
"21-SEP-2026","IEX","INDIAN ENERGY EXCHANGE LIMITED","50"
"21-SEP-2026","INDIGO","INTERGLOBE AVIATION LTD  ","29"
"21-SEP-2026","INDUSINDBK","INDUSIND BANK LIMITED","23"
"21-SEP-2026","INDUSTOWER","INDUS","16"
"21-SEP-2026","INFY","INFOSYS TECHNOLOGIES LTD","368"
"21-SEP-2026","INOXWIND","INOX WIND LIMITED        ","8,360"
"21-SEP-2026","IOC","INDIAN OIL CORP LTD","1,507"
"21-SEP-2026","IRCON","IRCON","1"
"21-SEP-2026","IREDA","INDIAN RENEWABLE ENERGY","1,22,097"
"21-SEP-2026","IRFC","IRFC","199"
"21-SEP-2026","ITC","ITC LTD","1,621"
"21-SEP-2026","JASH","JASH ENGINEERING LIMITED","18"
"21-SEP-2026","JINDALSTEL","JINDAL STEEL & POWER LTD","148"
"21-SEP-2026","JIOFIN","JIO FIN SERVICES LTD","37"
"21-SEP-2026","JKPAPER","JK PAPER LIMITED","1"
"21-SEP-2026","JUBLFOOD","JUBILANT FOODWORKS LTD","90"
"21-SEP-2026","JUBLINGREA","JUBLINGREA","8,850"
"21-SEP-2026","JUSTDIAL","JUST DIAL LIMITED","1"
"21-SEP-2026","KALYANKJIL","KALYAN JEWELLERS IND LTD","213"
"21-SEP-2026","KAYNES","KAYNES TECHNOLOGY IND LTD","738"
"21-SEP-2026","KOTAKBANK","KOTAK MAHINDRA BANK LTD","3,143"
"21-SEP-2026","KPIGREEN","KPI GREEN ENERGY LIMITED","1,000"
"21-SEP-2026","KPITTECH","KPIT TECHNOLOGIES LTD","4,500"
"21-SEP-2026","LAURUSLABS","LAURUS LABS LIMITED","108"
"21-SEP-2026","LICHSGFIN","LIC HOUSING FINANCE LTD","53"
"21-SEP-2026","LICI","LIFE INSURA CORP OF INDIA","5,914"
"21-SEP-2026","LLOYDSENGG","LLOYDS ENGG WORK LIMITED","1"
"21-SEP-2026","LODHA","LODHA","274"
"21-SEP-2026","LT","LARSEN & TOUBRO LTD.","230"
"21-SEP-2026","LTF","L&T FINANCE LIMITED","4"
"21-SEP-2026","LUMAXTECH","LUMAX AUTO TECH LTD","2"
"21-SEP-2026","LUPIN","LUPIN LIMITED","1"
"21-SEP-2026","MAHABANK","MAHABANK","50"
"21-SEP-2026","MANAPPURAM","MANAPPURAM FINANCE LTD","202"
"21-SEP-2026","MANKIND","MANKIND PHARMA LIMITED","1,407"
"21-SEP-2026","MARICO","MARICO LIMITED","5"
"21-SEP-2026","MARKSANS","MARKSANS PHARMA LIMITED  ","1"
"21-SEP-2026","MAZDOCK","MAZAGON DOCK SHIPBUIL LTD","35"
"21-SEP-2026","MCX","MULTI COMMODITY EXCHANGE OF INDIA LIMITED","704"
"21-SEP-2026","MEESHO","MEESHO LIMITED","29,944"
"21-SEP-2026","MFSL","MAX FINANCIAL SERV LTD","33"
"21-SEP-2026","MOTHERSON","SAMVRDHNA MTHRSN INT","8,443"
"21-SEP-2026","MPHASIS","MPHASIS LIMITED","800"
"21-SEP-2026","NAM-INDIA","NIPPON L I A M LTD","1,000"
"21-SEP-2026","NATIONALUM","NATIONAL ALUMINIUM CO LTD","1,005"
"21-SEP-2026","NAUKRI","INFO EDGE (I) LTD","102"
"21-SEP-2026","NBCC","NATIONAL BUILDINGS LTD   ","19,884"
"21-SEP-2026","NESTLEIND","NESTLE INDIA LIMITED","123"
"21-SEP-2026","NORTHARC","NORTHERN ARC CAPITAL LTD","1"
"21-SEP-2026","NTPC","NTPC LTD","157"
"21-SEP-2026","NV20BEES","NIP IND ETF ETF NV20","222"
"21-SEP-2026","NYKAA","FSN E COMMERCE VENTURES","10"
"21-SEP-2026","OBEROIRLTY","OBEROI REALTY LIMITED","691"
"21-SEP-2026","OFSS","Oracle Financial Services Software Limited","39"
"21-SEP-2026","OIL","OIL INDIA LTD","400"
"21-SEP-2026","ONGC","OIL AND NATURAL GAS CORP.","9,079"
"21-SEP-2026","PAGEIND","PAGE INDUSTRIES LTD","6"
"21-SEP-2026","PARADEEP","PARADEEP PHOSPHATES LTD","1"
"21-SEP-2026","PARAGMILK","PARAG MILK FOODS LTD.   ","1"
"21-SEP-2026","PATANJALI","PATANJALI FOODS LIMITED","20,231"
"21-SEP-2026","PAYTM","ONE 97 COMMUNICATIONS LTD","515"
"21-SEP-2026","PCBL","PCBL LIMITED","2"
"21-SEP-2026","PETRONET","PETRONET LNG LIMITED","777"
"21-SEP-2026","PHOENIXLTD","THE PHOENIX MILLS LIMITED","488"
"21-SEP-2026","PNB","PUNJAB NATIONAL BANK","1,542"
"21-SEP-2026","PNBHOUSING","PNB HOUSING FIN LTD.   ","161"
"21-SEP-2026","PNCINFRA","PNC INFRATECH LTD.","3"
"21-SEP-2026","POCL","PONDY OXIDES & CHEM LTD","9"
"21-SEP-2026","POLICYBZR","PB FINTECH LIMITED","200"
"21-SEP-2026","PRAKASH","PRAKASH INDUSTRIES LIMITED","1"
"21-SEP-2026","PREMIERENE","PREMIER ENERGIES LIMITED","10,400"
"21-SEP-2026","PROTEAN","PROTEAN EGOV TECHNO LTD","2,33,443"
"21-SEP-2026","PVRINOX","PVR INOX Limited","1"
"21-SEP-2026","RAIN","RAIN INDUSTRIES LIMITED","1"
"21-SEP-2026","RELIANCE","RELIANCE INDUSTRIES LTD","335"
"21-SEP-2026","RVNL","RVNL","8,119"
"21-SEP-2026","SAGILITY","SAGILITY INDIA LIMITED","2,044"
"21-SEP-2026","SAMBHV","SAMBHV STEEL TUBES LTD","1,170"
"21-SEP-2026","SAPPHIRE","SAPPHIRE FOODS INDIA LTD","500"
"21-SEP-2026","SBILIFE","SBI LIFE INSURANCE COMPANY LIMITED","219"
"21-SEP-2026","SBIN","STATE BANK OF INDIA","311"
"21-SEP-2026","SENCO","SENCO GOLD LIMITED","599"
"21-SEP-2026","SHADOWFAX","SHADOWFAX TECHNOLOGIES L","1"
"21-SEP-2026","SHAKTIPUMP","SHAKTI PUMPS (I) LTD","175"
"21-SEP-2026","SHRIRAMFIN","SHRIRAM FINANCE LIMITED","8"
"21-SEP-2026","SIEMENS","SIEMENS LTD","3"
"21-SEP-2026","SIGNATURE","SIGNATUREGLOBAL INDIA LTD","30"
"21-SEP-2026","SOBHA","SOBHA DEVELOPERS LTD","70"
"21-SEP-2026","SOLARINDS","SOLAR INDUSTRIES (I) LTD","284"
"21-SEP-2026","SONACOMS","SONA BLW PRECISION FRGS L","450"
"21-SEP-2026","SUNPHARMA","SUN PHARMACEUTICALS IND.","1,486"
"21-SEP-2026","SUZLON","SUZLON ENERGY LIMITED","9,528"
"21-SEP-2026","SWIGGY","SWIGGY LIMITED","200"
"21-SEP-2026","SYNGENE","SYNGENE INTERNATIONAL LTD","1"
"21-SEP-2026","SYRMA","SYRMA SGS TECHNOLOGY LTD","27"
"21-SEP-2026","TATACHEM","TATA CHEMICALS LTD","1"
"21-SEP-2026","TATACONSUM","TATA CONSUMER PRODUCT","200"
"21-SEP-2026","TATAELXSI","TATA ELXSI LIMITED       ","59"
"21-SEP-2026","TATAPOWER","TATA POWER CO LTD","7,210"
"21-SEP-2026","TATASTEEL","TATA STEEL LIMITED","8,252"
"21-SEP-2026","TCS","TATA CONSULTANCY SERV LT","7,293"
"21-SEP-2026","TECHM","TECH MAHINDRA LIMITED","100"
"21-SEP-2026","TIMEX","TIMEX GROUP INDIA LTD.","5"
"21-SEP-2026","TITAN","TITAN INDUSTRIES LTD","112"
"21-SEP-2026","TMPV","TATA MOTORS PASS VEH LTD","548"
"21-SEP-2026","TORNTPHARM","TORRENT PHARMACEUTICALS L","49"
"21-SEP-2026","TVSMOTOR","TVS MOTOR COMPANY  LTD","5"
"21-SEP-2026","ULTRACEMCO","ULTRATECH CEMENT LIMITED","1"
"21-SEP-2026","UNIONBANK","UNION BANK OF INDIA","57"
"21-SEP-2026","UNITDSPR","UNITED SPIRITS LIMITED","163"
"21-SEP-2026","UNOMINDA","UNO MINDA LIMITED","527"
"21-SEP-2026","UPL","UPL LIMITED","45"
"21-SEP-2026","URBANCO","URBAN COMPANY LIMITED","1"
"21-SEP-2026","USHAMART","USHA MARTIN LTD.","3"
"21-SEP-2026","VBL","VARUN BEVERAGES LIMITED    ","280"
"21-SEP-2026","VEDL","VEDANTA LIMITED","202"
"21-SEP-2026","VIYASH","VIYASH SCIENTIFIC LIMITED","2"
"21-SEP-2026","VMM","VISHAL MEGA MART LIMITED","105"
"21-SEP-2026","VOLTAS","VOLTAS LTD","197"
"21-SEP-2026","WAAREEENER","WAAREE ENERGIES LIMITED","3,150"
"21-SEP-2026","WELSPUNLIV","WELSPUN LIVING LIMITED","1"
"21-SEP-2026","WIPRO","WIPRO LTD","86,231"
"21-SEP-2026","YESBANK","YES BANK LIMITED","1,874"
"21-SEP-2026","ZYDUSLIFE","ZYDUS LIFESCIENCES","100"
"22-SEP-2026","63MOONS","63 MOONS TECHNOLOGIES LTD","5"
"22-SEP-2026","ACMESOLAR","ACME SOLAR HOLDINGS LTD","2,304"
"22-SEP-2026","ADANIGREEN","ADANI GREEN ENERGY LTD","150"
"22-SEP-2026","AEGISLOG","AEGIS LOGISTICS LIMITED","5"
"22-SEP-2026","AFCONS","AFCONS INFRASTRUCTURE LTD","10"
"22-SEP-2026","AGARWALEYE","DR AGARWALS HEALTH CARE L","345"
"22-SEP-2026","AMBUJACEM","AMBUJA CEMENTS LTD","76"
"22-SEP-2026","ATHERENERG","ATHER ENERGY LIMITED","59,569"
"22-SEP-2026","AXISBANK","AXIS BANK LIMITED","500"
"22-SEP-2026","BAJAJ-AUTO","BAJAJ AUTO LIMITED","10"
"22-SEP-2026","BAJAJHFL","BAJAJ HOUSING FINANCE LTD","100"
"22-SEP-2026","BAJAJHIND","BAJAJ HINDUSTAN LTD","500"
"22-SEP-2026","BAJFINANCE","BAJAJ FINANCE LIMITED","10"
"22-SEP-2026","BANDHANBNK","BANDHAN BANK LIMITED","777"
"22-SEP-2026","BDL","BHARAT DYNAMICS LIMITED","9,785"
"22-SEP-2026","BELRISE","BELRISE INDUSTRIES LTD","1"
"22-SEP-2026","BHARATFORG","BHARAT FORGE LTD","43"
"22-SEP-2026","BHARTIARTL","BHARTI AIRTEL LIMITED","4"
"22-SEP-2026","BHEL","BHEL","100"
"22-SEP-2026","BIOCON","BIOCON LIMITED.","584"
"22-SEP-2026","BLS","BLS INTL SERVS LTD","1"
"22-SEP-2026","BLUESTARCO","BLUE STAR LIMITED","2,925"
"22-SEP-2026","BOSCHLTD","BOSCH LIMITED","1"
"22-SEP-2026","BRIGADE","BRIGADE ENTER. LTD","14"
"22-SEP-2026","BSE","BSE LIMITED","2"
"22-SEP-2026","CEMPRO","CEMINDIA PROJECTS LIMITED","64"
"22-SEP-2026","CGPOWER","CG POWER AND INDUSTRIAL SOLUTIONS LIMITED","109"
"22-SEP-2026","CHEMPLASTS","CHEMPLAST SANMAR LIMITED","1"
"22-SEP-2026","COALINDIA","COALINDIA","124"
"22-SEP-2026","COCHINSHIP","COCHIN SHIPYARD LIMITED","19,700"
"22-SEP-2026","CUPID","CUPID LIMITED","1"
"22-SEP-2026","DELHIVERY","DELHIVERY LIMITED","50"
"22-SEP-2026","DIXON","DIXON TECHNO (INDIA) LTD","106"
"22-SEP-2026","DLF","DLF LIMITED","656"
"22-SEP-2026","DMART","AVENUE SUPERMARTS LIMITED","31"
"22-SEP-2026","DRREDDY","DR. REDDY'S LABORATORIES","40,000"
"22-SEP-2026","ECLERX","ECLERX SERVICES LTD ","25"
"22-SEP-2026","EDELWEISS","EDELWEISS FIN SERV LTD","1"
"22-SEP-2026","ELIQUID","EDELAMC - ELIQUID","95"
"22-SEP-2026","EMBDL","EQUINOX INDIA DEV LTD","1,301"
"22-SEP-2026","ENGINERSIN","ENGINEERS INDIA LTD","1"
"22-SEP-2026","ERIS","ERIS LIFESCIENCES LIMITED","31"
"22-SEP-2026","ETERNAL","ETERNAL LIMITED","269"
"22-SEP-2026","FORTIS","FORTIS HEALTHCARE (I) LTD","417"
"22-SEP-2026","GMRAIRPORT","GMR AIRPORTS LIMITED","900"
"22-SEP-2026","GODFRYPHLP","GODFREY PHILLIPS INDIA LT","8,525"
"22-SEP-2026","GRAPHITE","GRAPHITE INDIA LIMITED","10"
"22-SEP-2026","GREAVESCOT","GREAVES COTTON LTD","15"
"22-SEP-2026","GVT&D","GE VERNOVA T&D INDIA LTD","21"
"22-SEP-2026","HAVELLS","HAVELLS INDIA LIMITED","2,000"
"22-SEP-2026","HCLTECH","HCL TECHNOLOGIES LTD","102"
"22-SEP-2026","HDFCBANK","HDFC BANK LTD","438"
"22-SEP-2026","HDFCVALUE","HDFCAMC - HDFCVALUE","7,500"
"22-SEP-2026","HEROMOTOCO","HERO MOTOCORP LTD","10"
"22-SEP-2026","HINDZINC","HINDUSTAN ZINC LIMITED","125"
"22-SEP-2026","ICICIGI","ICICI LOMBARD GENERAL INSURANCE COMPANY LIMITED","1"
"22-SEP-2026","IDEA","Vodafone Idea Limited","3,026"
"22-SEP-2026","IDFCFIRSTB","IDFC FIRST BANK LIMI","25"
"22-SEP-2026","IFCI","IFCI LTD","152"
"22-SEP-2026","IIFL","IIFL HOLDINGS LIMITED","111"
"22-SEP-2026","INDIANB","INDIAN BANK","240"
"22-SEP-2026","INDIGO","INTERGLOBE AVIATION LTD  ","18"
"22-SEP-2026","IREDA","INDIAN RENEWABLE ENERGY","18,245"
"22-SEP-2026","IXIGO","LE TRAVENUES TECHNOLOGY L","1"
"22-SEP-2026","JAINREC","JAIN RESOURCE RECYCLING L","44"
"22-SEP-2026","JINDALSTEL","JINDAL STEEL & POWER LTD","5"
"22-SEP-2026","JIOFIN","JIO FIN SERVICES LTD","100"
"22-SEP-2026","JSWINFRA","JSW INFRASTRUCTURE LTD","3"
"22-SEP-2026","KAYNES","KAYNES TECHNOLOGY IND LTD","1,950"
"22-SEP-2026","KFINTECH","KFIN TECHNOLOGIES LIMITED","575"
"22-SEP-2026","KOTAKBANK","KOTAK MAHINDRA BANK LTD","3,627"
"22-SEP-2026","KPITTECH","KPIT TECHNOLOGIES LTD","300"
"22-SEP-2026","LATENTVIEW","LATENT VIEW ANALYTICS LTD","1"
"22-SEP-2026","LAURUSLABS","LAURUS LABS LIMITED","50"
"22-SEP-2026","LENSKART","LENSKART SOLUTIONS LTD","1,000"
"22-SEP-2026","LICHSGFIN","LIC HOUSING FINANCE LTD","53"
"22-SEP-2026","LICNMID100","LICNAMC - LICNMID100","1"
"22-SEP-2026","LLOYDSENGG","LLOYDS ENGG WORK LIMITED","1"
"22-SEP-2026","LT","LARSEN & TOUBRO LTD.","14"
"22-SEP-2026","LTM","LTIMINDTREE LIMITED","1,200"
"22-SEP-2026","MANKIND","MANKIND PHARMA LIMITED","653"
"22-SEP-2026","MAZDOCK","MAZAGON DOCK SHIPBUIL LTD","675"
"22-SEP-2026","MCX","MULTI COMMODITY EXCHANGE OF INDIA LIMITED","176"
"22-SEP-2026","MEDIASSIST","MEDI ASSIST HEALTH SER L","1"
"22-SEP-2026","MOTHERSON","SAMVRDHNA MTHRSN INT","89"
"22-SEP-2026","NAM-INDIA","NIPPON L I A M LTD","656"
"22-SEP-2026","NAUKRI","INFO EDGE (I) LTD","22"
"22-SEP-2026","NAVINFLUOR","NAVIN FLUORINE INT. LTD","2"
"22-SEP-2026","NBCC","NATIONAL BUILDINGS LTD   ","1,700"
"22-SEP-2026","NTPCGREEN","NTPC GREEN ENERGY LIMITED","2"
"22-SEP-2026","NV20BEES","NIP IND ETF ETF NV20","10"
"22-SEP-2026","OBEROIRLTY","OBEROI REALTY LIMITED","6"
"22-SEP-2026","OFSS","Oracle Financial Services Software Limited","200"
"22-SEP-2026","ONGC","OIL AND NATURAL GAS CORP.","7"
"22-SEP-2026","ORCHPHARMA","ORCHID PHARMA LIMITED","10"
"22-SEP-2026","PAGEIND","PAGE INDUSTRIES LTD","5"
"22-SEP-2026","PARADEEP","PARADEEP PHOSPHATES LTD","1"
"22-SEP-2026","PATANJALI","PATANJALI FOODS LIMITED","6,399"
"22-SEP-2026","PAYTM","ONE 97 COMMUNICATIONS LTD","7"
"22-SEP-2026","PHOENIXLTD","THE PHOENIX MILLS LIMITED","207"
"22-SEP-2026","PIIND","PI INDUSTRIES LTD        ","10,608"
"22-SEP-2026","PNBHOUSING","PNB HOUSING FIN LTD.   ","2"
"22-SEP-2026","POLYCAB","POLYCAB INDIA LIMITED","40"
"22-SEP-2026","PRAJIND","PRAJ INDUSTRIES LTD","1"
"22-SEP-2026","PROTEAN","PROTEAN EGOV TECHNO LTD","2,013"
"22-SEP-2026","RAIN","RAIN INDUSTRIES LIMITED","2"
"22-SEP-2026","RAYMOND","RAYMOND LIMITED","100"
"22-SEP-2026","RBA","RESTAURANT BRAND ASIA LTD","1"
"22-SEP-2026","RBLBANK","RBL BANK LIMITED    ","200"
"22-SEP-2026","RELIANCE","RELIANCE INDUSTRIES LTD","10"
"22-SEP-2026","RHIM","RHI MAGNESITA INDIA LTD","33"
"22-SEP-2026","SAILIFE","SAI LIFE SCIENCES LIMITED","100"
"22-SEP-2026","SAMMAANCAP","SAMMAAN CAPITAL LIMITED","208"
"22-SEP-2026","SHADOWFAX","SHADOWFAX TECHNOLOGIES L","4"
"22-SEP-2026","SHAKTIPUMP","SHAKTI PUMPS (I) LTD","170"
"22-SEP-2026","SUNPHARMA","SUN PHARMACEUTICALS IND.","108"
"22-SEP-2026","SUZLON","SUZLON ENERGY LIMITED","2"
"22-SEP-2026","SWIGGY","SWIGGY LIMITED","246"
"22-SEP-2026","TATACHEM","TATA CHEMICALS LTD","7"
"22-SEP-2026","TATAPOWER","TATA POWER CO LTD","263"
"22-SEP-2026","TATASTEEL","TATA STEEL LIMITED","181"
"22-SEP-2026","TATATECH","TATA TECHNOLOGIES LIMITED","2,000"
"22-SEP-2026","TECHM","TECH MAHINDRA LIMITED","17"
"22-SEP-2026","TEXRAIL","TEXMACO RAIL & ENG. LTD. ","1"
"22-SEP-2026","TIMEX","TIMEX GROUP INDIA LTD.","530"
"22-SEP-2026","TITAN","TITAN INDUSTRIES LTD","41"
"22-SEP-2026","TRANSRAILL","TRANSRAIL LIGHTING LTD","7"
"22-SEP-2026","UNITDSPR","UNITED SPIRITS LIMITED","1"
"22-SEP-2026","URBANCO","URBAN COMPANY LIMITED","1"
"22-SEP-2026","VEDL","VEDANTA LIMITED","9"
"22-SEP-2026","VOLTAS","VOLTAS LTD","132"
"22-SEP-2026","WELSPUNLIV","WELSPUN LIVING LIMITED","1"
"22-SEP-2026","ZYDUSLIFE","ZYDUS LIFESCIENCES","21"
"23-SEP-2026","ADANIPORTS","ADANI PORT & SEZ LTD","1,056"
"23-SEP-2026","AGARWALEYE","DR AGARWALS HEALTH CARE L","23"
"23-SEP-2026","AMBER","AMBER ENTERPRISES (I) LTD","20"
"23-SEP-2026","ANANTRAJ","ANANT RAJ LIMITED","2,000"
"23-SEP-2026","APOLLOHOSP","APOLLO HOSPITALS ENTERPRISE LIMITED","60"
"23-SEP-2026","ASHOKLEY","ASHOK LEYLAND LTD","150"
"23-SEP-2026","ASIANPAINT","ASIAN PAINTS LIMITED","110"
"23-SEP-2026","BAJAJCON","BAJAJ CONSUMER CARE LTD","35"
"23-SEP-2026","BAJFINANCE","BAJAJ FINANCE LIMITED","66"
"23-SEP-2026","BANDHANBNK","BANDHAN BANK LIMITED","1,803"
"23-SEP-2026","BELRISE","BELRISE INDUSTRIES LTD","1"
"23-SEP-2026","BHARATFORG","BHARAT FORGE LTD","169"
"23-SEP-2026","BIOCON","BIOCON LIMITED.","115"
"23-SEP-2026","BPCL","BHARAT PETROLEUM CORP  LT","1,383"
"23-SEP-2026","BSE","BSE LIMITED","6"
"23-SEP-2026","CAMS","COMPUTER AGE MGMT SER LTD","1"
"23-SEP-2026","CMPDI","CENTRAL MINE P N D INST L","300"
"23-SEP-2026","COALINDIA","COALINDIA","2"
"23-SEP-2026","COCHINSHIP","COCHIN SHIPYARD LIMITED","800"
"23-SEP-2026","CONCOR","CONTAINER CORP OF IND LTD","200"
"23-SEP-2026","CPPLUS","ADITYA INFOTECH LIMITED","52"
"23-SEP-2026","CUB","CITY UNION BANK LTD      ","1"
"23-SEP-2026","CUPID","CUPID LIMITED","500"
"23-SEP-2026","EDELWEISS","EDELWEISS FIN SERV LTD","1"
"23-SEP-2026","EMBDL","EQUINOX INDIA DEV LTD","1"
"23-SEP-2026","ETERNAL","ETERNAL LIMITED","200"
"23-SEP-2026","FACT","FACT LTD","1"
"23-SEP-2026","GIPCL","GUJ IND POW CO. LTD","500"
"23-SEP-2026","GMRAIRPORT","GMR AIRPORTS LIMITED","4"
"23-SEP-2026","GODREJPROP","GODREJ PROPERTIES LTD","253"
"23-SEP-2026","GREAVESCOT","GREAVES COTTON LTD","1"
"23-SEP-2026","HBLENGINE","HBL ENGINEERING LTD","300"
"23-SEP-2026","HDFCBANK","HDFC BANK LTD","20"
"23-SEP-2026","HDFCSML250","HDFCAMC - HDFCSML250","1"
"23-SEP-2026","HEROMOTOCO","HERO MOTOCORP LTD","263"
"23-SEP-2026","ICICIGI","ICICI LOMBARD GENERAL INSURANCE COMPANY LIMITED","77"
"23-SEP-2026","IDBI","IDBI Bank Limited","25"
"23-SEP-2026","IDFCFIRSTB","IDFC FIRST BANK LIMI","200"
"23-SEP-2026","IFCI","IFCI LTD","202"
"23-SEP-2026","INDIGO","INTERGLOBE AVIATION LTD  ","1"
"23-SEP-2026","IOC","INDIAN OIL CORP LTD","100"
"23-SEP-2026","ITC","ITC LTD","2,550"
"23-SEP-2026","IXIGO","LE TRAVENUES TECHNOLOGY L","51"
"23-SEP-2026","JAINREC","JAIN RESOURCE RECYCLING L","1"
"23-SEP-2026","JKIL","J.KUMAR INFRAPROJECTS LIMITED","200"
"23-SEP-2026","JSWDULUX","JSW DULUX LIMITED","150"
"23-SEP-2026","KAYNES","KAYNES TECHNOLOGY IND LTD","300"
"23-SEP-2026","KEI","KEI INDUSTRIES LTD.      ","166"
"23-SEP-2026","KITEX","KITEX GARMENTS LTD       ","1"
"23-SEP-2026","KTKBANK","KARNATAKA BANK LIMITED","3"
"23-SEP-2026","LAURUSLABS","LAURUS LABS LIMITED","3"
"23-SEP-2026","LGBBROSLTD","LG BALAKRISHNAN & BROS","1,700"
"23-SEP-2026","LIQUIDBEES","NIP IND ETF LIQUID BEES","1"
"23-SEP-2026","LLOYDSENGG","LLOYDS ENGG WORK LIMITED","5,013"
"23-SEP-2026","LLOYDSENT","LLOYDS ENTERPRISES LTD","3"
"23-SEP-2026","LTM","LTIMINDTREE LIMITED","13,200"
"23-SEP-2026","MARINE","MARINE ELECTRICAL (I) LTD","2"
"23-SEP-2026","MASPTOP50","MIRAEAMC - MASPTOP50","1"
"23-SEP-2026","MAZDOCK","MAZAGON DOCK SHIPBUIL LTD","225"
"23-SEP-2026","MCX","MULTI COMMODITY EXCHANGE OF INDIA LIMITED","79"
"23-SEP-2026","MOLDTKPAC","MOLD-TEK PACKAGING LTD","1"
"23-SEP-2026","NATIONALUM","NATIONAL ALUMINIUM CO LTD","50"
"23-SEP-2026","NORTHARC","NORTHERN ARC CAPITAL LTD","200"
"23-SEP-2026","NUVAMA","NUVAMA WEALTH MANAGE LTD","50"
"23-SEP-2026","PARAGMILK","PARAG MILK FOODS LTD.   ","1"
"23-SEP-2026","PATANJALI","PATANJALI FOODS LIMITED","1"
"23-SEP-2026","PAYTM","ONE 97 COMMUNICATIONS LTD","29"
"23-SEP-2026","PENIND","PENNAR INDUSTRIES LTD","1"
"23-SEP-2026","PETRONET","PETRONET LNG LIMITED","26,170"
"23-SEP-2026","PHOENIXLTD","THE PHOENIX MILLS LIMITED","14"
"23-SEP-2026","PIIND","PI INDUSTRIES LTD        ","175"
"23-SEP-2026","POLICYBZR","PB FINTECH LIMITED","2"
"23-SEP-2026","POWERGRID","POWER GRID CORP. LTD.","3"
"23-SEP-2026","PRAJIND","PRAJ INDUSTRIES LTD","1"
"23-SEP-2026","PROTEAN","PROTEAN EGOV TECHNO LTD","250"
"23-SEP-2026","RADICO","RADICO KHAITAN LIMITED","62"
"23-SEP-2026","RAIN","RAIN INDUSTRIES LIMITED","1"
"23-SEP-2026","RBLBANK","RBL BANK LIMITED    ","1"
"23-SEP-2026","REDINGTON","REDINGTON (INDIA) LTD.","1"
"23-SEP-2026","RELIANCE","RELIANCE INDUSTRIES LTD","500"
"23-SEP-2026","RPOWER","RELIANCE POWER LTD.","700"
"23-SEP-2026","SAIL","STEEL AUTHORITY OF INDIA","2,185"
"23-SEP-2026","SHADOWFAX","SHADOWFAX TECHNOLOGIES L","1"
"23-SEP-2026","SUNFLAG","SUNFLAG IRON AND STEEL CO","8,811"
"23-SEP-2026","SWIGGY","SWIGGY LIMITED","1"
"23-SEP-2026","TEXRAIL","TEXMACO RAIL & ENG. LTD. ","3"
"23-SEP-2026","URBANCO","URBAN COMPANY LIMITED","1"
"23-SEP-2026","VEDL","VEDANTA LIMITED","50"
"23-SEP-2026","WELSPUNLIV","WELSPUN LIVING LIMITED","1"
"23-SEP-2026","WHIRLPOOL","WHIRLPOOL OF INDIA LTD   ","1,96,836"
"23-SEP-2026","ZEEL","ZEE ENTERTAINMENT ENT LTD","5"
"24-SEP-2026","360ONE","360 ONE WAM LIMITED","1"
"24-SEP-2026","ABDL","ALLIED BLEND N DISTILS L","9,251"
"24-SEP-2026","ADANIGREEN","ADANI GREEN ENERGY LTD","142"
"24-SEP-2026","ANANTRAJ","ANANT RAJ LIMITED","650"
"24-SEP-2026","ASHOKLEY","ASHOK LEYLAND LTD","50"
"24-SEP-2026","ASIANPAINT","ASIAN PAINTS LIMITED","3"
"24-SEP-2026","AXISBANK","AXIS BANK LIMITED","3"
"24-SEP-2026","BAJAJHLDNG","BAJAJ HOLDINGS & INVS LTD","75"
"24-SEP-2026","BAJFINANCE","BAJAJ FINANCE LIMITED","66"
"24-SEP-2026","BANDHANBNK","BANDHAN BANK LIMITED","675"
"24-SEP-2026","BDL","BHARAT DYNAMICS LIMITED","24"
"24-SEP-2026","BEL","BHARAT ELECTRONICS LTD","5"
"24-SEP-2026","BPCL","BHARAT PETROLEUM CORP  LT","95"
"24-SEP-2026","CANHLIFE","CANARA HSBC LIFE INS CO L","483"
"24-SEP-2026","CHAMBLFERT","CHAMBAL FERTILIZERS LTD","100"
"24-SEP-2026","CHOLAFIN","CHOLAMANDALAM IN & FIN CO","1"
"24-SEP-2026","CUPID","CUPID LIMITED","1"
"24-SEP-2026","DYNAMATECH","DYNAMATIC TECHNOLOGIES","1"
"24-SEP-2026","FIRSTCRY","BRAINBEES SOLUTIONS LTD","1"
"24-SEP-2026","FSL","FIRSTSOURCE SOLU. LTD.","1"
"24-SEP-2026","GARFIBRES","GARWARE TECH FIBRES LTD","10"
"24-SEP-2026","GESHIP","THE GE SHPG.LTD","450"
"24-SEP-2026","GODIGIT","GO DIGIT GENERAL INS LTD","65"
"24-SEP-2026","GREAVESCOT","GREAVES COTTON LTD","1"
"24-SEP-2026","HAVELLS","HAVELLS INDIA LIMITED","1,100"
"24-SEP-2026","HEROMOTOCO","HERO MOTOCORP LTD","12,252"
"24-SEP-2026","HYUNDAI","HYUNDAI MOTOR INDIA LTD","22"
"24-SEP-2026","ICICIGI","ICICI LOMBARD GENERAL INSURANCE COMPANY LIMITED","15"
"24-SEP-2026","ICICIPRULI","ICICI PRU LIFE INS CO LTD ","18"
"24-SEP-2026","IIFL","IIFL HOLDINGS LIMITED","1,000"
"24-SEP-2026","INDIAGLYCO","INDIA GLYCOLS LTD","4,375"
"24-SEP-2026","INDUSINDBK","INDUSIND BANK LIMITED","2"
"24-SEP-2026","INDUSTOWER","INDUS","1"
"24-SEP-2026","ITC","ITC LTD","200"
"24-SEP-2026","JASH","JASH ENGINEERING LIMITED","5"
"24-SEP-2026","JPPOWER","JAIPRAKASH POWER VEN. LTD","1"
"24-SEP-2026","JSWENERGY","JSW ENERGY LIMITED","15"
"24-SEP-2026","KAYNES","KAYNES TECHNOLOGY IND LTD","450"
"24-SEP-2026","KDDL","KDDL LIMITED","25"
"24-SEP-2026","KOTAKBANK","KOTAK MAHINDRA BANK LTD","5,123"
"24-SEP-2026","KRBL","KRBL LIMITED","1"
"24-SEP-2026","KTKBANK","KARNATAKA BANK LIMITED","1"
"24-SEP-2026","LAURUSLABS","LAURUS LABS LIMITED","13"
"24-SEP-2026","LIQUIDBEES","NIP IND ETF LIQUID BEES","344"
"24-SEP-2026","LLOYDSENT","LLOYDS ENTERPRISES LTD","1"
"24-SEP-2026","LT","LARSEN & TOUBRO LTD.","150"
"24-SEP-2026","LTF","L&T FINANCE LIMITED","1,57,502"
"24-SEP-2026","MANGLMCEM","MANGALAM CEMENT LTD","1,000"
"24-SEP-2026","MARINE","MARINE ELECTRICAL (I) LTD","2"
"24-SEP-2026","MARKSANS","MARKSANS PHARMA LIMITED  ","1"
"24-SEP-2026","MAZDOCK","MAZAGON DOCK SHIPBUIL LTD","225"
"24-SEP-2026","MCX","MULTI COMMODITY EXCHANGE OF INDIA LIMITED","15"
"24-SEP-2026","NATIONALUM","NATIONAL ALUMINIUM CO LTD","2,000"
"24-SEP-2026","NOCIL","NOCIL LIMITED            ","30,000"
"24-SEP-2026","NTPCGREEN","NTPC GREEN ENERGY LIMITED","1,000"
"24-SEP-2026","OLAELEC","OLA ELECTRIC MOBILITY LTD","1"
"24-SEP-2026","PAISALO","PAISALO DIGITAL LIMITED","1"
"24-SEP-2026","PCJEWELLER","PC JEWELLER LTD          ","1,000"
"24-SEP-2026","PIIND","PI INDUSTRIES LTD        ","1,070"
"24-SEP-2026","POLICYBZR","PB FINTECH LIMITED","1"
"24-SEP-2026","POLYCAB","POLYCAB INDIA LIMITED","16"
"24-SEP-2026","PROTEAN","PROTEAN EGOV TECHNO LTD","1"
"24-SEP-2026","RAYMOND","RAYMOND LIMITED","1"
"24-SEP-2026","RAYMONDREL","RAYMOND REALTY LIMITED","100"
"24-SEP-2026","REDINGTON","REDINGTON (INDIA) LTD.","10"
"24-SEP-2026","RRKABEL","R R KABEL LIMITED","1"
"24-SEP-2026","SAIL","STEEL AUTHORITY OF INDIA","1"
"24-SEP-2026","SBIN","STATE BANK OF INDIA","6"
"24-SEP-2026","SEDEMAC","SEDEMAC MECHATRONICS LTD","3"
"24-SEP-2026","SUZLON","SUZLON ENERGY LIMITED","70"
"24-SEP-2026","ULTRACEMCO","ULTRATECH CEMENT LIMITED","3,150"
"24-SEP-2026","VARROC","VARROC ENGINEERING LTD.","47"
"24-SEP-2026","VEDL","VEDANTA LIMITED","10,500"
"24-SEP-2026","WHIRLPOOL","WHIRLPOOL OF INDIA LTD   ","7,962"
"24-SEP-2026","YESBANK","YES BANK LIMITED","1"
"25-SEP-2026","ABCAPITAL","ADITYA BIRLA CAPITAL LIMITED","144"
"25-SEP-2026","ADANIGREEN","ADANI GREEN ENERGY LTD","98"
"25-SEP-2026","ADANIPORTS","ADANI PORT & SEZ LTD","56"
"25-SEP-2026","AETHER","AETHER INDUSTRIES LIMITED","200"
"25-SEP-2026","ANURAS","ANUPAM RASAYAN INDIA LTD","1"
"25-SEP-2026","APTUS","APTUS VALUE HSG FIN I LTD","1"
"25-SEP-2026","ASHOKLEY","ASHOK LEYLAND LTD","500"
"25-SEP-2026","ATHERENERG","ATHER ENERGY LIMITED","375"
"25-SEP-2026","BANDHANBNK","BANDHAN BANK LIMITED","169"
"25-SEP-2026","BANKINDIA","BANK OF INDIA","180"
"25-SEP-2026","BHEL","BHEL","272"
"25-SEP-2026","BIOCON","BIOCON LIMITED.","1,315"
"25-SEP-2026","BLUESTARCO","BLUE STAR LIMITED","3"
"25-SEP-2026","BSE","BSE LIMITED","800"
"25-SEP-2026","CARBORUNIV","CARBORUNDUM UNIVERSAL LTD    ","430"
"25-SEP-2026","CIPLA","CIPLA LTD","71"
"25-SEP-2026","COALINDIA","COALINDIA","693"
"25-SEP-2026","CONFIPET","CONFIDENCE PETRO IND LTD.","46"
"25-SEP-2026","CRAFTSMAN","CRAFTSMAN AUTOMATION LTD","46"
"25-SEP-2026","CUMMINSIND","CUMMINS INDIA LTD","6"
"25-SEP-2026","DCBBANK","DCB BANK LIMITED","1"
"25-SEP-2026","DELTACORP","DELTACORP","2,200"
"25-SEP-2026","DLF","DLF LIMITED","98"
"25-SEP-2026","ENGINERSIN","ENGINEERS INDIA LTD","50"
"25-SEP-2026","ETERNAL","ETERNAL LIMITED","24"
"25-SEP-2026","FCL","FINEOTEX CHEMICAL LIMITED","2"
"25-SEP-2026","FORCEMOT","FORCE MOTORS LIMITED","675"
"25-SEP-2026","GENUSPOWER","GENUS POWER INFRASTRU LTD","21"
"25-SEP-2026","GMRP&UI","GMR POW AND URBAN INFRA L","1"
"25-SEP-2026","GODIGIT","GO DIGIT GENERAL INS LTD","1"
"25-SEP-2026","GOLDIAM","GOLDIAM INTERNATIONAL LTD","1"
"25-SEP-2026","GRASIM","GRASIM INDUSTRIES LTD","2"
"25-SEP-2026","GREAVESCOT","GREAVES COTTON LTD","1,140"
"25-SEP-2026","HCLTECH","HCL TECHNOLOGIES LTD","65"
"25-SEP-2026","HDFCBANK","HDFC BANK LTD","9"
"25-SEP-2026","HEROMOTOCO","HERO MOTOCORP LTD","10,14,383"
"25-SEP-2026","IDEA","Vodafone Idea Limited","4,377"
"25-SEP-2026","IDFCFIRSTB","IDFC FIRST BANK LIMI","5,642"
"25-SEP-2026","IREDA","INDIAN RENEWABLE ENERGY","20"
"25-SEP-2026","JUBLINGREA","JUBLINGREA","19"
"25-SEP-2026","JUNIORBEES","GOLDMAN SACHS NIFTY JUNIOR EXCHANGE TRADED SCHEME","230"
"25-SEP-2026","KAYNES","KAYNES TECHNOLOGY IND LTD","26"
"25-SEP-2026","KEI","KEI INDUSTRIES LTD.      ","30"
"25-SEP-2026","KIRIINDUS","KIRIINDUS","49"
"25-SEP-2026","LIQUIDBEES","NIP IND ETF LIQUID BEES","108"
"25-SEP-2026","LLOYDSENT","LLOYDS ENTERPRISES LTD","2"
"25-SEP-2026","LT","LARSEN & TOUBRO LTD.","25"
"25-SEP-2026","MANAPPURAM","MANAPPURAM FINANCE LTD","50"
"25-SEP-2026","MARICO","MARICO LIMITED","2"
"25-SEP-2026","MAZDOCK","MAZAGON DOCK SHIPBUIL LTD","900"
"25-SEP-2026","MFSL","MAX FINANCIAL SERV LTD","242"
"25-SEP-2026","MONIFTY100","MOTILALAMC - MONIFTY100","1"
"25-SEP-2026","NATIONALUM","NATIONAL ALUMINIUM CO LTD","1,302"
"25-SEP-2026","NIVABUPA","NIVA BUPA HEALTH INS CO L","1"
"25-SEP-2026","NYKAA","FSN E COMMERCE VENTURES","2,241"
"25-SEP-2026","OFSS","Oracle Financial Services Software Limited","10"
"25-SEP-2026","OLAELEC","OLA ELECTRIC MOBILITY LTD","250"
"25-SEP-2026","PARAGMILK","PARAG MILK FOODS LTD.   ","2"
"25-SEP-2026","PHOENIXLTD","THE PHOENIX MILLS LIMITED","61"
"25-SEP-2026","POLICYBZR","PB FINTECH LIMITED","285"
"25-SEP-2026","PROTEAN","PROTEAN EGOV TECHNO LTD","364"
"25-SEP-2026","RAYMOND","RAYMOND LIMITED","34"
"25-SEP-2026","RBA","RESTAURANT BRAND ASIA LTD","1"
"25-SEP-2026","RVNL","RVNL","9"
"25-SEP-2026","SHADOWFAX","SHADOWFAX TECHNOLOGIES L","10"
"25-SEP-2026","SHILPAMED","SHILPA MEDICARE LTD","1"
"25-SEP-2026","SHRIRAMFIN","SHRIRAM FINANCE LIMITED","92"
"25-SEP-2026","SOLARINDS","SOLAR INDUSTRIES (I) LTD","5"
"25-SEP-2026","SPARC","SUN PHARMA ADV.RES.CO.LTD","400"
"25-SEP-2026","STARHEALTH","STAR HEALTH & AL INS CO L","200"
"25-SEP-2026","SUNFLAG","SUNFLAG IRON AND STEEL CO","1"
"25-SEP-2026","SYRMA","SYRMA SGS TECHNOLOGY LTD","249"
"25-SEP-2026","TATACONSUM","TATA CONSUMER PRODUCT","101"
"25-SEP-2026","TCS","TATA CONSULTANCY SERV LT","450"
"25-SEP-2026","TECHM","TECH MAHINDRA LIMITED","100"
"25-SEP-2026","TEXRAIL","TEXMACO RAIL & ENG. LTD. ","1"
"25-SEP-2026","TMCV","TATA MOTORS LIMITED","1"
"25-SEP-2026","TRAVELFOOD","TRAVEL FOOD SERVICES LTD","40"
"25-SEP-2026","VOLTAS","VOLTAS LTD","108"
"25-SEP-2026","WABAG","VA TECH WABAG LTD        ","100"
"25-SEP-2026","WHIRLPOOL","WHIRLPOOL OF INDIA LTD   ","40"
"25-SEP-2026","YESBANK","YES BANK LIMITED","2"
"25-SEP-2026","ZAGGLE","ZAGGLE PREPA OCEAN SER L","131"
"28-SEP-2026","ACMESOLAR","ACME SOLAR HOLDINGS LTD","100"
"28-SEP-2026","ADANIENT","ADANI ENTERPRISES LIMITED","3"
"28-SEP-2026","ATHERENERG","ATHER ENERGY LIMITED","11"
"28-SEP-2026","BAJAJHLDNG","BAJAJ HOLDINGS & INVS LTD","75"
"28-SEP-2026","BANKBARODA","BANK OF BARODA","5"
"28-SEP-2026","BDL","BHARAT DYNAMICS LIMITED","129"
"28-SEP-2026","BHEL","BHEL","5"
"28-SEP-2026","CGPOWER","CG POWER AND INDUSTRIAL SOLUTIONS LIMITED","20"
"28-SEP-2026","COALINDIA","COALINDIA","23"
"28-SEP-2026","COCHINSHIP","COCHIN SHIPYARD LIMITED","400"
"28-SEP-2026","CONFIPET","CONFIDENCE PETRO IND LTD.","1"
"28-SEP-2026","DRREDDY","DR. REDDY'S LABORATORIES","50"
"28-SEP-2026","EMAMILTD","EMAMI LIMITED","2"
"28-SEP-2026","FEDERALBNK","FEDERAL BANK LTD","1"
"28-SEP-2026","FORCEMOT","FORCE MOTORS LIMITED","325"
"28-SEP-2026","FORTIS","FORTIS HEALTHCARE (I) LTD","20"
"28-SEP-2026","GAIL","GAIL (INDIA) LTD","3,500"
"28-SEP-2026","GLENMARK","GLENMARK PHARMACEUTICALS LIMITED","249"
"28-SEP-2026","GODIGIT","GO DIGIT GENERAL INS LTD","7"
"28-SEP-2026","GREAVESCOT","GREAVES COTTON LTD","1"
"28-SEP-2026","GVT&D","GE VERNOVA T&D INDIA LTD","1,750"
"28-SEP-2026","HBLENGINE","HBL ENGINEERING LTD","5"
"28-SEP-2026","HDFCBANK","HDFC BANK LTD","130"
"28-SEP-2026","HEROMOTOCO","HERO MOTOCORP LTD","9"
"28-SEP-2026","HINDUNILVR","HINDUSTAN UNILEVER LTD.","1"
"28-SEP-2026","IEX","INDIAN ENERGY EXCHANGE LIMITED","270"
"28-SEP-2026","IFCI","IFCI LTD","10"
"28-SEP-2026","INDUSINDBK","INDUSIND BANK LIMITED","5"
"28-SEP-2026","INFY","INFOSYS TECHNOLOGIES LTD","9"
"28-SEP-2026","INGERRAND","INGERSOLL-RAND INDIA LTD","9"
"28-SEP-2026","IREDA","INDIAN RENEWABLE ENERGY","1"
"28-SEP-2026","IRFC","IRFC","16,275"
"28-SEP-2026","ITC","ITC LTD","10"
"28-SEP-2026","KAYNES","KAYNES TECHNOLOGY IND LTD","21"
"28-SEP-2026","KEI","KEI INDUSTRIES LTD.      ","90"
"28-SEP-2026","KOTAKBANK","KOTAK MAHINDRA BANK LTD","626"
"28-SEP-2026","MAZDOCK","MAZAGON DOCK SHIPBUIL LTD","5,850"
"28-SEP-2026","MOIL","MOIL LIMITED     ","34"
"28-SEP-2026","NAM-INDIA","NIPPON L I A M LTD","65"
"28-SEP-2026","NAUKRI","INFO EDGE (I) LTD","4"
"28-SEP-2026","NHPC","NHPC LTD","4,000"
"28-SEP-2026","NIFTYBETA","UTIAMC-NIFTYBETA","2"
"28-SEP-2026","ONGC","OIL AND NATURAL GAS CORP.","2"
"28-SEP-2026","PAISALO","PAISALO DIGITAL LIMITED","1"
"28-SEP-2026","PARAGMILK","PARAG MILK FOODS LTD.   ","1"
"28-SEP-2026","PAYTM","ONE 97 COMMUNICATIONS LTD","17"
"28-SEP-2026","PCJEWELLER","PC JEWELLER LTD          ","1"
"28-SEP-2026","PENIND","PENNAR INDUSTRIES LTD","1"
"28-SEP-2026","PETRONET","PETRONET LNG LIMITED","27,747"
"28-SEP-2026","PHOENIXLTD","THE PHOENIX MILLS LIMITED","287"
"28-SEP-2026","PNB","PUNJAB NATIONAL BANK","569"
"28-SEP-2026","PRESTIGE","PRESTIGE ESTATES PROJECTS LIMITED","1"
"28-SEP-2026","RBA","RESTAURANT BRAND ASIA LTD","1"
"28-SEP-2026","RSYSTEMS","R SYS INTERNATIONAL LTD","4,06,277"
"28-SEP-2026","SAMBHV","SAMBHV STEEL TUBES LTD","1"
"28-SEP-2026","SBILIFE","SBI LIFE INSURANCE COMPANY LIMITED","5"
"28-SEP-2026","SHAILY","SHAILY ENG PLASTICS LTD","5"
"28-SEP-2026","SHAKTIPUMP","SHAKTI PUMPS (I) LTD","500"
"28-SEP-2026","SOUTHBANK","THE SOUTH INDIAN BANK LTD","16,950"
"28-SEP-2026","SUNFLAG","SUNFLAG IRON AND STEEL CO","2,669"
"28-SEP-2026","SUZLON","SUZLON ENERGY LIMITED","600"
"28-SEP-2026","TATACONSUM","TATA CONSUMER PRODUCT","5"
"28-SEP-2026","TCS","TATA CONSULTANCY SERV LT","200"
"28-SEP-2026","TFCILTD","TOURISM FINANCE CORP.","1"
"28-SEP-2026","TITAN","TITAN INDUSTRIES LTD","2"
"28-SEP-2026","TVSMOTOR","TVS MOTOR COMPANY  LTD","875"
"28-SEP-2026","UNITDSPR","UNITED SPIRITS LIMITED","134"
"28-SEP-2026","VOLTAS","VOLTAS LTD","235"
"28-SEP-2026","ZENSARTECH","ZENSAR TECHNOLOGIES  LTD ","492"
"29-SEP-2026","ABB","ABB LTD.","7,344"
"29-SEP-2026","ABCAPITAL","ADITYA BIRLA CAPITAL LIMITED","8,391"
"29-SEP-2026","ADANIENT","ADANI ENTERPRISES LIMITED","5,057"
"29-SEP-2026","ADANIGREEN","ADANI GREEN ENERGY LTD","1,755"
"29-SEP-2026","ADANIPORTS","ADANI PORT & SEZ LTD","76,031"
"29-SEP-2026","AEQUS","AEQUS LIMITED","301"
"29-SEP-2026","ALKEM","ALKEM LABORATORIES LTD.","625"
"29-SEP-2026","AMBER","AMBER ENTERPRISES (I) LTD","2,447"
"29-SEP-2026","AMBUJACEM","AMBUJA CEMENTS LTD","1,500"
"29-SEP-2026","ANGELONE","ANGEL ONE LTD","550"
"29-SEP-2026","APLAPOLLO","APL APOLLO TUBES LTD","1,750"
"29-SEP-2026","APOLLOHOSP","APOLLO HOSPITALS ENTERPRISE LIMITED","5,514"
"29-SEP-2026","ASHOKLEY","ASHOK LEYLAND LTD","55,998"
"29-SEP-2026","ASIANPAINT","ASIAN PAINTS LIMITED","10"
"29-SEP-2026","ATHERENERG","ATHER ENERGY LIMITED","100"
"29-SEP-2026","AUBANK","AU SMALL FINANCE BANK LIMITED","26,000"
"29-SEP-2026","AUROPHARMA","AUROBINDO PHARMA LTD","11,539"
"29-SEP-2026","AWFIS","AWFIS SPACE SOLUTIONS LTD","10"
"29-SEP-2026","AXISBANK","AXIS BANK LIMITED","3,463"
"29-SEP-2026","AXISCADES","AXISCADES ENGG TECH LTD  ","1,189"
"29-SEP-2026","BAJAJ-AUTO","BAJAJ AUTO LIMITED","225"
"29-SEP-2026","BAJAJFINSV","BAJAJ FINSERV LIMITED","900"
"29-SEP-2026","BAJAJHLDNG","BAJAJ HOLDINGS & INVS LTD","328"
"29-SEP-2026","BANDHANBNK","BANDHAN BANK LIMITED","3,601"
"29-SEP-2026","BANKBARODA","BANK OF BARODA","1,100"
"29-SEP-2026","BANKINDIA","BANK OF INDIA","5,200"
"29-SEP-2026","BDL","BHARAT DYNAMICS LIMITED","4,250"
"29-SEP-2026","BEL","BHARAT ELECTRONICS LTD","5,815"
"29-SEP-2026","BHARATFORG","BHARAT FORGE LTD","500"
"29-SEP-2026","BHARTIARTL","BHARTI AIRTEL LIMITED","475"
"29-SEP-2026","BHEL","BHEL","4,406"
"29-SEP-2026","BIOCON","BIOCON LIMITED.","1,427"
"29-SEP-2026","BLUESTARCO","BLUE STAR LIMITED","335"
"29-SEP-2026","BNKETFAXIS","AXISAMC-BNKETFAXIS","127"
"29-SEP-2026","BOSCHLTD","BOSCH LIMITED","475"
"29-SEP-2026","BPCL","BHARAT PETROLEUM CORP  LT","7,900"
"29-SEP-2026","BRITANNIA","BRITANNIA INDUSTRIES LIMITED","375"
"29-SEP-2026","BSE","BSE LIMITED","11,433"
"29-SEP-2026","CANBK","CANARA BANK","20,250"
"29-SEP-2026","CDSL","CENTRAL DEPOSITORY SERVICES (INDIA) LIMITED","1,425"
"29-SEP-2026","CGPOWER","CG POWER AND INDUSTRIAL SOLUTIONS LIMITED","26,946"
"29-SEP-2026","CIPLA","CIPLA LTD","2,451"
"29-SEP-2026","COALINDIA","COALINDIA","1,67,805"
"29-SEP-2026","COCHINSHIP","COCHIN SHIPYARD LIMITED","2,780"
"29-SEP-2026","COFORGE","COFORGE LIMITED","39,050"
"29-SEP-2026","COLPAL","COLGATE PALMOLIVE LTD.","6,825"
"29-SEP-2026","CONCOR","CONTAINER CORP OF IND LTD","10,810"
"29-SEP-2026","CROMPTON","CROMPT GREA CON ELEC LTD  ","2,814"
"29-SEP-2026","CUMMINSIND","CUMMINS INDIA LTD","375"
"29-SEP-2026","CUPID","CUPID LIMITED","910"
"29-SEP-2026","DELHIVERY","DELHIVERY LIMITED","200"
"29-SEP-2026","DIVISLAB","DIVI'S LABORATORIES LTD","800"
"29-SEP-2026","DIXON","DIXON TECHNO (INDIA) LTD","343"
"29-SEP-2026","DLF","DLF LIMITED","1,96,169"
"29-SEP-2026","DRREDDY","DR. REDDY'S LABORATORIES","3,810"
"29-SEP-2026","EICHERMOT","EICHER MOTORS LIMITED","300"
"29-SEP-2026","ETERNAL","ETERNAL LIMITED","9,548"
"29-SEP-2026","FEDERALBNK","FEDERAL BANK LTD","2,769"
"29-SEP-2026","FORCEMOT","FORCE MOTORS LIMITED","550"
"29-SEP-2026","GLENMARK","GLENMARK PHARMACEUTICALS LIMITED","761"
"29-SEP-2026","GMDCLTD","GUJARAT MINERAL DEV CORP","1"
"29-SEP-2026","GMRAIRPORT","GMR AIRPORTS LIMITED","13,950"
"29-SEP-2026","GODFRYPHLP","GODFREY PHILLIPS INDIA LT","3,850"
"29-SEP-2026","GODREJPROP","GODREJ PROPERTIES LTD","325"
"29-SEP-2026","GOLDIAM","GOLDIAM INTERNATIONAL LTD","1"
"29-SEP-2026","GRASIM","GRASIM INDUSTRIES LTD","750"
"29-SEP-2026","GVPIL","GE POWER INDIA LIMITED","401"
"29-SEP-2026","GVT&D","GE VERNOVA T&D INDIA LTD","148"
"29-SEP-2026","HAL","HINDUSTAN AERONAUTICS LTD","34,193"
"29-SEP-2026","HCLTECH","HCL TECHNOLOGIES LTD","3,601"
"29-SEP-2026","HDFCAMC","HDFC AMC LIMITED","1,090"
"29-SEP-2026","HDFCBANK","HDFC BANK LTD","18,707"
"29-SEP-2026","HDFCLIFE","HDFC STANDARD LIFE INSURANCE COMPANY LIMITED","14,291"
"29-SEP-2026","HEROMOTOCO","HERO MOTOCORP LTD","2,667"
"29-SEP-2026","HINDALCO","HINDALCO  INDUSTRIES  LTD","4,900"
"29-SEP-2026","HINDPETRO","HINDUSTAN PETROLEUM CORP","2,829"
"29-SEP-2026","HINDUNILVR","HINDUSTAN UNILEVER LTD.","595"
"29-SEP-2026","HINDZINC","HINDUSTAN ZINC LIMITED","5,675"
"29-SEP-2026","HYUNDAI","HYUNDAI MOTOR INDIA LTD","3,313"
"29-SEP-2026","ICICIBANK","ICICI BANK LTD.","3,969"
"29-SEP-2026","IDEA","Vodafone Idea Limited","1,05,450"
"29-SEP-2026","IEX","INDIAN ENERGY EXCHANGE LIMITED","1,08,699"
"29-SEP-2026","IGIL","INTERNATIO GEMM INS (I) L","80"
"29-SEP-2026","INDIANB","INDIAN BANK","1,000"
"29-SEP-2026","INDIGO","INTERGLOBE AVIATION LTD  ","444"
"29-SEP-2026","INDUSINDBK","INDUSIND BANK LIMITED","4,200"
"29-SEP-2026","INDUSTOWER","INDUS","5,428"
"29-SEP-2026","INFY","INFOSYS TECHNOLOGIES LTD","19,091"
"29-SEP-2026","INOXWIND","INOX WIND LIMITED        ","19,196"
"29-SEP-2026","IOC","INDIAN OIL CORP LTD","4,875"
"29-SEP-2026","IRFC","IRFC","1,21,230"
"29-SEP-2026","ITC","ITC LTD","5,184"
"29-SEP-2026","IXIGO","LE TRAVENUES TECHNOLOGY L","1"
"29-SEP-2026","JIOFIN","JIO FIN SERVICES LTD","9,400"
"29-SEP-2026","JSWENERGY","JSW ENERGY LIMITED","2,225"
"29-SEP-2026","JSWSTEEL","JSW STEEL LIMITED","3,380"
"29-SEP-2026","KALYANKJIL","KALYAN JEWELLERS IND LTD","4,050"
"29-SEP-2026","KAYNES","KAYNES TECHNOLOGY IND LTD","2,550"
"29-SEP-2026","KFINTECH","KFIN TECHNOLOGIES LIMITED","7,829"
"29-SEP-2026","KIRLOSENG","KIRLOSENG","162"
"29-SEP-2026","KOTAKBANK","KOTAK MAHINDRA BANK LTD","6,000"
"29-SEP-2026","KPIGREEN","KPI GREEN ENERGY LIMITED","1"
"29-SEP-2026","KPITTECH","KPIT TECHNOLOGIES LTD","15,501"
"29-SEP-2026","KPRMILL","KPRMILL","100"
"29-SEP-2026","KTKBANK","KARNATAKA BANK LIMITED","4,500"
"29-SEP-2026","LATENTVIEW","LATENT VIEW ANALYTICS LTD","10"
"29-SEP-2026","LAURUSLABS","LAURUS LABS LIMITED","39,100"
"29-SEP-2026","LICHSGFIN","LIC HOUSING FINANCE LTD","27,930"
"29-SEP-2026","LICI","LIFE INSURA CORP OF INDIA","1,400"
"29-SEP-2026","LIQUIDBEES","NIP IND ETF LIQUID BEES","274"
"29-SEP-2026","LLOYDSENGG","LLOYDS ENGG WORK LIMITED","20"
"29-SEP-2026","LLOYDSENT","LLOYDS ENTERPRISES LTD","2"
"29-SEP-2026","LODHA","LODHA","17,500"
"29-SEP-2026","LT","LARSEN & TOUBRO LTD.","5,825"
"29-SEP-2026","LTM","LTIMINDTREE LIMITED","1,050"
"29-SEP-2026","LUPIN","LUPIN LIMITED","1,675"
"29-SEP-2026","M&M","MAHINDRA & MAHINDRA LTD","600"
"29-SEP-2026","MANAPPURAM","MANAPPURAM FINANCE LTD","890"
"29-SEP-2026","MANINDS","MAN INDUSTRIES (I) LTD.  ","125"
"29-SEP-2026","MANKIND","MANKIND PHARMA LIMITED","9,845"
"29-SEP-2026","MARICO","MARICO LIMITED","6,000"
"29-SEP-2026","MARUTI","MARUTI SUZUKI INDIA LTD.","1,779"
"29-SEP-2026","MAXHEALTH","MAX HEALTHCARE INS LTD","1,050"
"29-SEP-2026","MAZDOCK","MAZAGON DOCK SHIPBUIL LTD","2"
"29-SEP-2026","MCX","MULTI COMMODITY EXCHANGE OF INDIA LIMITED","19,296"
"29-SEP-2026","MOTHERSON","SAMVRDHNA MTHRSN INT","2,17,284"
"29-SEP-2026","MOTILALOFS","MOTILAL OSWAL FIN LTD   ","5,425"
"29-SEP-2026","MPHASIS","MPHASIS LIMITED","3,300"
"29-SEP-2026","MRPL","MRPL","53"
"29-SEP-2026","MUTHOOTFIN","MUTHOOT FINANCE LIMITED","10,996"
"29-SEP-2026","NAM-INDIA","NIPPON L I A M LTD","3,381"
"29-SEP-2026","NATIONALUM","NATIONAL ALUMINIUM CO LTD","7,518"
"29-SEP-2026","NAUKRI","INFO EDGE (I) LTD","1,100"
"29-SEP-2026","NAZARA","NAZARA TECHNOLOGIES LTD","20"
"29-SEP-2026","NBCC","NATIONAL BUILDINGS LTD   ","10,498"
"29-SEP-2026","NESTLEIND","NESTLE INDIA LIMITED","1,249"
"29-SEP-2026","NHPC","NHPC LTD","12,261"
"29-SEP-2026","NMDC","NMDC LTD.","74,250"
"29-SEP-2026","NTPC","NTPC LTD","3,306"
"29-SEP-2026","NYKAA","FSN E COMMERCE VENTURES","3,125"
"29-SEP-2026","OBEROIRLTY","OBEROI REALTY LIMITED","1,400"
"29-SEP-2026","OFSS","Oracle Financial Services Software Limited","1,045"
"29-SEP-2026","OIL","OIL INDIA LTD","22,556"
"29-SEP-2026","OLAELEC","OLA ELECTRIC MOBILITY LTD","29,539"
"29-SEP-2026","ONGC","OIL AND NATURAL GAS CORP.","89,995"
"29-SEP-2026","PAGEIND","PAGE INDUSTRIES LTD","720"
"29-SEP-2026","PARAGMILK","PARAG MILK FOODS LTD.   ","1"
"29-SEP-2026","PATANJALI","PATANJALI FOODS LIMITED","2,150"
"29-SEP-2026","PAYTM","ONE 97 COMMUNICATIONS LTD","9,426"
"29-SEP-2026","PERSISTENT","PERSISTENT SYSTEMS LTD","13,745"
"29-SEP-2026","PFC","POWER FIN CORP LTD.","2"
"29-SEP-2026","PGEL","PG ELECTROPLAST LTD","6,325"
"29-SEP-2026","PIDILITIND","PIDILITE INDUSTRIES LIMITED","1,000"
"29-SEP-2026","PIIND","PI INDUSTRIES LTD        ","27,125"
"29-SEP-2026","PIRAMALFIN","PIRAMAL FINANCE LIMITED","20"
"29-SEP-2026","PNB","PUNJAB NATIONAL BANK","40,000"
"29-SEP-2026","PNBHOUSING","PNB HOUSING FIN LTD.   ","6,697"
"29-SEP-2026","POLICYBZR","PB FINTECH LIMITED","17,482"
"29-SEP-2026","POLYCAB","POLYCAB INDIA LIMITED","948"
"29-SEP-2026","POWERGRID","POWER GRID CORP. LTD.","26,079"
"29-SEP-2026","POWERINDIA","ABB POWER PRO N SYS IND L","274"
"29-SEP-2026","PREMIERENE","PREMIER ENERGIES LIMITED","6,584"
"29-SEP-2026","PRESTIGE","PRESTIGE ESTATES PROJECTS LIMITED","5,642"
"29-SEP-2026","RADICO","RADICO KHAITAN LIMITED","22,650"
"29-SEP-2026","RAYMOND","RAYMOND LIMITED","583"
"29-SEP-2026","RBLBANK","RBL BANK LIMITED    ","18,714"
"29-SEP-2026","RECLTD","RURAL ELEC CORP. LTD.","1,325"
"29-SEP-2026","RELIANCE","RELIANCE INDUSTRIES LTD","1,001"
"29-SEP-2026","RPGLIFE","RPG LIFE SCIENCES LTD","2"
"29-SEP-2026","RSYSTEMS","R SYS INTERNATIONAL LTD","16,460"
"29-SEP-2026","RVNL","RVNL","7,705"
"29-SEP-2026","SANSERA","SANSERA ENGINEERING LTD","1"
"29-SEP-2026","SATIN","SATIN CREDITCARE NETWORK LIMITED","90"
"29-SEP-2026","SBICARD","SBI CARDS & PAY SER LTD","800"
"29-SEP-2026","SBILIFE","SBI LIFE INSURANCE COMPANY LIMITED","1,271"
"29-SEP-2026","SBIN","STATE BANK OF INDIA","4,026"
"29-SEP-2026","SENSEXBETA","UTIAMC-SENSEXBETA","105"
"29-SEP-2026","SHREECEM","SHREE CEMENTS LTD","150"
"29-SEP-2026","SHRIRAMFIN","SHRIRAM FINANCE LIMITED","825"
"29-SEP-2026","SIEMENS","SIEMENS LTD","175"
"29-SEP-2026","SIS","SECURITY AND INTELLIGENCE SERVICES (INDIA) LIMITED","1"
"29-SEP-2026","SOLARINDS","SOLAR INDUSTRIES (I) LTD","100"
"29-SEP-2026","SONACOMS","SONA BLW PRECISION FRGS L","11,025"
"29-SEP-2026","SRF","SRF LTD","1"
"29-SEP-2026","SSWL","STEEL STRIPS WHEELS LTD.","1"
"29-SEP-2026","SUNFLAG","SUNFLAG IRON AND STEEL CO","10"
"29-SEP-2026","SUNPHARMA","SUN PHARMACEUTICALS IND.","1,350"
"29-SEP-2026","SUPREMEIND","SUPREME INDUSTRIES LTD","2,100"
"29-SEP-2026","SUZLON","SUZLON ENERGY LIMITED","36,940"
"29-SEP-2026","SWIGGY","SWIGGY LIMITED","43,800"
"29-SEP-2026","TATACAP","TATA CAPITAL LIMITED","50"
"29-SEP-2026","TATAELXSI","TATA ELXSI LIMITED       ","500"
"29-SEP-2026","TATAPOWER","TATA POWER CO LTD","1,450"
"29-SEP-2026","TATASTEEL","TATA STEEL LIMITED","19,461"
"29-SEP-2026","TCS","TATA CONSULTANCY SERV LT","4,720"
"29-SEP-2026","TDPOWERSYS","TD POWER SYSTEMS LTD.","1,030"
"29-SEP-2026","TECHM","TECH MAHINDRA LIMITED","1"
"29-SEP-2026","THELEELA","SCHLOSS BANGALORE LIMITED","6"
"29-SEP-2026","TITAN","TITAN INDUSTRIES LTD","5,425"
"29-SEP-2026","TMPV","TATA MOTORS PASS VEH LTD","16,896"
"29-SEP-2026","TORNTPHARM","TORRENT PHARMACEUTICALS L","695"
"29-SEP-2026","TRENT","TRENT LIMITED","225"
"29-SEP-2026","TVSMOTOR","TVS MOTOR COMPANY  LTD","1,013"
"29-SEP-2026","ULTRACEMCO","ULTRATECH CEMENT LIMITED","100"
"29-SEP-2026","UNIONBANK","UNION BANK OF INDIA","53,100"
"29-SEP-2026","UNITDSPR","UNITED SPIRITS LIMITED","608"
"29-SEP-2026","UTKARSHBNK","UTKARSH SMALL FIN BANK L","1,000"
"29-SEP-2026","VBL","VARUN BEVERAGES LIMITED    ","1,91,250"
"29-SEP-2026","VEDL","VEDANTA LIMITED","1,75,453"
"29-SEP-2026","VESUVIUS","VESUVIUS INDIA LTD","1"
"29-SEP-2026","VMM","VISHAL MEGA MART LIMITED","24,440"
"29-SEP-2026","VOLTAMP","VOLTAMP TRANSFORMERS LTD","20"
"29-SEP-2026","VOLTAS","VOLTAS LTD","5,250"
"29-SEP-2026","WAAREEENER","WAAREE ENERGIES LIMITED","150"
"29-SEP-2026","WIPRO","WIPRO LTD","1,76,491"
"29-SEP-2026","YESBANK","YES BANK LIMITED","1,80,475"
"29-SEP-2026","ZYDUSLIFE","ZYDUS LIFESCIENCES","26,215"